[2026-06-28 19:05:54] 开始获取全市场A股实时行情...
[2026-06-28 19:07:01] 获取到 5867 条股票数据
[2026-06-28 19:07:01] 列映射: {'code': '代码', 'name': '名称', 'price': '最新价', 'change_pct': '年初至今涨跌幅', 'amount': '成交额', 'turnover': '换手率'}
[2026-06-28 19:07:02] 预筛选候选股票: 4876 只
[2026-06-28 19:07:02] [1/4876] 处理 001399 N惠科...
[2026-06-28 19:07:02] [2/4876] 处理 920363 莱赛激光...
[2026-06-28 19:07:03] [3/4876] 处理 920405 海希通讯...
[2026-06-28 19:07:03] [4/4876] 处理 300264 佳创视讯...
[2026-06-28 19:07:04] [5/4876] 处理 301349 信德新材...
[2026-06-28 19:07:04] [6/4876] 处理 688432 有研硅...
[2026-06-28 19:07:04] [7/4876] 处理 688596 正帆科技...
[2026-06-28 19:07:05] [8/4876] 处理 688409 富创精密...
[2026-06-28 19:07:05] [9/4876] 处理 301051 信濠光电...
[2026-06-28 19:07:06] [10/4876] 处理 300162 雷曼光电...
[2026-06-28 19:07:06] [11/4876] 处理 300540 蜀道装备...
[2026-06-28 19:07:07] [12/4876] 处理 300338 *ST开元...
[2026-06-28 19:07:07] [13/4876] 处理 688584 上海合晶...
[2026-06-28 19:07:08] [14/4876] 处理 300668 杰恩股份...
[2026-06-28 19:07:08] [15/4876] 处理 688156 路德科技...
[2026-06-28 19:07:09] [16/4876] 处理 300260 新莱应材...
[2026-06-28 19:07:09] [17/4876] 处理 300749 顶固集创...
[2026-06-28 19:07:10] [18/4876] 处理 300088 长信科技...
[2026-06-28 19:07:10] [19/4876] 处理 920438 戈碧迦...
[2026-06-28 19:07:11] [20/4876] 处理 300592 华凯易佰...
[2026-06-28 19:07:11] [21/4876] 处理 688392 骄成超声...
[2026-06-28 19:07:11] [22/4876] 处理 301096 百诚医药...
[2026-06-28 19:07:12] [23/4876] 处理 300877 金春股份...
[2026-06-28 19:07:12] [24/4876] 处理 300084 海默科技...
[2026-06-28 19:07:13] [25/4876] 处理 301236 软通动力...
[2026-06-28 19:07:13] [26/4876] 处理 300762 上海瀚讯...
[2026-06-28 19:07:14] [27/4876] 处理 688328 深科达...
[2026-06-28 19:07:14] [28/4876] 处理 688272 富吉瑞...
[2026-06-28 19:07:15] [29/4876] 处理 688168 安博通...
[2026-06-28 19:07:15] [30/4876] 处理 920402 硅烷科技...
[2026-06-28 19:07:16] [31/4876] 处理 301611 珂玛科技...
[2026-06-28 19:07:16] [32/4876] 处理 688818 电科蓝天...
[2026-06-28 19:07:17] [33/4876] 处理 920961 创远信科...
[2026-06-28 19:07:17] [34/4876] 处理 300720 海川智能...
[2026-06-28 19:07:18] [35/4876] 处理 688028 沃尔德...
[2026-06-28 19:07:18] [36/4876] 处理 688535 华海诚科...
[2026-06-28 19:07:18] [37/4876] 处理 600545 卓郎智能...
[2026-06-28 19:07:19] [38/4876] 处理 601016 节能风电...
[2026-06-28 19:07:19] [39/4876] 处理 002930 宏川智慧...
[2026-06-28 19:07:20]   → 60日跌幅 -32.69%，符合条件！
[2026-06-28 19:07:20] [40/4876] 处理 603861 白云电器...
[2026-06-28 19:07:20] [41/4876] 处理 002910 庄园牧场...
[2026-06-28 19:07:21] [42/4876] 处理 603903 中持股份...
[2026-06-28 19:07:21] [43/4876] 处理 002129 TCL中环...
[2026-06-28 19:07:22] [44/4876] 处理 605399 晨光新材...
[2026-06-28 19:07:22] [45/4876] 处理 605366 宏柏新材...
[2026-06-28 19:07:23] [46/4876] 处理 605296 神农集团...
[2026-06-28 19:07:23] [47/4876] 处理 002253 川大智胜...
[2026-06-28 19:07:23] [48/4876] 处理 600962 国投中鲁...
[2026-06-28 19:07:24] [49/4876] 处理 001210 金房能源...
[2026-06-28 19:07:24] [50/4876] 处理 002559 亚威股份...
[2026-06-28 19:07:25] [51/4876] 处理 600343 航天动力...
[2026-06-28 19:07:25] [52/4876] 处理 002962 五方光电...
[2026-06-28 19:07:26] [53/4876] 处理 002965 祥鑫科技...
[2026-06-28 19:07:26] [54/4876] 处理 002119 康强电子...
[2026-06-28 19:07:27] [55/4876] 处理 000823 超声电子...
[2026-06-28 19:07:27] [56/4876] 处理 600481 双良节能...
[2026-06-28 19:07:28] [57/4876] 处理 601133 柏诚股份...
[2026-06-28 19:07:28] [58/4876] 处理 002568 百润股份...
[2026-06-28 19:07:29] [59/4876] 处理 001400 江顺科技...
[2026-06-28 19:07:29] [60/4876] 处理 001270 铖昌科技...
[2026-06-28 19:07:29] [61/4876] 处理 002106 莱宝高科...
[2026-06-28 19:07:30] [62/4876] 处理 001389 广合科技...
[2026-06-28 19:07:30] [63/4876] 处理 001215 千味央厨...
[2026-06-28 19:07:31] [64/4876] 处理 603650 彤程新材...
[2026-06-28 19:07:31] [65/4876] 处理 002674 兴业科技...
[2026-06-28 19:07:32] [66/4876] 处理 603687 大胜达...
[2026-06-28 19:07:32] [67/4876] 处理 600367 红星发展...
[2026-06-28 19:07:33] [68/4876] 处理 003033 征和工业...
[2026-06-28 19:07:33] [69/4876] 处理 603698 航天工程...
[2026-06-28 19:07:34] [70/4876] 处理 603261 立航科技...
[2026-06-28 19:07:34] [71/4876] 处理 603163 圣晖集成...
[2026-06-28 19:07:35] [72/4876] 处理 600552 凯盛科技...
[2026-06-28 19:07:35] [73/4876] 处理 600118 中国卫星...
[2026-06-28 19:07:35] [74/4876] 处理 603722 阿科力...
[2026-06-28 19:07:36] [75/4876] 处理 603956 威派格...
[2026-06-28 19:07:36] [76/4876] 处理 603194 中力股份...
[2026-06-28 19:07:37] [77/4876] 处理 603270 金帝股份...
[2026-06-28 19:07:37] [78/4876] 处理 603977 国泰集团...
[2026-06-28 19:07:38] [79/4876] 处理 002180 奔图科技...
[2026-06-28 19:07:38] [80/4876] 处理 603928 兴业股份...
[2026-06-28 19:07:39] [81/4876] 处理 600539 狮头股份...
[2026-06-28 19:07:39] [82/4876] 处理 603155 新亚强...
[2026-06-28 19:07:40] [83/4876] 处理 000620 盈新发展...
[2026-06-28 19:07:40] [84/4876] 处理 601369 陕鼓动力...
[2026-06-28 19:07:41] [85/4876] 处理 002354 天娱数科...
[2026-06-28 19:07:41] [86/4876] 处理 002141 贤丰控股...
[2026-06-28 19:07:41] [87/4876] 处理 300102 乾照光电...
[2026-06-28 19:07:42] [88/4876] 处理 300243 瑞丰高材...
[2026-06-28 19:07:42] [89/4876] 处理 920489 佳先股份...
[2026-06-28 19:07:43] [90/4876] 处理 688663 新风光...
[2026-06-28 19:07:43] [91/4876] 处理 688359 三孚新科...
[2026-06-28 19:07:44] [92/4876] 处理 300727 润禾材料...
[2026-06-28 19:07:44] [93/4876] 处理 300900 广联航空...
[2026-06-28 19:07:45] [94/4876] 处理 300382 斯莱克...
[2026-06-28 19:07:45] [95/4876] 处理 688102 斯瑞新材...
[2026-06-28 19:07:46] [96/4876] 处理 301526 国际复材...
[2026-06-28 19:07:46] [97/4876] 处理 688448 磁谷科技...
[2026-06-28 19:07:47] [98/4876] 处理 688003 天准科技...
[2026-06-28 19:07:47] [99/4876] 处理 301588 美新科技...
[2026-06-28 19:07:48] [100/4876] 处理 688665 四方光电...
[2026-06-28 19:07:48] [101/4876] 处理 001335 信凯科技...
[2026-06-28 19:07:48] [102/4876] 处理 300321 同大股份...
[2026-06-28 19:07:49] [103/4876] 处理 603938 三孚股份...
[2026-06-28 19:07:49] [104/4876] 处理 002456 欧菲光...
[2026-06-28 19:07:50] [105/4876] 处理 688349 三一重能...
[2026-06-28 19:07:50] [106/4876] 处理 603065 宿迁联盛...
[2026-06-28 19:07:51] [107/4876] 处理 300776 帝尔激光...
[2026-06-28 19:07:51] [108/4876] 处理 300821 东岳硅材...
[2026-06-28 19:07:52] [109/4876] 处理 920970 大禹生物...
[2026-06-28 19:07:52] [110/4876] 处理 600206 有研新材...
[2026-06-28 19:07:53] [111/4876] 处理 300398 飞凯材料...
[2026-06-28 19:07:53] [112/4876] 处理 300717 华信新材...
[2026-06-28 19:07:53] [113/4876] 处理 301629 矽电股份...
[2026-06-28 19:07:54] [114/4876] 处理 688519 南亚新材...
[2026-06-28 19:07:54] [115/4876] 处理 000668 荣丰控股...
[2026-06-28 19:07:55] [116/4876] 处理 003036 泰坦股份...
[2026-06-28 19:07:55] [117/4876] 处理 688772 珠海冠宇...
[2026-06-28 19:07:56] [118/4876] 处理 688387 信科移动-U...
[2026-06-28 19:07:56] [119/4876] 处理 300212 *ST易录...
[2026-06-28 19:07:57] [120/4876] 处理 300420 五洋自控...
[2026-06-28 19:07:57] [121/4876] 处理 600520 三佳科技...
[2026-06-28 19:07:58] [122/4876] 处理 300666 江丰电子...
[2026-06-28 19:07:58] [123/4876] 处理 002617 露笑科技...
[2026-06-28 19:07:59] [124/4876] 处理 301188 力诺药包...
[2026-06-28 19:07:59] [125/4876] 处理 301232 飞沃科技...
[2026-06-28 19:07:59] [126/4876] 处理 603661 恒林股份...
[2026-06-28 19:08:00] [127/4876] 处理 301392 汇成真空...
[2026-06-28 19:08:00] [128/4876] 处理 000703 恒逸石化...
[2026-06-28 19:08:01] [129/4876] 处理 603256 宏和科技...
[2026-06-28 19:08:01] [130/4876] 处理 002208 合肥城建...
[2026-06-28 19:08:02] [131/4876] 处理 301046 能辉科技...
[2026-06-28 19:08:02] [132/4876] 处理 603281 江瀚新材...
[2026-06-28 19:08:03] [133/4876] 处理 688605 先锋精科...
[2026-06-28 19:08:03] [134/4876] 处理 002787 华源控股...
[2026-06-28 19:08:04] [135/4876] 处理 600619 海立股份...
[2026-06-28 19:08:04] [136/4876] 处理 002668 TCL智家...
[2026-06-28 19:08:04] [137/4876] 处理 603010 万盛股份...
[2026-06-28 19:08:05] [138/4876] 处理 605376 博迁新材...
[2026-06-28 19:08:05] [139/4876] 处理 002579 中京电子...
[2026-06-28 19:08:06] [140/4876] 处理 601636 旗滨集团...
[2026-06-28 19:08:06] [141/4876] 处理 002225 濮耐股份...
[2026-06-28 19:08:07] [142/4876] 处理 688361 中科飞测...
[2026-06-28 19:08:07] [143/4876] 处理 605358 立昂微...
[2026-06-28 19:08:08] [144/4876] 处理 300293 蓝英装备...
[2026-06-28 19:08:08] [145/4876] 处理 300801 泰和科技...
[2026-06-28 19:08:09] [146/4876] 处理 002859 洁美科技...
[2026-06-28 19:08:09] [147/4876] 处理 688720 艾森股份...
[2026-06-28 19:08:10] [148/4876] 处理 603324 盛剑科技...
[2026-06-28 19:08:10] [149/4876] 处理 300780 德恩精工...
[2026-06-28 19:08:10] [150/4876] 处理 301138 华研精机...
[2026-06-28 19:08:11] [151/4876] 处理 001309 德明利...
[2026-06-28 19:08:11] [152/4876] 处理 688603 天承科技...
[2026-06-28 19:08:12] [153/4876] 处理 688037 芯源微...
[2026-06-28 19:08:12] [154/4876] 处理 002202 金风科技...
[2026-06-28 19:08:13] [155/4876] 处理 000920 沃顿科技...
[2026-06-28 19:08:13] [156/4876] 处理 003009 中天火箭...
[2026-06-28 19:08:14] [157/4876] 处理 688516 奥特维...
[2026-06-28 19:08:14] [158/4876] 处理 300320 海达股份...
[2026-06-28 19:08:15] [159/4876] 处理 000551 创元科技...
[2026-06-28 19:08:15] [160/4876] 处理 300440 运达科技...
[2026-06-28 19:08:15] [161/4876] 处理 600667 太极实业...
[2026-06-28 19:08:16] [162/4876] 处理 920576 天力复合...
[2026-06-28 19:08:16] [163/4876] 处理 688507 索辰科技...
[2026-06-28 19:08:17] [164/4876] 处理 688110 东芯股份...
[2026-06-28 19:08:17] [165/4876] 处理 002741 光华科技...
[2026-06-28 19:08:18] [166/4876] 处理 300506 名家汇...
[2026-06-28 19:08:18] [167/4876] 处理 301421 波长光电...
[2026-06-28 19:08:19] [168/4876] 处理 301095 广立微...
[2026-06-28 19:08:19] [169/4876] 处理 605020 永和股份...
[2026-06-28 19:08:20] [170/4876] 处理 002182 宝武镁业...
[2026-06-28 19:08:20] [171/4876] 处理 002635 安洁科技...
[2026-06-28 19:08:21] [172/4876] 处理 300301 ST长方...
[2026-06-28 19:08:21] [173/4876] 处理 688115 思林杰...
[2026-06-28 19:08:22] [174/4876] 处理 688669 聚石化学...
[2026-06-28 19:08:22] [175/4876] 处理 001322 箭牌家居...
[2026-06-28 19:08:22] [176/4876] 处理 002587 奥拓电子...
[2026-06-28 19:08:23] [177/4876] 处理 002783 凯龙股份...
[2026-06-28 19:08:23] [178/4876] 处理 300259 新天科技...
[2026-06-28 19:08:24] [179/4876] 处理 300901 中胤时尚...
[2026-06-28 19:08:24] [180/4876] 处理 002983 芯瑞达...
[2026-06-28 19:08:25] [181/4876] 处理 002937 兴瑞科技...
[2026-06-28 19:08:25] [182/4876] 处理 603678 火炬电子...
[2026-06-28 19:08:26] [183/4876] 处理 002871 伟隆股份...
[2026-06-28 19:08:26] [184/4876] 处理 300840 酷特智能...
[2026-06-28 19:08:27] [185/4876] 处理 300323 华灿光电...
[2026-06-28 19:08:27] [186/4876] 处理 600879 航天电子...
[2026-06-28 19:08:27] [187/4876] 处理 600459 XD贵研铂...
[2026-06-28 19:08:28] [188/4876] 处理 301005 超捷股份...
[2026-06-28 19:08:28] [189/4876] 处理 002655 共达电声...
[2026-06-28 19:08:29] [190/4876] 处理 688426 康为世纪...
[2026-06-28 19:08:29] [191/4876] 处理 688550 瑞联新材...
[2026-06-28 19:08:30] [192/4876] 处理 688079 美迪凯...
[2026-06-28 19:08:30] [193/4876] 处理 601226 华电科工...
[2026-06-28 19:08:31] [194/4876] 处理 689009 九号公司-WD...
[2026-06-28 19:08:31] [195/4876] 处理 002132 恒星科技...
[2026-06-28 19:08:32] [196/4876] 处理 600770 综艺股份...
[2026-06-28 19:08:32] [197/4876] 处理 688233 神工股份...
[2026-06-28 19:08:33] [198/4876] 处理 300670 大烨智能...
[2026-06-28 19:08:33] [199/4876] 处理 603004 鼎龙科技...
[2026-06-28 19:08:33] [200/4876] 处理 300027 ST华谊...
[2026-06-28 19:08:34] [201/4876] 处理 688375 XD国博电...
[2026-06-28 19:08:34] [202/4876] 处理 300446 航天智造...
[2026-06-28 19:08:35] [203/4876] 处理 688656 浩欧博...
[2026-06-28 19:08:35] [204/4876] 处理 300219 鸿利智汇...
[2026-06-28 19:08:36] [205/4876] 处理 920077 吉林碳谷...
[2026-06-28 19:08:36] [206/4876] 处理 600783 XD鲁信创...
[2026-06-28 19:08:37] [207/4876] 处理 688170 德龙激光...
[2026-06-28 19:08:37] [208/4876] 处理 605006 山东玻纤...
[2026-06-28 19:08:38] [209/4876] 处理 300093 金刚光伏...
[2026-06-28 19:08:38] [210/4876] 处理 300721 怡达股份...
[2026-06-28 19:08:39] [211/4876] 处理 300537 广信材料...
[2026-06-28 19:08:39] [212/4876] 处理 603002 宏昌电子...
[2026-06-28 19:08:39] [213/4876] 处理 300342 天银机电...
[2026-06-28 19:08:40] [214/4876] 处理 002080 中材科技...
[2026-06-28 19:08:40] [215/4876] 处理 301257 普蕊斯...
[2026-06-28 19:08:41] [216/4876] 处理 000056 *ST皇庭...
[2026-06-28 19:08:41] [217/4876] 处理 002822 ST中装...
[2026-06-28 19:08:42] [218/4876] 处理 600007 XD中国国...
[2026-06-28 19:08:42] [219/4876] 处理 000609 *ST中迪...
[2026-06-28 19:08:43] [220/4876] 处理 920015 锦华新材...
[2026-06-28 19:08:43] [221/4876] 处理 600660 福耀玻璃...
[2026-06-28 19:08:44] [222/4876] 处理 000838 *ST发展...
[2026-06-28 19:08:44] [223/4876] 处理 002816 *ST和科...
[2026-06-28 19:08:45] [224/4876] 处理 600730 *ST高科...
[2026-06-28 19:08:45] [225/4876] 处理 603595 ST东尼...
[2026-06-28 19:08:45] [226/4876] 处理 300751 迈为股份...
[2026-06-28 19:08:46] [227/4876] 处理 600745 *ST闻泰...
[2026-06-28 19:08:46]   → 60日跌幅 -48.25%，符合条件！
[2026-06-28 19:08:46] [228/4876] 处理 002713 *ST东易...
[2026-06-28 19:08:47] [229/4876] 处理 002538 ST司特...
[2026-06-28 19:08:47] [230/4876] 处理 603297 永新光学...
[2026-06-28 19:08:48] [231/4876] 处理 601698 中国卫通...
[2026-06-28 19:08:48] [232/4876] 处理 600568 ST中珠...
[2026-06-28 19:08:49] [233/4876] 处理 603983 丸美生物...
[2026-06-28 19:08:49] [234/4876] 处理 603313 梦百合...
[2026-06-28 19:08:50] [235/4876] 处理 300395 菲利华...
[2026-06-28 19:08:50] [236/4876] 处理 920001 纬达光电...
[2026-06-28 19:08:51] [237/4876] 处理 002427 尤夫股份...
[2026-06-28 19:08:51] [238/4876] 处理 301295 美硕科技...
[2026-06-28 19:08:52] [239/4876] 处理 600176 中国巨石...
[2026-06-28 19:08:52] [240/4876] 处理 920078 族兴新材...
[2026-06-28 19:08:52] [241/4876] 处理 920116 星图测控...
[2026-06-28 19:08:53] [242/4876] 处理 688138 清溢光电...
[2026-06-28 19:08:53] [243/4876] 处理 600525 ST长园...
[2026-06-28 19:08:54] [244/4876] 处理 688126 沪硅产业...
[2026-06-28 19:08:54] [245/4876] 处理 301321 翰博高新...
[2026-06-28 19:08:55] [246/4876] 处理 603005 晶方科技...
[2026-06-28 19:08:55] [247/4876] 处理 688093 世华科技...
[2026-06-28 19:08:56] [248/4876] 处理 301030 *ST仕净...
[2026-06-28 19:08:56] [249/4876] 处理 300567 精测电子...
[2026-06-28 19:08:57] [250/4876] 处理 300346 南大光电...
[2026-06-28 19:08:57] [251/4876] 处理 688376 美埃科技...
[2026-06-28 19:08:58] [252/4876] 处理 603078 江化微...
[2026-06-28 19:08:58] [253/4876] 处理 300214 日科化学...
[2026-06-28 19:08:58] [254/4876] 处理 300285 国瓷材料...
[2026-06-28 19:08:59] [255/4876] 处理 300013 新宁物流...
[2026-06-28 19:08:59] [256/4876] 处理 603091 众鑫股份...
[2026-06-28 19:09:00] [257/4876] 处理 605277 新亚电子...
[2026-06-28 19:09:00] [258/4876] 处理 688120 华海清科...
[2026-06-28 19:09:01] [259/4876] 处理 688783 西安奕材-U...
[2026-06-28 19:09:01] [260/4876] 处理 300938 信测标准...
[2026-06-28 19:09:02] [261/4876] 处理 688525 佰维存储...
[2026-06-28 19:09:02] [262/4876] 处理 920693 阿为特...
[2026-06-28 19:09:03] [263/4876] 处理 688066 *ST航图...
[2026-06-28 19:09:03]   → 60日跌幅 -47.44%，符合条件！
[2026-06-28 19:09:03] [264/4876] 处理 300655 晶瑞电材...
[2026-06-28 19:09:04] [265/4876] 处理 688061 灿瑞科技...
[2026-06-28 19:09:04] [266/4876] 处理 603989 艾华集团...
[2026-06-28 19:09:05] [267/4876] 处理 600178 东安动力...
[2026-06-28 19:09:05] [268/4876] 处理 002409 雅克科技...
[2026-06-28 19:09:05] [269/4876] 处理 688652 京仪装备...
[2026-06-28 19:09:06] [270/4876] 处理 603800 洪田股份...
[2026-06-28 19:09:06] [271/4876] 处理 603139 康惠股份...
[2026-06-28 19:09:07] [272/4876] 处理 301345 涛涛车业...
[2026-06-28 19:09:07] [273/4876] 处理 300480 光力科技...
[2026-06-28 19:09:08] [274/4876] 处理 300566 激智科技...
[2026-06-28 19:09:08] [275/4876] 处理 301045 天禄科技...
[2026-06-28 19:09:09] [276/4876] 处理 002323 *ST雅博...
[2026-06-28 19:09:09]   → 60日跌幅 -50.38%，符合条件！
[2026-06-28 19:09:09] [277/4876] 处理 300200 高盟新材...
[2026-06-28 19:09:10] [278/4876] 处理 603848 好太太...
[2026-06-28 19:09:10] [279/4876] 处理 603203 快克智能...
[2026-06-28 19:09:11] [280/4876] 处理 600895 张江高科...
[2026-06-28 19:09:11] [281/4876] 处理 300472 *ST新元...
[2026-06-28 19:09:12] [282/4876] 处理 600596 新安股份...
[2026-06-28 19:09:12] [283/4876] 处理 300545 联得装备...
[2026-06-28 19:09:13] [284/4876] 处理 300656 民德电子...
[2026-06-28 19:09:13] [285/4876] 处理 603061 金海通...
[2026-06-28 19:09:13] [286/4876] 处理 300498 温氏股份...
[2026-06-28 19:09:14] [287/4876] 处理 300759 康龙化成...
[2026-06-28 19:09:14] [288/4876] 处理 301178 天亿马...
[2026-06-28 19:09:15] [289/4876] 处理 300345 华民股份...
[2026-06-28 19:09:15] [290/4876] 处理 002714 牧原股份...
[2026-06-28 19:09:16] [291/4876] 处理 301618 长联科技...
[2026-06-28 19:09:16] [292/4876] 处理 001269 欧晶科技...
[2026-06-28 19:09:17] [293/4876] 处理 301186 超达装备...
[2026-06-28 19:09:17] [294/4876] 处理 603657 春光科技...
[2026-06-28 19:09:18] [295/4876] 处理 603688 石英股份...
[2026-06-28 19:09:18] [296/4876] 处理 300650 太龙股份...
[2026-06-28 19:09:19] [297/4876] 处理 600935 华塑股份...
[2026-06-28 19:09:19] [298/4876] 处理 000925 众合科技...
[2026-06-28 19:09:19] [299/4876] 处理 000725 京东方Ａ...
[2026-06-28 19:09:20] [300/4876] 处理 000962 东方钽业...
[2026-06-28 19:09:20] [301/4876] 处理 002990 盛视科技...
[2026-06-28 19:09:21] [302/4876] 处理 688231 隆达股份...
[2026-06-28 19:09:21] [303/4876] 处理 600184 光电股份...
[2026-06-28 19:09:22] [304/4876] 处理 688700 东威科技...
[2026-06-28 19:09:22] [305/4876] 处理 600603 广汇物流...
[2026-06-28 19:09:22]   → 60日跌幅 -38.33%，符合条件！
[2026-06-28 19:09:23] [306/4876] 处理 300710 万隆光电...
[2026-06-28 19:09:23] [307/4876] 处理 002715 登云股份...
[2026-06-28 19:09:24] [308/4876] 处理 301348 蓝箭电子...
[2026-06-28 19:09:24] [309/4876] 处理 688502 茂莱光学...
[2026-06-28 19:09:25] [310/4876] 处理 003004 声迅股份...
[2026-06-28 19:09:25] [311/4876] 处理 002833 弘亚数控...
[2026-06-28 19:09:25] [312/4876] 处理 002860 星帅尔...
[2026-06-28 19:09:26] [313/4876] 处理 603773 沃格光电...
[2026-06-28 19:09:26] [314/4876] 处理 688012 中微公司...
[2026-06-28 19:09:27] [315/4876] 处理 600382 广东明珠...
[2026-06-28 19:09:27] [316/4876] 处理 688175 高凌信息...
[2026-06-28 19:09:28] [317/4876] 处理 300820 英杰电气...
[2026-06-28 19:09:28] [318/4876] 处理 300761 立华股份...
[2026-06-28 19:09:29] [319/4876] 处理 688721 龙图光罩...
[2026-06-28 19:09:29] [320/4876] 处理 605009 豪悦护理...
[2026-06-28 19:09:30] [321/4876] 处理 300812 易天股份...
[2026-06-28 19:09:30] [322/4876] 处理 301197 工大科雅...
[2026-06-28 19:09:31] [323/4876] 处理 603378 *ST亚士...
[2026-06-28 19:09:31] [324/4876] 处理 688216 气派科技...
[2026-06-28 19:09:31] [325/4876] 处理 688486 龙迅股份...
[2026-06-28 19:09:32] [326/4876] 处理 603386 骏亚科技...
[2026-06-28 19:09:32] [327/4876] 处理 001324 长青科技...
[2026-06-28 19:09:33] [328/4876] 处理 300316 晶盛机电...
[2026-06-28 19:09:33] [329/4876] 处理 688582 芯动联科...
[2026-06-28 19:09:34] [330/4876] 处理 301269 华大九天...
[2026-06-28 19:09:34] [331/4876] 处理 300460 ST惠伦...
[2026-06-28 19:09:35] [332/4876] 处理 603668 天马科技...
[2026-06-28 19:09:35] [333/4876] 处理 002541 鸿路钢构...
[2026-06-28 19:09:36] [334/4876] 处理 600337 ST美克...
[2026-06-28 19:09:36] [335/4876] 处理 301585 蓝宇股份...
[2026-06-28 19:09:37] [336/4876] 处理 002335 科华数据...
[2026-06-28 19:09:37] [337/4876] 处理 600500 中化国际...
[2026-06-28 19:09:38] [338/4876] 处理 688206 概伦电子...
[2026-06-28 19:09:38] [339/4876] 处理 688386 泛亚微透...
[2026-06-28 19:09:38] [340/4876] 处理 688785 恒运昌...
[2026-06-28 19:09:39] [341/4876] 处理 603757 大元泵业...
[2026-06-28 19:09:39] [342/4876] 处理 001229 魅视科技...
[2026-06-28 19:09:40] [343/4876] 处理 688523 航天环宇...
[2026-06-28 19:09:40] [344/4876] 处理 600012 皖通高速...
[2026-06-28 19:09:41] [345/4876] 处理 002641 公元股份...
[2026-06-28 19:09:41] [346/4876] 处理 688200 华峰测控...
[2026-06-28 19:09:42] [347/4876] 处理 688219 会通股份...
[2026-06-28 19:09:42] [348/4876] 处理 603057 紫燕食品...
[2026-06-28 19:09:43] [349/4876] 处理 300019 硅宝科技...
[2026-06-28 19:09:43] [350/4876] 处理 300021 大禹节水...
[2026-06-28 19:09:44] [351/4876] 处理 300319 麦捷科技...
[2026-06-28 19:09:44] [352/4876] 处理 300196 长海股份...
[2026-06-28 19:09:44] [353/4876] 处理 300095 华伍股份...
[2026-06-28 19:09:45] [354/4876] 处理 688776 国光电气...
[2026-06-28 19:09:45]   → 60日跌幅 -33.90%，符合条件！
[2026-06-28 19:09:45] [355/4876] 处理 603806 福斯特...
[2026-06-28 19:09:46] [356/4876] 处理 600857 宁波中百...
[2026-06-28 19:09:46] [357/4876] 处理 002586 ST围海...
[2026-06-28 19:09:47] [358/4876] 处理 002137 实益达...
[2026-06-28 19:09:47] [359/4876] 处理 600630 龙头股份...
[2026-06-28 19:09:48] [360/4876] 处理 605111 新洁能...
[2026-06-28 19:09:48] [361/4876] 处理 600641 先导基电...
[2026-06-28 19:09:49] [362/4876] 处理 301128 强瑞技术...
[2026-06-28 19:09:49] [363/4876] 处理 300236 上海新阳...
[2026-06-28 19:09:50] [364/4876] 处理 603350 安乃达...
[2026-06-28 19:09:50] [365/4876] 处理 300041 回天新材...
[2026-06-28 19:09:50] [366/4876] 处理 600141 兴发集团...
[2026-06-28 19:09:51] [367/4876] 处理 300080 易成新能...
[2026-06-28 19:09:51]   → 60日跌幅 -30.26%，符合条件！
[2026-06-28 19:09:51] [368/4876] 处理 920186 中科仪...
[2026-06-28 19:09:52] [369/4876] 处理 605258 协和电子...
[2026-06-28 19:09:52] [370/4876] 处理 300347 泰格医药...
[2026-06-28 19:09:53] [371/4876] 处理 000935 四川双马...
[2026-06-28 19:09:53] [372/4876] 处理 600151 航天机电...
[2026-06-28 19:09:54] [373/4876] 处理 000333 美的集团...
[2026-06-28 19:09:54] [374/4876] 处理 605090 九丰能源...
[2026-06-28 19:09:54] [375/4876] 处理 603690 至纯科技...
[2026-06-28 19:09:55] [376/4876] 处理 603823 百合花...
[2026-06-28 19:09:55] [377/4876] 处理 600179 安通控股...
[2026-06-28 19:09:56] [378/4876] 处理 300125 *ST聆达...
[2026-06-28 19:09:56] [379/4876] 处理 300547 川环科技...
[2026-06-28 19:09:57] [380/4876] 处理 300241 瑞丰光电...
[2026-06-28 19:09:57] [381/4876] 处理 600973 宝胜股份...
[2026-06-28 19:09:58] [382/4876] 处理 002292 奥飞娱乐...
[2026-06-28 19:09:58] [383/4876] 处理 000025 特  力Ａ...
[2026-06-28 19:09:59] [384/4876] 处理 688270 ST臻镭...
[2026-06-28 19:09:59] [385/4876] 处理 605178 时空科技...
[2026-06-28 19:10:00] [386/4876] 处理 300772 运达股份...
[2026-06-28 19:10:00]   → 60日跌幅 -39.99%，符合条件！
[2026-06-28 19:10:00] [387/4876] 处理 300786 国林科技...
[2026-06-28 19:10:00] [388/4876] 处理 600707 彩虹股份...
[2026-06-28 19:10:01] [389/4876] 处理 603477 巨星农牧...
[2026-06-28 19:10:01] [390/4876] 处理 300745 欣锐科技...
[2026-06-28 19:10:02] [391/4876] 处理 603129 春风动力...
[2026-06-28 19:10:02] [392/4876] 处理 688531 日联科技...
[2026-06-28 19:10:03] [393/4876] 处理 603867 新化股份...
[2026-06-28 19:10:03] [394/4876] 处理 600586 金晶科技...
[2026-06-28 19:10:04] [395/4876] 处理 688022 ST瀚川...
[2026-06-28 19:10:04]   → 60日跌幅 -43.03%，符合条件！
[2026-06-28 19:10:04] [396/4876] 处理 002183 怡 亚 通...
[2026-06-28 19:10:05] [397/4876] 处理 002861 瀛通通讯...
[2026-06-28 19:10:05] [398/4876] 处理 301276 嘉曼服饰...
[2026-06-28 19:10:05] [399/4876] 处理 301306 西测测试...
[2026-06-28 19:10:06] [400/4876] 处理 688147 微导纳米...
[2026-06-28 19:10:06] [401/4876] 处理 002899 英派斯...
[2026-06-28 19:10:07] [402/4876] 处理 600735 ST新华锦...
[2026-06-28 19:10:07] [403/4876] 处理 601066 中信建投...
[2026-06-28 19:10:08] [404/4876] 处理 688627 精智达...
[2026-06-28 19:10:08] [405/4876] 处理 603060 国检集团...
[2026-06-28 19:10:09] [406/4876] 处理 920642 通易航天...
[2026-06-28 19:10:09] [407/4876] 处理 603929 亚翔集成...
[2026-06-28 19:10:10] [408/4876] 处理 688036 传音控股...
[2026-06-28 19:10:10] [409/4876] 处理 300833 浩洋股份...
[2026-06-28 19:10:11] [410/4876] 处理 600133 东湖高新...
[2026-06-28 19:10:11] [411/4876] 处理 000591 太阳能...
[2026-06-28 19:10:11] [412/4876] 处理 688055 龙腾光电...
[2026-06-28 19:10:12] [413/4876] 处理 600567 山鹰国际...
[2026-06-28 19:10:12] [414/4876] 处理 688019 安集科技...
[2026-06-28 19:10:13] [415/4876] 处理 002637 赞宇科技...
[2026-06-28 19:10:13] [416/4876] 处理 300455 航天智装...
[2026-06-28 19:10:14] [417/4876] 处理 688352 颀中科技...
[2026-06-28 19:10:14] [418/4876] 处理 301043 绿岛风...
[2026-06-28 19:10:15] [419/4876] 处理 003015 日久光电...
[2026-06-28 19:10:15] [420/4876] 处理 000541 佛山照明...
[2026-06-28 19:10:16] [421/4876] 处理 688450 光格科技...
[2026-06-28 19:10:16] [422/4876] 处理 300052 中青宝...
[2026-06-28 19:10:16] [423/4876] 处理 002717 *ST岭南...
[2026-06-28 19:10:17]   → 60日跌幅 -43.03%，符合条件！
[2026-06-28 19:10:17] [424/4876] 处理 600671 天目药业...
[2026-06-28 19:10:17] [425/4876] 处理 000595 *ST宝实...
[2026-06-28 19:10:18] [426/4876] 处理 301319 唯特偶...
[2026-06-28 19:10:18] [427/4876] 处理 603120 肯特催化...
[2026-06-28 19:10:19] [428/4876] 处理 002733 雄韬股份...
[2026-06-28 19:10:19] [429/4876] 处理 603391 力聚热能...
[2026-06-28 19:10:20] [430/4876] 处理 600461 洪城环境...
[2026-06-28 19:10:20] [431/4876] 处理 002546 新联电子...
[2026-06-28 19:10:21] [432/4876] 处理 300849 锦盛新材...
[2026-06-28 19:10:21] [433/4876] 处理 688103 国力电子...
[2026-06-28 19:10:22] [434/4876] 处理 920476 海能技术...
[2026-06-28 19:10:22] [435/4876] 处理 300429 强力新材...
[2026-06-28 19:10:22] [436/4876] 处理 000002 万  科Ａ...
[2026-06-28 19:10:23] [437/4876] 处理 603156 养元饮品...
[2026-06-28 19:10:23] [438/4876] 处理 301337 亚华电子...
[2026-06-28 19:10:24] [439/4876] 处理 000876 新 希 望...
[2026-06-28 19:10:24] [440/4876] 处理 300708 聚灿光电...
[2026-06-28 19:10:25] [441/4876] 处理 002149 西部材料...
[2026-06-28 19:10:25] [442/4876] 处理 688035 德邦科技...
[2026-06-28 19:10:26] [443/4876] 处理 600075 新疆天业...
[2026-06-28 19:10:26]   → 60日跌幅 -44.44%，符合条件！
[2026-06-28 19:10:26] [444/4876] 处理 300040 九洲集团...
[2026-06-28 19:10:27] [445/4876] 处理 301678 新恒汇...
[2026-06-28 19:10:27] [446/4876] 处理 300010 ST豆神...
[2026-06-28 19:10:27]   → 60日跌幅 -66.18%，符合条件！
[2026-06-28 19:10:27] [447/4876] 处理 603212 赛伍技术...
[2026-06-28 19:10:28] [448/4876] 处理 920981 晶赛科技...
[2026-06-28 19:10:28] [449/4876] 处理 300005 探路者...
[2026-06-28 19:10:29] [450/4876] 处理 002371 北方华创...
[2026-06-28 19:10:29] [451/4876] 处理 605128 上海沿浦...
[2026-06-28 19:10:30] [452/4876] 处理 300985 致远新能...
[2026-06-28 19:10:30] [453/4876] 处理 300416 苏试试验...
[2026-06-28 19:10:31] [454/4876] 处理 002643 万润股份...
[2026-06-28 19:10:31] [455/4876] 处理 600071 凤凰光学...
[2026-06-28 19:10:31] [456/4876] 处理 600198 大唐电信...
[2026-06-28 19:10:32] [457/4876] 处理 000417 合百集团...
[2026-06-28 19:10:32] [458/4876] 处理 600497 驰宏锌锗...
[2026-06-28 19:10:33] [459/4876] 处理 300401 花园生物...
[2026-06-28 19:10:33] [460/4876] 处理 003026 中晶科技...
[2026-06-28 19:10:34] [461/4876] 处理 001359 平安电工...
[2026-06-28 19:10:34] [462/4876] 处理 000547 航天发展...
[2026-06-28 19:10:34]   → 60日跌幅 -34.24%，符合条件！
[2026-06-28 19:10:35] [463/4876] 处理 300689 澄天伟业...
[2026-06-28 19:10:35] [464/4876] 处理 301115 联检科技...
[2026-06-28 19:10:36] [465/4876] 处理 920083 金戈新材...
[2026-06-28 19:10:36] [466/4876] 处理 920179 凯德石英...
[2026-06-28 19:10:37] [467/4876] 处理 003013 地铁设计...
[2026-06-28 19:10:37] [468/4876] 处理 688289 圣湘生物...
[2026-06-28 19:10:37] [469/4876] 处理 301511 德福科技...
[2026-06-28 19:10:38] [470/4876] 处理 600510 黑牡丹...
[2026-06-28 19:10:38] [471/4876] 处理 300304 云意电气...
[2026-06-28 19:10:39] [472/4876] 处理 603726 朗迪集团...
[2026-06-28 19:10:39] [473/4876] 处理 600678 ST金顶...
[2026-06-28 19:10:39]   → 60日跌幅 -34.39%，符合条件！
[2026-06-28 19:10:40] [474/4876] 处理 688046 药康生物...
[2026-06-28 19:10:40] [475/4876] 处理 000700 模塑科技...
[2026-06-28 19:10:41] [476/4876] 处理 301366 一博科技...
[2026-06-28 19:10:41] [477/4876] 处理 600237 铜峰电子...
[2026-06-28 19:10:42] [478/4876] 处理 300072 海新能科...
[2026-06-28 19:10:42]   → 60日跌幅 -35.48%，符合条件！
[2026-06-28 19:10:42] [479/4876] 处理 688602 康鹏科技...
[2026-06-28 19:10:43] [480/4876] 处理 688538 和辉光电-U...
[2026-06-28 19:10:43] [481/4876] 处理 600835 上海机电...
[2026-06-28 19:10:43] [482/4876] 处理 300022 吉峰科技...
[2026-06-28 19:10:44] [483/4876] 处理 600900 长江电力...
[2026-06-28 19:10:44] [484/4876] 处理 688073 毕得医药...
[2026-06-28 19:10:45] [485/4876] 处理 002925 盈趣科技...
[2026-06-28 19:10:45] [486/4876] 处理 600760 中航沈飞...
[2026-06-28 19:10:46] [487/4876] 处理 688646 ST逸飞...
[2026-06-28 19:10:46] [488/4876] 处理 002921 联诚精密...
[2026-06-28 19:10:47] [489/4876] 处理 002431 ST棕榈...
[2026-06-28 19:10:47]   → 60日跌幅 -54.84%，符合条件！
[2026-06-28 19:10:47] [490/4876] 处理 002207 *ST准油...
[2026-06-28 19:10:47]   → 60日跌幅 -36.11%，符合条件！
[2026-06-28 19:10:48] [491/4876] 处理 920770 艾能聚...
[2026-06-28 19:10:48] [492/4876] 处理 920662 方盛股份...
[2026-06-28 19:10:49] [493/4876] 处理 300604 长川科技...
[2026-06-28 19:10:49] [494/4876] 处理 002821 凯莱英...
[2026-06-28 19:10:49] [495/4876] 处理 605028 世茂能源...
[2026-06-28 19:10:50] [496/4876] 处理 002840 华统股份...
[2026-06-28 19:10:50]   → 60日跌幅 -35.93%，符合条件！
[2026-06-28 19:10:50] [497/4876] 处理 301390 经纬股份...
[2026-06-28 19:10:51] [498/4876] 处理 603444 吉比特...
[2026-06-28 19:10:51] [499/4876] 处理 002739 儒意电影...
[2026-06-28 19:10:52] [500/4876] 处理 001256 炜冈科技...
[2026-06-28 19:10:52] [501/4876] 处理 688033 *ST天宜...
[2026-06-28 19:10:53] [502/4876] 处理 300722 新余国科...
[2026-06-28 19:10:53] [503/4876] 处理 002842 翔鹭钨业...
[2026-06-28 19:10:53] [504/4876] 处理 002124 天邦食品...
[2026-06-28 19:10:54] [505/4876] 处理 000078 ST海王...
[2026-06-28 19:10:54]   → 60日跌幅 -55.87%，符合条件！
[2026-06-28 19:10:54] [506/4876] 处理 603341 龙旗科技...
[2026-06-28 19:10:55] [507/4876] 处理 688207 格灵深瞳...
[2026-06-28 19:10:55] [508/4876] 处理 688503 聚和材料...
[2026-06-28 19:10:56] [509/4876] 处理 300477 ST合纵...
[2026-06-28 19:10:56] [510/4876] 处理 002214 *ST大立...
[2026-06-28 19:10:57] [511/4876] 处理 600397 江钨装备...
[2026-06-28 19:10:57] [512/4876] 处理 002762 金发拉比...
[2026-06-28 19:10:58] [513/4876] 处理 000429 粤高速Ａ...
[2026-06-28 19:10:58] [514/4876] 处理 600189 泉阳泉...
[2026-06-28 19:10:59] [515/4876] 处理 688539 高华科技...
[2026-06-28 19:10:59] [516/4876] 处理 688400 凌云光...
[2026-06-28 19:10:59] [517/4876] 处理 603100 川仪股份...
[2026-06-28 19:11:00] [518/4876] 处理 000632 ST三木...
[2026-06-28 19:11:00]   → 60日跌幅 -36.00%，符合条件！
[2026-06-28 19:11:00] [519/4876] 处理 002311 海大集团...
[2026-06-28 19:11:01] [520/4876] 处理 002199 *ST东晶...
[2026-06-28 19:11:01] [521/4876] 处理 600246 万通发展...
[2026-06-28 19:11:02] [522/4876] 处理 603991 领先股份...
[2026-06-28 19:11:02] [523/4876] 处理 301228 实朴检测...
[2026-06-28 19:11:03] [524/4876] 处理 300152 *ST动力...
[2026-06-28 19:11:03]   → 60日跌幅 -37.50%，符合条件！
[2026-06-28 19:11:03] [525/4876] 处理 603886 元祖股份...
[2026-06-28 19:11:03] [526/4876] 处理 920526 凯华材料...
[2026-06-28 19:11:04] [527/4876] 处理 301093 华兰股份...
[2026-06-28 19:11:04] [528/4876] 处理 301323 新莱福...
[2026-06-28 19:11:05] [529/4876] 处理 688248 南网科技...
[2026-06-28 19:11:05] [530/4876] 处理 600346 恒力石化...
[2026-06-28 19:11:06] [531/4876] 处理 300136 信维通信...
[2026-06-28 19:11:06] [532/4876] 处理 002567 唐人神...
[2026-06-28 19:11:07] [533/4876] 处理 688199 XD久日新...
[2026-06-28 19:11:07] [534/4876] 处理 920839 万通液压...
[2026-06-28 19:11:08] [535/4876] 处理 301617 博苑新材...
[2026-06-28 19:11:08] [536/4876] 处理 688380 中微半导...
[2026-06-28 19:11:08] [537/4876] 处理 002631 德尔未来...
[2026-06-28 19:11:09] [538/4876] 处理 300069 金利华电...
[2026-06-28 19:11:09] [539/4876] 处理 002430 杭氧股份...
[2026-06-28 19:11:10] [540/4876] 处理 688811 有研复材...
[2026-06-28 19:11:10] [541/4876] 处理 300594 ST朗进...
[2026-06-28 19:11:10]   → 60日跌幅 -52.96%，符合条件！
[2026-06-28 19:11:11] [542/4876] 处理 300716 *ST泉为...
[2026-06-28 19:11:11] [543/4876] 处理 603380 易德龙...
[2026-06-28 19:11:12] [544/4876] 处理 300326 ST凯利...
[2026-06-28 19:11:12] [545/4876] 处理 688090 瑞松科技...
[2026-06-28 19:11:12] [546/4876] 处理 603012 创力集团...
[2026-06-28 19:11:13] [547/4876] 处理 300313 天山生物...
[2026-06-28 19:11:13] [548/4876] 处理 301382 蜂助手...
[2026-06-28 19:11:14] [549/4876] 处理 002135 东南网架...
[2026-06-28 19:11:14] [550/4876] 处理 300123 ST亚光...
[2026-06-28 19:11:14]   → 60日跌幅 -44.32%，符合条件！
[2026-06-28 19:11:15] [551/4876] 处理 300939 秋田微...
[2026-06-28 19:11:15] [552/4876] 处理 603879 永悦科技...
[2026-06-28 19:11:16] [553/4876] 处理 300065 海兰信...
[2026-06-28 19:11:16] [554/4876] 处理 301371 敷尔佳...
[2026-06-28 19:11:17] [555/4876] 处理 000100 TCL科技...
[2026-06-28 19:11:17] [556/4876] 处理 300690 双一科技...
[2026-06-28 19:11:17] [557/4876] 处理 603766 隆鑫通用...
[2026-06-28 19:11:18] [558/4876] 处理 002142 宁波银行...
[2026-06-28 19:11:18] [559/4876] 处理 688072 拓荆科技...
[2026-06-28 19:11:19] [560/4876] 处理 300588 熙菱信息...
[2026-06-28 19:11:19] [561/4876] 处理 688127 蓝特光学...
[2026-06-28 19:11:20] [562/4876] 处理 002101 广东鸿图...
[2026-06-28 19:11:20] [563/4876] 处理 603730 岱美股份...
[2026-06-28 19:11:20] [564/4876] 处理 688671 碧兴物联...
[2026-06-28 19:11:21] [565/4876] 处理 000998 隆平高科...
[2026-06-28 19:11:21] [566/4876] 处理 300688 创业黑马...
[2026-06-28 19:11:22] [567/4876] 处理 603135 中重科技...
[2026-06-28 19:11:22] [568/4876] 处理 300569 天能重工...
[2026-06-28 19:11:22]   → 60日跌幅 -33.94%，符合条件！
[2026-06-28 19:11:23] [569/4876] 处理 002056 横店东磁...
[2026-06-28 19:11:23] [570/4876] 处理 000728 国元证券...
[2026-06-28 19:11:24] [571/4876] 处理 002342 巨力索具...
[2026-06-28 19:11:24] [572/4876] 处理 600460 士兰微...
[2026-06-28 19:11:25] [573/4876] 处理 300488 恒锋工具...
[2026-06-28 19:11:25] [574/4876] 处理 688418 震有科技...
[2026-06-28 19:11:25] [575/4876] 处理 603298 杭叉集团...
[2026-06-28 19:11:26] [576/4876] 处理 605259 绿田机械...
[2026-06-28 19:11:26] [577/4876] 处理 600759 ST洲际...
[2026-06-28 19:11:26]   → 60日跌幅 -67.26%，符合条件！
[2026-06-28 19:11:27] [578/4876] 处理 002078 太阳纸业...
[2026-06-28 19:11:27] [579/4876] 处理 002506 协鑫集成...
[2026-06-28 19:11:27]   → 60日跌幅 -39.33%，符合条件！
[2026-06-28 19:11:28] [580/4876] 处理 688295 中复神鹰...
[2026-06-28 19:11:28] [581/4876] 处理 002960 青鸟智控...
[2026-06-28 19:11:29] [582/4876] 处理 603019 中科曙光...
[2026-06-28 19:11:29] [583/4876] 处理 600475 华光环能...
[2026-06-28 19:11:29] [584/4876] 处理 300929 华骐环保...
[2026-06-28 19:11:30] [585/4876] 处理 600598 北大荒...
[2026-06-28 19:11:30]   → 60日跌幅 -36.27%，符合条件！
[2026-06-28 19:11:30] [586/4876] 处理 000629 钒钛股份...
[2026-06-28 19:11:31] [587/4876] 处理 688667 菱电电控...
[2026-06-28 19:11:31] [588/4876] 处理 600177 雅戈尔...
[2026-06-28 19:11:32] [589/4876] 处理 002792 通宇通讯...
[2026-06-28 19:11:32] [590/4876] 处理 600058 五矿发展...
[2026-06-28 19:11:33] [591/4876] 处理 000529 广弘控股...
[2026-06-28 19:11:33] [592/4876] 处理 605018 长华集团...
[2026-06-28 19:11:33] [593/4876] 处理 688631 莱斯信息...
[2026-06-28 19:11:34] [594/4876] 处理 301395 仁信新材...
[2026-06-28 19:11:34] [595/4876] 处理 002076 星光股份...
[2026-06-28 19:11:35] [596/4876] 处理 002745 木林森...
[2026-06-28 19:11:35] [597/4876] 处理 600066 宇通客车...
[2026-06-28 19:11:36] [598/4876] 处理 688123 聚辰股份...
[2026-06-28 19:11:36] [599/4876] 处理 300203 聚光科技...
[2026-06-28 19:11:37] [600/4876] 处理 300967 晓鸣股份...
[2026-06-28 19:11:37] [601/4876] 处理 600340 *ST华幸...
[2026-06-28 19:11:37] [602/4876] 处理 600551 时代出版...
[2026-06-28 19:11:38] [603/4876] 处理 000901 航天科技...
[2026-06-28 19:11:38] [604/4876] 处理 600396 华电辽能...
[2026-06-28 19:11:39] [605/4876] 处理 688339 亿华通-U...
[2026-06-28 19:11:39] [606/4876] 处理 300121 阳谷华泰...
[2026-06-28 19:11:40] [607/4876] 处理 002179 中航光电...
[2026-06-28 19:11:40] [608/4876] 处理 000404 长虹华意...
[2026-06-28 19:11:41] [609/4876] 处理 603259 药明康德...
[2026-06-28 19:11:41] [610/4876] 处理 601958 金钼股份...
[2026-06-28 19:11:41] [611/4876] 处理 605598 上海港湾...
[2026-06-28 19:11:42] [612/4876] 处理 002501 *ST利源...
[2026-06-28 19:11:42]   → 60日跌幅 -32.43%，符合条件！
[2026-06-28 19:11:42] [613/4876] 处理 688456 有研粉材...
[2026-06-28 19:11:43] [614/4876] 处理 301275 汉朔科技...
[2026-06-28 19:11:43] [615/4876] 处理 600905 三峡能源...
[2026-06-28 19:11:44] [616/4876] 处理 300602 飞荣达...
[2026-06-28 19:11:44] [617/4876] 处理 002239 奥特佳...
[2026-06-28 19:11:45] [618/4876] 处理 600674 川投能源...
[2026-06-28 19:11:45] [619/4876] 处理 603458 勘设股份...
[2026-06-28 19:11:45] [620/4876] 处理 600323 瀚蓝环境...
[2026-06-28 19:11:46] [621/4876] 处理 601026 道生天合...
[2026-06-28 19:11:46] [622/4876] 处理 301067 显盈科技...
[2026-06-28 19:11:47] [623/4876] 处理 603569 长久物流...
[2026-06-28 19:11:47] [624/4876] 处理 300352 ST信源...
[2026-06-28 19:11:47]   → 60日跌幅 -57.35%，符合条件！
[2026-06-28 19:11:48] [625/4876] 处理 600909 华安证券...
[2026-06-28 19:11:48] [626/4876] 处理 002015 协鑫能科...
[2026-06-28 19:11:49] [627/4876] 处理 688385 复旦微电...
[2026-06-28 19:11:49] [628/4876] 处理 300185 通裕重工...
[2026-06-28 19:11:50] [629/4876] 处理 002976 瑞玛精密...
[2026-06-28 19:11:50] [630/4876] 处理 001205 盛航股份...
[2026-06-28 19:11:50] [631/4876] 处理 002185 华天科技...
[2026-06-28 19:11:51] [632/4876] 处理 920028 新恒泰...
[2026-06-28 19:11:51] [633/4876] 处理 603017 中衡设计...
[2026-06-28 19:11:51]   → 60日跌幅 -35.11%，符合条件！
[2026-06-28 19:11:52] [634/4876] 处理 603898 好莱客...
[2026-06-28 19:11:52] [635/4876] 处理 301003 江苏博云...
[2026-06-28 19:11:53] [636/4876] 处理 688636 智明达...
[2026-06-28 19:11:53] [637/4876] 处理 600795 国电电力...
[2026-06-28 19:11:54] [638/4876] 处理 301333 诺思格...
[2026-06-28 19:11:54] [639/4876] 处理 601112 振石股份...
[2026-06-28 19:11:55] [640/4876] 处理 002047 宝鹰股份...
[2026-06-28 19:11:55] [641/4876] 处理 000012 南  玻Ａ...
[2026-06-28 19:11:55] [642/4876] 处理 002620 *ST瑞和...
[2026-06-28 19:11:55]   → 60日跌幅 -43.84%，符合条件！
[2026-06-28 19:11:56] [643/4876] 处理 688378 奥来德...
[2026-06-28 19:11:56] [644/4876] 处理 300311 ST任子行...
[2026-06-28 19:11:57] [645/4876] 处理 920753 天纺标...
[2026-06-28 19:11:57] [646/4876] 处理 688056 莱伯泰科...
[2026-06-28 19:11:58] [647/4876] 处理 600719 大连热电...
[2026-06-28 19:11:58] [648/4876] 处理 603978 深圳新星...
[2026-06-28 19:11:59] [649/4876] 处理 000021 深科技...
[2026-06-28 19:11:59] [650/4876] 处理 000895 双汇发展...
[2026-06-28 19:11:59] [651/4876] 处理 301215 中汽股份...
[2026-06-28 19:12:00] [652/4876] 处理 603183 建研院...
[2026-06-28 19:12:00] [653/4876] 处理 605007 五洲特纸...
[2026-06-28 19:12:01] [654/4876] 处理 600060 海信视像...
[2026-06-28 19:12:01] [655/4876] 处理 600886 国投电力...
[2026-06-28 19:12:02] [656/4876] 处理 688181 八亿时空...
[2026-06-28 19:12:02] [657/4876] 处理 000821 ST京机...
[2026-06-28 19:12:02]   → 60日跌幅 -37.37%，符合条件！
[2026-06-28 19:12:03] [658/4876] 处理 688685 迈信林...
[2026-06-28 19:12:03] [659/4876] 处理 002305 *ST南置...
[2026-06-28 19:12:04] [660/4876] 处理 002150 正泰电源...
[2026-06-28 19:12:04] [661/4876] 处理 300654 世纪天鸿...
[2026-06-28 19:12:05] [662/4876] 处理 600389 江山股份...
[2026-06-28 19:12:05]   → 60日跌幅 -32.58%，符合条件！
[2026-06-28 19:12:05] [663/4876] 处理 002952 亚世光电...
[2026-06-28 19:12:05] [664/4876] 处理 603713 密尔克卫...
[2026-06-28 19:12:06] [665/4876] 处理 002932 *ST明德...
[2026-06-28 19:12:06] [666/4876] 处理 300201 海伦哲...
[2026-06-28 19:12:07] [667/4876] 处理 603605 珀莱雅...
[2026-06-28 19:12:07] [668/4876] 处理 002615 哈尔斯...
[2026-06-28 19:12:08] [669/4876] 处理 688401 路维光电...
[2026-06-28 19:12:08] [670/4876] 处理 601012 隆基绿能...
[2026-06-28 19:12:09] [671/4876] 处理 688237 超卓航科...
[2026-06-28 19:12:09] [672/4876] 处理 002629 仁智股份...
[2026-06-28 19:12:09]   → 60日跌幅 -32.61%，符合条件！
[2026-06-28 19:12:10] [673/4876] 处理 300471 厚普股份...
[2026-06-28 19:12:10]   → 60日跌幅 -31.97%，符合条件！
[2026-06-28 19:12:10] [674/4876] 处理 603165 荣晟环保...
[2026-06-28 19:12:11] [675/4876] 处理 688530 欧莱新材...
[2026-06-28 19:12:11] [676/4876] 处理 600981 苏豪汇鸿...
[2026-06-28 19:12:11] [677/4876] 处理 301160 翔楼新材...
[2026-06-28 19:12:12] [678/4876] 处理 301072 中捷精工...
[2026-06-28 19:12:12] [679/4876] 处理 002985 北摩高科...
[2026-06-28 19:12:13] [680/4876] 处理 603131 上海沪工...
[2026-06-28 19:12:13] [681/4876] 处理 688469 芯联集成-U...
[2026-06-28 19:12:14] [682/4876] 处理 003008 开普检测...
[2026-06-28 19:12:14] [683/4876] 处理 002480 新筑股份...
[2026-06-28 19:12:15] [684/4876] 处理 603508 思维列控...
[2026-06-28 19:12:15] [685/4876] 处理 002127 南极电商...
[2026-06-28 19:12:16] [686/4876] 处理 601868 中国能建...
[2026-06-28 19:12:16] [687/4876] 处理 600820 隧道股份...
[2026-06-28 19:12:17] [688/4876] 处理 002157 正邦科技...
[2026-06-28 19:12:17] [689/4876] 处理 600877 电科芯片...
[2026-06-28 19:12:18] [690/4876] 处理 603125 常青科技...
[2026-06-28 19:12:18] [691/4876] 处理 301318 维海德...
[2026-06-28 19:12:18] [692/4876] 处理 301308 江波龙...
[2026-06-28 19:12:19] [693/4876] 处理 601933 永辉超市...
[2026-06-28 19:12:19] [694/4876] 处理 603357 设计总院...
[2026-06-28 19:12:20] [695/4876] 处理 600725 云维股份...
[2026-06-28 19:12:20]   → 60日跌幅 -30.27%，符合条件！
[2026-06-28 19:12:20] [696/4876] 处理 301362 民爆光电...
[2026-06-28 19:12:21] [697/4876] 处理 600160 巨化股份...
[2026-06-28 19:12:21] [698/4876] 处理 301213 观想科技...
[2026-06-28 19:12:22] [699/4876] 处理 688727 恒坤新材...
[2026-06-28 19:12:22] [700/4876] 处理 300385 ST雪浪...
[2026-06-28 19:12:22]   → 60日跌幅 -38.14%，符合条件！
[2026-06-28 19:12:23] [701/4876] 处理 002209 达 意 隆...
[2026-06-28 19:12:23]   → 60日跌幅 -32.78%，符合条件！
[2026-06-28 19:12:23] [702/4876] 处理 920726 朱老六...
[2026-06-28 19:12:23] [703/4876] 处理 300923 研奥股份...
[2026-06-28 19:12:24] [704/4876] 处理 600703 三安光电...
[2026-06-28 19:12:24] [705/4876] 处理 300637 扬帆新材...
[2026-06-28 19:12:25] [706/4876] 处理 300836 佰奥智能...
[2026-06-28 19:12:25] [707/4876] 处理 300225 金力泰...
[2026-06-28 19:12:26] [708/4876] 处理 688082 盛美上海...
[2026-06-28 19:12:26] [709/4876] 处理 603223 恒通股份...
[2026-06-28 19:12:27] [710/4876] 处理 603836 海程邦达...
[2026-06-28 19:12:27] [711/4876] 处理 300758 七彩化学...
[2026-06-28 19:12:28] [712/4876] 处理 300317 珈伟新能...
[2026-06-28 19:12:28] [713/4876] 处理 600975 新五丰...
[2026-06-28 19:12:29] [714/4876] 处理 603230 内蒙新华...
[2026-06-28 19:12:29] [715/4876] 处理 300210 森远股份...
[2026-06-28 19:12:30] [716/4876] 处理 301139 *ST元道...
[2026-06-28 19:12:30]   → 60日跌幅 -74.73%，符合条件！
[2026-06-28 19:12:30] [717/4876] 处理 301182 凯旺科技...
[2026-06-28 19:12:30] [718/4876] 处理 603268 松发股份...
[2026-06-28 19:12:31] [719/4876] 处理 603488 展鹏科技...
[2026-06-28 19:12:31] [720/4876] 处理 003017 大洋生物...
[2026-06-28 19:12:32] [721/4876] 处理 603990 麦迪科技...
[2026-06-28 19:12:32] [722/4876] 处理 002381 双箭股份...
[2026-06-28 19:12:33] [723/4876] 处理 600207 安彩高科...
[2026-06-28 19:12:33] [724/4876] 处理 002831 裕同科技...
[2026-06-28 19:12:34] [725/4876] 处理 002972 科安达...
[2026-06-28 19:12:34] [726/4876] 处理 601128 常熟银行...
[2026-06-28 19:12:34] [727/4876] 处理 601838 成都银行...
[2026-06-28 19:12:35] [728/4876] 处理 301155 海力风电...
[2026-06-28 19:12:35]   → 60日跌幅 -39.69%，符合条件！
[2026-06-28 19:12:35] [729/4876] 处理 003006 百亚股份...
[2026-06-28 19:12:36] [730/4876] 处理 603021 *ST华鹏...
[2026-06-28 19:12:36] [731/4876] 处理 300576 容大感光...
[2026-06-28 19:12:37] [732/4876] 处理 300739 明阳电路...
[2026-06-28 19:12:37] [733/4876] 处理 300889 爱克股份...
[2026-06-28 19:12:38] [734/4876] 处理 688708 佳驰科技...
[2026-06-28 19:12:38] [735/4876] 处理 300410 正业科技...
[2026-06-28 19:12:39] [736/4876] 处理 600889 *ST京化...
[2026-06-28 19:12:39] [737/4876] 处理 601919 XD中远海...
[2026-06-28 19:12:40] [738/4876] 处理 605167 利柏特...
[2026-06-28 19:12:40] [739/4876] 处理 688150 莱特光电...
[2026-06-28 19:12:40] [740/4876] 处理 300045 华力创通...
[2026-06-28 19:12:41] [741/4876] 处理 300585 奥联电子...
[2026-06-28 19:12:41] [742/4876] 处理 002058 威尔泰...
[2026-06-28 19:12:42] [743/4876] 处理 600316 XD洪都航...
[2026-06-28 19:12:42]   → 60日跌幅 -36.14%，符合条件！
[2026-06-28 19:12:42] [744/4876] 处理 002963 豪尔赛...
[2026-06-28 19:12:43] [745/4876] 处理 603992 松霖科技...
[2026-06-28 19:12:43] [746/4876] 处理 603255 鼎际得...
[2026-06-28 19:12:44] [747/4876] 处理 300842 帝科股份...
[2026-06-28 19:12:44] [748/4876] 处理 300638 广和通...
[2026-06-28 19:12:45] [749/4876] 处理 603227 雪峰科技...
[2026-06-28 19:12:45] [750/4876] 处理 600576 祥源文旅...
[2026-06-28 19:12:46] [751/4876] 处理 600285 羚锐制药...
[2026-06-28 19:12:46] [752/4876] 处理 603363 傲农生物...
[2026-06-28 19:12:46]   → 60日跌幅 -33.25%，符合条件！
[2026-06-28 19:12:47] [753/4876] 处理 920046 亿能电力...
[2026-06-28 19:12:47] [754/4876] 处理 002397 梦洁股份...
[2026-06-28 19:12:47] [755/4876] 处理 002496 辉丰股份...
[2026-06-28 19:12:48] [756/4876] 处理 000852 石化机械...
[2026-06-28 19:12:48] [757/4876] 处理 600054 黄山旅游...
[2026-06-28 19:12:49] [758/4876] 处理 300359 全通教育...
[2026-06-28 19:12:49] [759/4876] 处理 300269 联建光电...
[2026-06-28 19:12:50]   → 60日跌幅 -37.68%，符合条件！
[2026-06-28 19:12:50] [760/4876] 处理 603333 福华尚纬...
[2026-06-28 19:12:50] [761/4876] 处理 600888 新疆众和...
[2026-06-28 19:12:51] [762/4876] 处理 300376 易事特...
[2026-06-28 19:12:51] [763/4876] 处理 002267 陕天然气...
[2026-06-28 19:12:52] [764/4876] 处理 601225 XD陕西煤...
[2026-06-28 19:12:52] [765/4876] 处理 603682 锦和商管...
[2026-06-28 19:12:52] [766/4876] 处理 300147 *ST香雪...
[2026-06-28 19:12:53] [767/4876] 处理 688396 华润微...
[2026-06-28 19:12:53] [768/4876] 处理 301015 百洋医药...
[2026-06-28 19:12:54] [769/4876] 处理 600778 友好集团...
[2026-06-28 19:12:54] [770/4876] 处理 000813 德展健康...
[2026-06-28 19:12:55] [771/4876] 处理 600370 *ST三房...
[2026-06-28 19:12:55]   → 60日跌幅 -42.31%，符合条件！
[2026-06-28 19:12:55] [772/4876] 处理 603608 天创时尚...
[2026-06-28 19:12:56] [773/4876] 处理 603811 DR诚意药...
[2026-06-28 19:12:56] [774/4876] 处理 600169 ST太重...
[2026-06-28 19:12:57] [775/4876] 处理 000652 泰达股份...
[2026-06-28 19:12:57] [776/4876] 处理 603949 雪龙集团...
[2026-06-28 19:12:58] [777/4876] 处理 688377 迪威尔...
[2026-06-28 19:12:58] [778/4876] 处理 002758 浙农股份...
[2026-06-28 19:12:58] [779/4876] 处理 000810 创维数字...
[2026-06-28 19:12:59] [780/4876] 处理 002652 扬子新材...
[2026-06-28 19:12:59] [781/4876] 处理 601010 ST文峰...
[2026-06-28 19:13:00]   → 60日跌幅 -37.61%，符合条件！
[2026-06-28 19:13:00] [782/4876] 处理 300354 东华测试...
[2026-06-28 19:13:00] [783/4876] 处理 002870 香山股份...
[2026-06-28 19:13:01] [784/4876] 处理 688141 杰华特...
[2026-06-28 19:13:01] [785/4876] 处理 920593 鼎智科技...
[2026-06-28 19:13:02] [786/4876] 处理 688680 海优新材...
[2026-06-28 19:13:02] [787/4876] 处理 001201 东瑞股份...
[2026-06-28 19:13:03] [788/4876] 处理 688557 兰剑智能...
[2026-06-28 19:13:03] [789/4876] 处理 300097 智云股份...
[2026-06-28 19:13:03] [790/4876] 处理 300051 琏升科技...
[2026-06-28 19:13:04] [791/4876] 处理 688683 莱尔科技...
[2026-06-28 19:13:04] [792/4876] 处理 301279 金道科技...
[2026-06-28 19:13:05] [793/4876] 处理 300863 卡倍亿...
[2026-06-28 19:13:05] [794/4876] 处理 920190 雷神科技...
[2026-06-28 19:13:06] [795/4876] 处理 603407 长裕集团...
[2026-06-28 19:13:06] [796/4876] 处理 603665 康隆达...
[2026-06-28 19:13:07] [797/4876] 处理 002565 顺灏股份...
[2026-06-28 19:13:07] [798/4876] 处理 688249 晶合集成...
[2026-06-28 19:13:08] [799/4876] 处理 600819 耀皮玻璃...
[2026-06-28 19:13:08] [800/4876] 处理 600761 安徽合力...
[2026-06-28 19:13:08] [801/4876] 处理 920599 同力股份...
[2026-06-28 19:13:09] [802/4876] 处理 603556 海兴电力...
[2026-06-28 19:13:09]   → 60日跌幅 -35.88%，符合条件！
[2026-06-28 19:13:09] [803/4876] 处理 603128 华贸物流...
[2026-06-28 19:13:10] [804/4876] 处理 301502 华阳智能...
[2026-06-28 19:13:10] [805/4876] 处理 300458 全志科技...
[2026-06-28 19:13:11] [806/4876] 处理 605300 佳禾食品...
[2026-06-28 19:13:11] [807/4876] 处理 300848 美瑞新材...
[2026-06-28 19:13:12] [808/4876] 处理 600855 航天长峰...
[2026-06-28 19:13:12] [809/4876] 处理 002361 神剑股份...
[2026-06-28 19:13:13] [810/4876] 处理 002946 新乳业...
[2026-06-28 19:13:13] [811/4876] 处理 603338 XD浙江鼎...
[2026-06-28 19:13:13] [812/4876] 处理 301517 陕西华达...
[2026-06-28 19:13:14] [813/4876] 处理 300433 蓝思科技...
[2026-06-28 19:13:14] [814/4876] 处理 300435 中泰股份...
[2026-06-28 19:13:15] [815/4876] 处理 000425 徐工机械...
[2026-06-28 19:13:15] [816/4876] 处理 300827 上能电气...
[2026-06-28 19:13:15]   → 60日跌幅 -31.40%，符合条件！
[2026-06-28 19:13:16] [817/4876] 处理 001308 康冠科技...
[2026-06-28 19:13:16] [818/4876] 处理 600604 市北高新...
[2026-06-28 19:13:17] [819/4876] 处理 300337 银邦股份...
[2026-06-28 19:13:17] [820/4876] 处理 603559 ST通脉...
[2026-06-28 19:13:18] [821/4876] 处理 600064 南京高科...
[2026-06-28 19:13:18] [822/4876] 处理 600757 长江传媒...
[2026-06-28 19:13:18] [823/4876] 处理 605566 福莱蒽特...
[2026-06-28 19:13:19] [824/4876] 处理 600505 西昌电力...
[2026-06-28 19:13:19] [825/4876] 处理 002084 海鸥住工...
[2026-06-28 19:13:20] [826/4876] 处理 603199 九华旅游...
[2026-06-28 19:13:20] [827/4876] 处理 301307 美利信...
[2026-06-28 19:13:21] [828/4876] 处理 300057 万顺新材...
[2026-06-28 19:13:21] [829/4876] 处理 002853 皮阿诺...
[2026-06-28 19:13:22] [830/4876] 处理 603855 华荣股份...
[2026-06-28 19:13:22] [831/4876] 处理 601939 建设银行...
[2026-06-28 19:13:23] [832/4876] 处理 600496 精工钢构...
[2026-06-28 19:13:23] [833/4876] 处理 000635 英 力 特...
[2026-06-28 19:13:24] [834/4876] 处理 000538 云南白药...
[2026-06-28 19:13:24] [835/4876] 处理 300969 恒帅股份...
[2026-06-28 19:13:24] [836/4876] 处理 300473 德尔股份...
[2026-06-28 19:13:25] [837/4876] 处理 605123 派克新材...
[2026-06-28 19:13:25] [838/4876] 处理 002884 凌霄泵业...
[2026-06-28 19:13:26] [839/4876] 处理 000089 深圳机场...
[2026-06-28 19:13:26] [840/4876] 处理 002601 龙佰集团...
[2026-06-28 19:13:27] [841/4876] 处理 301393 昊帆生物...
[2026-06-28 19:13:27] [842/4876] 处理 002698 博实股份...
[2026-06-28 19:13:28] [843/4876] 处理 688682 霍莱沃...
[2026-06-28 19:13:28] [844/4876] 处理 002100 天康生物...
[2026-06-28 19:13:29] [845/4876] 处理 688686 奥普特...
[2026-06-28 19:13:29] [846/4876] 处理 002683 广东宏大...
[2026-06-28 19:13:29]   → 60日跌幅 -30.20%，符合条件！
[2026-06-28 19:13:29] [847/4876] 处理 000801 四川九洲...
[2026-06-28 19:13:30] [848/4876] 处理 000958 电投产融...
[2026-06-28 19:13:30] [849/4876] 处理 688522 纳睿雷达...
[2026-06-28 19:13:31] [850/4876] 处理 603096 新经典...
[2026-06-28 19:13:31] [851/4876] 处理 002385 大北农...
[2026-06-28 19:13:31]   → 60日跌幅 -33.25%，符合条件！
[2026-06-28 19:13:32] [852/4876] 处理 000651 格力电器...
[2026-06-28 19:13:32] [853/4876] 处理 300989 蕾奥规划...
[2026-06-28 19:13:33] [854/4876] 处理 301161 唯万密封...
[2026-06-28 19:13:33] [855/4876] 处理 002088 鲁阳节能...
[2026-06-28 19:13:34] [856/4876] 处理 002901 大博医疗...
[2026-06-28 19:13:34] [857/4876] 处理 002485 ST雪发...
[2026-06-28 19:13:34] [858/4876] 处理 605228 神通科技...
[2026-06-28 19:13:35] [859/4876] 处理 600031 三一重工...
[2026-06-28 19:13:35] [860/4876] 处理 600406 国电南瑞...
[2026-06-28 19:13:36] [861/4876] 处理 605060 联德股份...
[2026-06-28 19:13:36] [862/4876] 处理 002806 华锋股份...
[2026-06-28 19:13:37] [863/4876] 处理 600537 *ST亿晶...
[2026-06-28 19:13:37]   → 60日跌幅 -35.82%，符合条件！
[2026-06-28 19:13:37] [864/4876] 处理 300054 鼎龙股份...
[2026-06-28 19:13:38] [865/4876] 处理 600876 凯盛新能...
[2026-06-28 19:13:38]   → 60日跌幅 -31.26%，符合条件！
[2026-06-28 19:13:38] [866/4876] 处理 000157 中联重科...
[2026-06-28 19:13:38] [867/4876] 处理 301125 腾亚精工...
[2026-06-28 19:13:39] [868/4876] 处理 601187 XD厦门银...
[2026-06-28 19:13:39] [869/4876] 处理 300909 汇创达...
[2026-06-28 19:13:40] [870/4876] 处理 600048 保利发展...
[2026-06-28 19:13:40] [871/4876] 处理 603615 茶花股份...
[2026-06-28 19:13:41] [872/4876] 处理 600009 上海机场...
[2026-06-28 19:13:41] [873/4876] 处理 920200 振宏股份...
[2026-06-28 19:13:42] [874/4876] 处理 600919 江苏银行...
[2026-06-28 19:13:42] [875/4876] 处理 300832 新产业...
[2026-06-28 19:13:42] [876/4876] 处理 601021 春秋航空...
[2026-06-28 19:13:43] [877/4876] 处理 600679 上海凤凰...
[2026-06-28 19:13:43] [878/4876] 处理 601077 渝农商行...
[2026-06-28 19:13:44] [879/4876] 处理 601163 三角轮胎...
[2026-06-28 19:13:44] [880/4876] 处理 600791 京能置业...
[2026-06-28 19:13:45] [881/4876] 处理 600675 中华企业...
[2026-06-28 19:13:45] [882/4876] 处理 002490 山东墨龙...
[2026-06-28 19:13:45]   → 60日跌幅 -35.64%，符合条件！
[2026-06-28 19:13:46] [883/4876] 处理 300039 上海凯宝...
[2026-06-28 19:13:46] [884/4876] 处理 301273 瑞晨环保...
[2026-06-28 19:13:46] [885/4876] 处理 001227 兰州银行...
[2026-06-28 19:13:47] [886/4876] 处理 002072 凯瑞德...
[2026-06-28 19:13:47] [887/4876] 处理 000980 众泰汽车...
[2026-06-28 19:13:48] [888/4876] 处理 603398 *ST沐邦...
[2026-06-28 19:13:48] [889/4876] 处理 000768 中航西飞...
[2026-06-28 19:13:49] [890/4876] 处理 002332 仙琚制药...
[2026-06-28 19:13:49] [891/4876] 处理 301235 华康洁净...
[2026-06-28 19:13:50] [892/4876] 处理 600901 江苏金租...
[2026-06-28 19:13:50] [893/4876] 处理 300729 乐歌股份...
[2026-06-28 19:13:51] [894/4876] 处理 603334 丰倍生物...
[2026-06-28 19:13:51] [895/4876] 处理 002602 世纪华通...
[2026-06-28 19:13:51] [896/4876] 处理 002136 安 纳 达...
[2026-06-28 19:13:52] [897/4876] 处理 603330 天洋新材...
[2026-06-28 19:13:52] [898/4876] 处理 605287 德才股份...
[2026-06-28 19:13:53] [899/4876] 处理 002786 银宝山新...
[2026-06-28 19:13:53] [900/4876] 处理 002449 国星光电...
[2026-06-28 19:13:54] [901/4876] 处理 688586 江航装备...
[2026-06-28 19:13:54] [902/4876] 处理 300277 汽轮科技...
[2026-06-28 19:13:55] [903/4876] 处理 688777 中控技术...
[2026-06-28 19:13:55] [904/4876] 处理 002492 恒基达鑫...
[2026-06-28 19:13:55] [905/4876] 处理 603365 水星家纺...
[2026-06-28 19:13:56] [906/4876] 处理 002066 瑞泰科技...
[2026-06-28 19:13:56] [907/4876] 处理 002233 塔牌集团...
[2026-06-28 19:13:57] [908/4876] 处理 600493 凤竹纺织...
[2026-06-28 19:13:57] [909/4876] 处理 002845 同兴达...
[2026-06-28 19:13:58] [910/4876] 处理 601985 中国核电...
[2026-06-28 19:13:58] [911/4876] 处理 002053 云南能投...
[2026-06-28 19:13:58]   → 60日跌幅 -33.36%，符合条件！
[2026-06-28 19:13:59] [912/4876] 处理 000423 东阿阿胶...
[2026-06-28 19:13:59] [913/4876] 处理 300691 联合光电...
[2026-06-28 19:13:59] [914/4876] 处理 300860 锋尚文化...
[2026-06-28 19:14:00] [915/4876] 处理 600649 城投控股...
[2026-06-28 19:14:00] [916/4876] 处理 605588 冠石科技...
[2026-06-28 19:14:01] [917/4876] 处理 688020 方邦股份...
[2026-06-28 19:14:01] [918/4876] 处理 600501 航天晨光...
[2026-06-28 19:14:01]   → 60日跌幅 -31.09%，符合条件！
[2026-06-28 19:14:02] [919/4876] 处理 300516 久之洋...
[2026-06-28 19:14:02] [920/4876] 处理 300550 和仁科技...
[2026-06-28 19:14:03] [921/4876] 处理 688100 威胜信息...
[2026-06-28 19:14:03] [922/4876] 处理 601098 中南传媒...
[2026-06-28 19:14:04] [923/4876] 处理 688345 博力威...
[2026-06-28 19:14:04] [924/4876] 处理 300469 信息发展...
[2026-06-28 19:14:04] [925/4876] 处理 600509 天富能源...
[2026-06-28 19:14:05] [926/4876] 处理 301381 赛维时代...
[2026-06-28 19:14:05] [927/4876] 处理 301256 华融化学...
[2026-06-28 19:14:06] [928/4876] 处理 688521 芯原股份...
[2026-06-28 19:14:06] [929/4876] 处理 688009 中国通号...
[2026-06-28 19:14:07] [930/4876] 处理 000507 珠海港...
[2026-06-28 19:14:07] [931/4876] 处理 002441 众业达...
[2026-06-28 19:14:07] [932/4876] 处理 601669 中国电建...
[2026-06-28 19:14:08] [933/4876] 处理 301589 诺瓦星云...
[2026-06-28 19:14:08] [934/4876] 处理 600930 华电新能...
[2026-06-28 19:14:09] [935/4876] 处理 300883 龙利得...
[2026-06-28 19:14:09] [936/4876] 处理 605289 罗曼股份...
[2026-06-28 19:14:10] [937/4876] 处理 600036 招商银行...
[2026-06-28 19:14:10] [938/4876] 处理 301399 英特科技...
[2026-06-28 19:14:11] [939/4876] 处理 300538 同益股份...
[2026-06-28 19:14:11] [940/4876] 处理 603303 得邦照明...
[2026-06-28 19:14:11] [941/4876] 处理 002126 银轮股份...
[2026-06-28 19:14:12] [942/4876] 处理 600831 广电网络...
[2026-06-28 19:14:12] [943/4876] 处理 688266 泽璟制药-U...
[2026-06-28 19:14:13] [944/4876] 处理 688595 芯海科技...
[2026-06-28 19:14:13] [945/4876] 处理 601952 苏垦农发...
[2026-06-28 19:14:14] [946/4876] 处理 603335 迪生力...
[2026-06-28 19:14:14] [947/4876] 处理 002228 合兴包装...
[2026-06-28 19:14:15] [948/4876] 处理 603717 天域生物...
[2026-06-28 19:14:15] [949/4876] 处理 600563 法拉电子...
[2026-06-28 19:14:16] [950/4876] 处理 603986 兆易创新...
[2026-06-28 19:14:16] [951/4876] 处理 002616 长青集团...
[2026-06-28 19:14:16] [952/4876] 处理 300230 永利股份...
[2026-06-28 19:14:17] [953/4876] 处理 300232 洲明科技...
[2026-06-28 19:14:17] [954/4876] 处理 605488 福莱新材...
[2026-06-28 19:14:18] [955/4876] 处理 601908 京运通...
[2026-06-28 19:14:18]   → 60日跌幅 -35.38%，符合条件！
[2026-06-28 19:14:18] [956/4876] 处理 301127 武汉天源...
[2026-06-28 19:14:19] [957/4876] 处理 301028 鼎熔岩...
[2026-06-28 19:14:19] [958/4876] 处理 002656 *ST摩登...
[2026-06-28 19:14:20] [959/4876] 处理 603693 江苏新能...
[2026-06-28 19:14:20] [960/4876] 处理 300992 泰福泵业...
[2026-06-28 19:14:21] [961/4876] 处理 603226 菲林格尔...
[2026-06-28 19:14:21] [962/4876] 处理 600690 海尔智家...
[2026-06-28 19:14:22] [963/4876] 处理 601333 XD广深铁...
[2026-06-28 19:14:22] [964/4876] 处理 002170 芭田股份...
[2026-06-28 19:14:22] [965/4876] 处理 603283 赛腾股份...
[2026-06-28 19:14:23] [966/4876] 处理 301036 双乐股份...
[2026-06-28 19:14:23] [967/4876] 处理 603738 泰晶科技...
[2026-06-28 19:14:24] [968/4876] 处理 603169 兰石重装...
[2026-06-28 19:14:24]   → 60日跌幅 -31.10%，符合条件！
[2026-06-28 19:14:24] [969/4876] 处理 603136 天目湖...
[2026-06-28 19:14:25] [970/4876] 处理 600736 苏州高新...
[2026-06-28 19:14:25] [971/4876] 处理 688369 致远互联...
[2026-06-28 19:14:26] [972/4876] 处理 300673 佩蒂股份...
[2026-06-28 19:14:26] [973/4876] 处理 301418 协昌科技...
[2026-06-28 19:14:27] [974/4876] 处理 601000 唐山港...
[2026-06-28 19:14:27] [975/4876] 处理 920640 富士达...
[2026-06-28 19:14:27] [976/4876] 处理 000727 冠捷科技...
[2026-06-28 19:14:28] [977/4876] 处理 600050 XD中国联...
[2026-06-28 19:14:28] [978/4876] 处理 000863 三湘印象...
[2026-06-28 19:14:29] [979/4876] 处理 002012 凯恩股份...
[2026-06-28 19:14:29] [980/4876] 处理 600507 方大特钢...
[2026-06-28 19:14:30] [981/4876] 处理 603638 艾迪精密...
[2026-06-28 19:14:30] [982/4876] 处理 000811 冰轮环境...
[2026-06-28 19:14:31] [983/4876] 处理 300719 安达维尔...
[2026-06-28 19:14:31] [984/4876] 处理 300671 富满微...
[2026-06-28 19:14:32] [985/4876] 处理 688381 帝奥微...
[2026-06-28 19:14:32] [986/4876] 处理 601200 上海环境...
[2026-06-28 19:14:32] [987/4876] 处理 000913 钱江摩托...
[2026-06-28 19:14:33] [988/4876] 处理 603871 XD嘉友国...
[2026-06-28 19:14:33] [989/4876] 处理 603162 海通发展...
[2026-06-28 19:14:34] [990/4876] 处理 002636 金安国纪...
[2026-06-28 19:14:34] [991/4876] 处理 603041 美思德...
[2026-06-28 19:14:35] [992/4876] 处理 600301 华锡有色...
[2026-06-28 19:14:35] [993/4876] 处理 600127 金健米业...
[2026-06-28 19:14:35]   → 60日跌幅 -31.29%，符合条件！
[2026-06-28 19:14:36] [994/4876] 处理 001223 欧克科技...
[2026-06-28 19:14:36] [995/4876] 处理 600187 *ST国中...
[2026-06-28 19:14:36]   → 60日跌幅 -34.18%，符合条件！
[2026-06-28 19:14:36] [996/4876] 处理 001211 双枪科技...
[2026-06-28 19:14:37] [997/4876] 处理 002774 快意电梯...
[2026-06-28 19:14:37] [998/4876] 处理 301079 邵阳液压...
[2026-06-28 19:14:38] [999/4876] 处理 002696 百洋股份...
[2026-06-28 19:14:38] [1000/4876] 处理 601107 四川成渝...
[2026-06-28 19:14:39] [1001/4876] 处理 688429 时创能源...
[2026-06-28 19:14:39]   → 60日跌幅 -34.64%，符合条件！
[2026-06-28 19:14:39] [1002/4876] 处理 001226 拓山重工...
[2026-06-28 19:14:40] [1003/4876] 处理 300050 世纪鼎利...
[2026-06-28 19:14:40] [1004/4876] 处理 603396 金辰股份...
[2026-06-28 19:14:40]   → 60日跌幅 -34.09%，符合条件！
[2026-06-28 19:14:40] [1005/4876] 处理 600606 绿地控股...
[2026-06-28 19:14:41] [1006/4876] 处理 002799 环球印务...
[2026-06-28 19:14:41] [1007/4876] 处理 688623 双元科技...
[2026-06-28 19:14:42] [1008/4876] 处理 920978 开特股份...
[2026-06-28 19:14:42] [1009/4876] 处理 688371 菲沃泰...
[2026-06-28 19:14:43] [1010/4876] 处理 000850 华茂股份...
[2026-06-28 19:14:43] [1011/4876] 处理 920396 常辅股份...
[2026-06-28 19:14:43]   → 60日跌幅 -30.26%，符合条件！
[2026-06-28 19:14:44] [1012/4876] 处理 605116 奥锐特...
[2026-06-28 19:14:44] [1013/4876] 处理 600750 华润江中...
[2026-06-28 19:14:44] [1014/4876] 处理 600538 国发股份...
[2026-06-28 19:14:45] [1015/4876] 处理 603022 新通联...
[2026-06-28 19:14:45] [1016/4876] 处理 001258 立新能源...
[2026-06-28 19:14:46] [1017/4876] 处理 300126 锐奇股份...
[2026-06-28 19:14:46] [1018/4876] 处理 002856 *ST美芝...
[2026-06-28 19:14:47] [1019/4876] 处理 601528 瑞丰银行...
[2026-06-28 19:14:47] [1020/4876] 处理 002458 益生股份...
[2026-06-28 19:14:48] [1021/4876] 处理 603014 威高血净...
[2026-06-28 19:14:48] [1022/4876] 处理 688325 赛微微电...
[2026-06-28 19:14:48] [1023/4876] 处理 002687 乔治白...
[2026-06-28 19:14:49] [1024/4876] 处理 002096 易普力...
[2026-06-28 19:14:49] [1025/4876] 处理 688239 航宇科技...
[2026-06-28 19:14:50] [1026/4876] 处理 600593 大连圣亚...
[2026-06-28 19:14:50] [1027/4876] 处理 603701 德宏股份...
[2026-06-28 19:14:51] [1028/4876] 处理 002146 荣盛发展...
[2026-06-28 19:14:51] [1029/4876] 处理 601668 中国建筑...
[2026-06-28 19:14:52] [1030/4876] 处理 603299 苏盐井神...
[2026-06-28 19:14:52] [1031/4876] 处理 002122 ST汇洲...
[2026-06-28 19:14:52] [1032/4876] 处理 000860 顺鑫农业...
[2026-06-28 19:14:53] [1033/4876] 处理 000680 山推股份...
[2026-06-28 19:14:53] [1034/4876] 处理 603269 海鸥股份...
[2026-06-28 19:14:54] [1035/4876] 处理 002521 齐峰新材...
[2026-06-28 19:14:54] [1036/4876] 处理 688710 益诺思...
[2026-06-28 19:14:55] [1037/4876] 处理 002247 聚力文化...
[2026-06-28 19:14:55] [1038/4876] 处理 000560 我爱我家...
[2026-06-28 19:14:56] [1039/4876] 处理 688083 中望软件...
[2026-06-28 19:14:56] [1040/4876] 处理 000731 四川美丰...
[2026-06-28 19:14:56]   → 60日跌幅 -31.90%，符合条件！
[2026-06-28 19:14:57] [1041/4876] 处理 000536 华映科技...
[2026-06-28 19:14:57] [1042/4876] 处理 000785 居然智家...
[2026-06-28 19:14:58] [1043/4876] 处理 603899 晨光股份...
[2026-06-28 19:14:58] [1044/4876] 处理 688622 *ST禾信...
[2026-06-28 19:14:58] [1045/4876] 处理 603238 诺邦股份...
[2026-06-28 19:14:59] [1046/4876] 处理 603700 宁水集团...
[2026-06-28 19:14:59] [1047/4876] 处理 688728 格科微...
[2026-06-28 19:15:00] [1048/4876] 处理 000088 盐 田 港...
[2026-06-28 19:15:00] [1049/4876] 处理 600302 ST标准...
[2026-06-28 19:15:01] [1050/4876] 处理 002060 广东建工...
[2026-06-28 19:15:01] [1051/4876] 处理 603276 恒兴新材...
[2026-06-28 19:15:02] [1052/4876] 处理 600615 鑫源智造...
[2026-06-28 19:15:02] [1053/4876] 处理 002746 仙坛股份...
[2026-06-28 19:15:03] [1054/4876] 处理 002695 煌上煌...
[2026-06-28 19:15:03] [1055/4876] 处理 603312 西典新能...
[2026-06-28 19:15:04] [1056/4876] 处理 603279 景津装备...
[2026-06-28 19:15:04] [1057/4876] 处理 601169 北京银行...
[2026-06-28 19:15:05] [1058/4876] 处理 601166 兴业银行...
[2026-06-28 19:15:05] [1059/4876] 处理 600941 中国移动...
[2026-06-28 19:15:06] [1060/4876] 处理 300120 经纬辉开...
[2026-06-28 19:15:06] [1061/4876] 处理 300861 美畅股份...
[2026-06-28 19:15:06] [1062/4876] 处理 002008 大族激光...
[2026-06-28 19:15:07] [1063/4876] 处理 002314 南山控股...
[2026-06-28 19:15:07] [1064/4876] 处理 600566 济川药业...
[2026-06-28 19:15:08] [1065/4876] 处理 600720 中交设计...
[2026-06-28 19:15:08] [1066/4876] 处理 600979 广安爱众...
[2026-06-28 19:15:09] [1067/4876] 处理 603816 顾家家居...
[2026-06-28 19:15:09]   → 60日跌幅 -34.14%，符合条件！
[2026-06-28 19:15:09] [1068/4876] 处理 002029 七 匹 狼...
[2026-06-28 19:15:10] [1069/4876] 处理 300389 艾比森...
[2026-06-28 19:15:10]   → 60日跌幅 -35.71%，符合条件！
[2026-06-28 19:15:10] [1070/4876] 处理 000631 顺发恒能...
[2026-06-28 19:15:11] [1071/4876] 处理 002855 捷荣技术...
[2026-06-28 19:15:11] [1072/4876] 处理 300470 中密控股...
[2026-06-28 19:15:12] [1073/4876] 处理 600512 腾达建设...
[2026-06-28 19:15:12] [1074/4876] 处理 002867 周大生...
[2026-06-28 19:15:13] [1075/4876] 处理 688106 金宏气体...
[2026-06-28 19:15:13] [1076/4876] 处理 300363 博腾股份...
[2026-06-28 19:15:13] [1077/4876] 处理 603602 纵横通信...
[2026-06-28 19:15:14] [1078/4876] 处理 600391 航发科技...
[2026-06-28 19:15:14] [1079/4876] 处理 920037 广信科技...
[2026-06-28 19:15:15] [1080/4876] 处理 688620 安凯微...
[2026-06-28 19:15:15] [1081/4876] 处理 002558 巨人网络...
[2026-06-28 19:15:16] [1082/4876] 处理 600188 兖矿能源...
[2026-06-28 19:15:16] [1083/4876] 处理 300274 阳光电源...
[2026-06-28 19:15:17] [1084/4876] 处理 603317 天味食品...
[2026-06-28 19:15:17] [1085/4876] 处理 603520 司太立...
[2026-06-28 19:15:18] [1086/4876] 处理 000537 绿发电力...
[2026-06-28 19:15:18] [1087/4876] 处理 603336 宏辉果蔬...
[2026-06-28 19:15:19] [1088/4876] 处理 002958 青农商行...
[2026-06-28 19:15:19] [1089/4876] 处理 600692 亚通股份...
[2026-06-28 19:15:19]   → 60日跌幅 -33.61%，符合条件！
[2026-06-28 19:15:19] [1090/4876] 处理 001914 招商积余...
[2026-06-28 19:15:20] [1091/4876] 处理 000598 兴蓉环境...
[2026-06-28 19:15:20] [1092/4876] 处理 002444 巨星科技...
[2026-06-28 19:15:21] [1093/4876] 处理 002935 天奥电子...
[2026-06-28 19:15:21] [1094/4876] 处理 603213 镇洋发展...
[2026-06-28 19:15:21] [1095/4876] 处理 603023 威帝股份...
[2026-06-28 19:15:22]   → 60日跌幅 -31.89%，符合条件！
[2026-06-28 19:15:22] [1096/4876] 处理 601816 京沪高铁...
[2026-06-28 19:15:22] [1097/4876] 处理 000903 ST云动...
[2026-06-28 19:15:23] [1098/4876] 处理 300948 冠中生态...
[2026-06-28 19:15:23] [1099/4876] 处理 002723 小崧股份...
[2026-06-28 19:15:24] [1100/4876] 处理 600428 中远海特...
[2026-06-28 19:15:24] [1101/4876] 处理 000911 *ST广糖...
[2026-06-28 19:15:24]   → 60日跌幅 -45.39%，符合条件！
[2026-06-28 19:15:25] [1102/4876] 处理 002494 华斯股份...
[2026-06-28 19:15:25] [1103/4876] 处理 002330 得利斯...
[2026-06-28 19:15:26] [1104/4876] 处理 002204 大连重工...
[2026-06-28 19:15:26] [1105/4876] 处理 603195 公牛集团...
[2026-06-28 19:15:27] [1106/4876] 处理 002041 登海种业...
[2026-06-28 19:15:27] [1107/4876] 处理 600027 XD华电国...
[2026-06-28 19:15:27] [1108/4876] 处理 002955 鸿合科技...
[2026-06-28 19:15:28] [1109/4876] 处理 002025 航天电器...
[2026-06-28 19:15:28] [1110/4876] 处理 301305 朗坤科技...
[2026-06-28 19:15:29] [1111/4876] 处理 002614 奥佳华...
[2026-06-28 19:15:29] [1112/4876] 处理 002993 奥海科技...
[2026-06-28 19:15:30] [1113/4876] 处理 600023 浙能电力...
[2026-06-28 19:15:30] [1114/4876] 处理 000723 美锦能源...
[2026-06-28 19:15:31] [1115/4876] 处理 688146 中船特气...
[2026-06-28 19:15:31] [1116/4876] 处理 300430 *ST益通...
[2026-06-28 19:15:31]   → 60日跌幅 -75.52%，符合条件！
[2026-06-28 19:15:32] [1117/4876] 处理 688786 悦安新材...
[2026-06-28 19:15:32] [1118/4876] 处理 600368 五洲交通...
[2026-06-28 19:15:33] [1119/4876] 处理 601918 新集能源...
[2026-06-28 19:15:33] [1120/4876] 处理 000782 恒申新材...
[2026-06-28 19:15:33] [1121/4876] 处理 600495 晋西车轴...
[2026-06-28 19:15:34] [1122/4876] 处理 605218 伟时电子...
[2026-06-28 19:15:34] [1123/4876] 处理 002795 永和智控...
[2026-06-28 19:15:35] [1124/4876] 处理 002571 德力股份...
[2026-06-28 19:15:35] [1125/4876] 处理 300387 富邦科技...
[2026-06-28 19:15:36] [1126/4876] 处理 603843 *ST正平...
[2026-06-28 19:15:36] [1127/4876] 处理 688131 皓元医药...
[2026-06-28 19:15:37] [1128/4876] 处理 603558 健盛集团...
[2026-06-28 19:15:37] [1129/4876] 处理 002574 明牌珠宝...
[2026-06-28 19:15:38] [1130/4876] 处理 300237 ST美晨...
[2026-06-28 19:15:38] [1131/4876] 处理 920491 奥迪威...
[2026-06-28 19:15:39] [1132/4876] 处理 601921 浙版传媒...
[2026-06-28 19:15:39] [1133/4876] 处理 603262 技源集团...
[2026-06-28 19:15:39] [1134/4876] 处理 600017 日照港...
[2026-06-28 19:15:40] [1135/4876] 处理 603360 百傲化学...
[2026-06-28 19:15:40]   → 60日跌幅 -41.88%，符合条件！
[2026-06-28 19:15:40] [1136/4876] 处理 301070 开勒股份...
[2026-06-28 19:15:41] [1137/4876] 处理 300509 新美星...
[2026-06-28 19:15:41] [1138/4876] 处理 002909 集泰股份...
[2026-06-28 19:15:42] [1139/4876] 处理 002367 康力电梯...
[2026-06-28 19:15:42] [1140/4876] 处理 000897 津滨发展...
[2026-06-28 19:15:43] [1141/4876] 处理 000777 中核科技...
[2026-06-28 19:15:43] [1142/4876] 处理 002936 郑州银行...
[2026-06-28 19:15:44] [1143/4876] 处理 301077 星华新材...
[2026-06-28 19:15:44] [1144/4876] 处理 300706 阿石创...
[2026-06-28 19:15:45] [1145/4876] 处理 002902 铭普光磁...
[2026-06-28 19:15:45] [1146/4876] 处理 000809 和展能源...
[2026-06-28 19:15:45] [1147/4876] 处理 001259 利仁科技...
[2026-06-28 19:15:46] [1148/4876] 处理 601665 齐鲁银行...
[2026-06-28 19:15:46] [1149/4876] 处理 002321 华英农业...
[2026-06-28 19:15:47] [1150/4876] 处理 002003 伟星股份...
[2026-06-28 19:15:47] [1151/4876] 处理 002761 浙江建投...
[2026-06-28 19:15:48] [1152/4876] 处理 603980 吉华集团...
[2026-06-28 19:15:48] [1153/4876] 处理 000793 *ST华闻...
[2026-06-28 19:15:49] [1154/4876] 处理 600926 杭州银行...
[2026-06-28 19:15:49] [1155/4876] 处理 603568 伟明环保...
[2026-06-28 19:15:50] [1156/4876] 处理 601860 紫金银行...
[2026-06-28 19:15:50] [1157/4876] 处理 000702 正虹科技...
[2026-06-28 19:15:51] [1158/4876] 处理 002893 京能热力...
[2026-06-28 19:15:51] [1159/4876] 处理 300447 全信股份...
[2026-06-28 19:15:52] [1160/4876] 处理 601328 交通银行...
[2026-06-28 19:15:52] [1161/4876] 处理 002133 广宇集团...
[2026-06-28 19:15:52]   → 60日跌幅 -30.48%，符合条件！
[2026-06-28 19:15:53] [1162/4876] 处理 688319 欧林生物...
[2026-06-28 19:15:53] [1163/4876] 处理 002353 杰瑞股份...
[2026-06-28 19:15:54] [1164/4876] 处理 000156 华数传媒...
[2026-06-28 19:15:54] [1165/4876] 处理 600011 华能国际...
[2026-06-28 19:15:55] [1166/4876] 处理 301181 标榜股份...
[2026-06-28 19:15:55] [1167/4876] 处理 600984 建设机械...
[2026-06-28 19:15:56] [1168/4876] 处理 000692 惠天热电...
[2026-06-28 19:15:56] [1169/4876] 处理 300306 远方信息...
[2026-06-28 19:15:57] [1170/4876] 处理 688425 铁建重工...
[2026-06-28 19:15:57] [1171/4876] 处理 300373 扬杰科技...
[2026-06-28 19:15:58] [1172/4876] 处理 600234 科新发展...
[2026-06-28 19:15:58] [1173/4876] 处理 301166 优宁维...
[2026-06-28 19:15:59] [1174/4876] 处理 002394 联发股份...
[2026-06-28 19:15:59]   → 60日跌幅 -33.21%，符合条件！
[2026-06-28 19:15:59] [1175/4876] 处理 603801 志邦家居...
[2026-06-28 19:15:59]   → 60日跌幅 -35.80%，符合条件！
[2026-06-28 19:16:00] [1176/4876] 处理 002027 分众传媒...
[2026-06-28 19:16:00] [1177/4876] 处理 300169 天晟新材...
[2026-06-28 19:16:01] [1178/4876] 处理 002529 海源复材...
[2026-06-28 19:16:01] [1179/4876] 处理 301398 星源卓镁...
[2026-06-28 19:16:01]   → 60日跌幅 -30.83%，符合条件！
[2026-06-28 19:16:02] [1180/4876] 处理 300193 佳士科技...
[2026-06-28 19:16:02] [1181/4876] 处理 603669 灵康药业...
[2026-06-28 19:16:03] [1182/4876] 处理 300730 科创信息...
[2026-06-28 19:16:03] [1183/4876] 处理 002413 雷科防务...
[2026-06-28 19:16:04] [1184/4876] 处理 002877 智能自控...
[2026-06-28 19:16:04] [1185/4876] 处理 603049 中策橡胶...
[2026-06-28 19:16:05] [1186/4876] 处理 002005 ST德豪...
[2026-06-28 19:16:05] [1187/4876] 处理 920036 觅睿科技...
[2026-06-28 19:16:06] [1188/4876] 处理 300167 ST迪威迅...
[2026-06-28 19:16:06] [1189/4876] 处理 002640 跨境通...
[2026-06-28 19:16:07] [1190/4876] 处理 601222 林洋能源...
[2026-06-28 19:16:07] [1191/4876] 处理 600956 新天绿能...
[2026-06-28 19:16:08] [1192/4876] 处理 001208 华菱线缆...
[2026-06-28 19:16:08] [1193/4876] 处理 603901 永创智能...
[2026-06-28 19:16:09] [1194/4876] 处理 688577 浙海德曼...
[2026-06-28 19:16:09] [1195/4876] 处理 688202 美迪西...
[2026-06-28 19:16:10] [1196/4876] 处理 605069 正和生态...
[2026-06-28 19:16:10] [1197/4876] 处理 002979 雷赛智能...
[2026-06-28 19:16:11] [1198/4876] 处理 600519 XD贵州茅...
[2026-06-28 19:16:11] [1199/4876] 处理 600938 中国海油...
[2026-06-28 19:16:11]   → 60日跌幅 -33.41%，符合条件！
[2026-06-28 19:16:12] [1200/4876] 处理 000301 东方盛虹...
[2026-06-28 19:16:12] [1201/4876] 处理 301300 远翔新材...
[2026-06-28 19:16:13] [1202/4876] 处理 000520 凤凰航运...
[2026-06-28 19:16:13] [1203/4876] 处理 603097 江苏华辰...
[2026-06-28 19:16:14] [1204/4876] 处理 603878 武进不锈...
[2026-06-28 19:16:14]   → 60日跌幅 -30.26%，符合条件！
[2026-06-28 19:16:14] [1205/4876] 处理 002807 江阴银行...
[2026-06-28 19:16:15] [1206/4876] 处理 603616 韩建河山...
[2026-06-28 19:16:15] [1207/4876] 处理 300481 濮阳惠成...
[2026-06-28 19:16:16] [1208/4876] 处理 002039 黔源电力...
[2026-06-28 19:16:16] [1209/4876] 处理 600084 *ST尼雅...
[2026-06-28 19:16:16]   → 60日跌幅 -47.04%，符合条件！
[2026-06-28 19:16:17] [1210/4876] 处理 002948 青岛银行...
[2026-06-28 19:16:17] [1211/4876] 处理 000965 天保基建...
[2026-06-28 19:16:18] [1212/4876] 处理 688702 盛科通信-U...
[2026-06-28 19:16:18] [1213/4876] 处理 600279 重庆港...
[2026-06-28 19:16:19] [1214/4876] 处理 601929 吉视传媒...
[2026-06-28 19:16:19] [1215/4876] 处理 002767 先锋电子...
[2026-06-28 19:16:20] [1216/4876] 处理 002671 龙泉股份...
[2026-06-28 19:16:20]   → 60日跌幅 -33.57%，符合条件！
[2026-06-28 19:16:20] [1217/4876] 处理 002611 东方精工...
[2026-06-28 19:16:21] [1218/4876] 处理 600528 中铁工业...
[2026-06-28 19:16:21] [1219/4876] 处理 300478 杭州高新...
[2026-06-28 19:16:22] [1220/4876] 处理 000407 胜利股份...
[2026-06-28 19:16:22] [1221/4876] 处理 002372 伟星新材...
[2026-06-28 19:16:23] [1222/4876] 处理 601818 光大银行...
[2026-06-28 19:16:23] [1223/4876] 处理 600195 中牧股份...
[2026-06-28 19:16:24] [1224/4876] 处理 603776 永安行...
[2026-06-28 19:16:24] [1225/4876] 处理 605058 澳弘电子...
[2026-06-28 19:16:25] [1226/4876] 处理 002628 成都路桥...
[2026-06-28 19:16:25] [1227/4876] 处理 000922 佳电股份...
[2026-06-28 19:16:26] [1228/4876] 处理 002596 海南瑞泽...
[2026-06-28 19:16:26] [1229/4876] 处理 603289 泰瑞机器...
[2026-06-28 19:16:27] [1230/4876] 处理 002721 金一文化...
[2026-06-28 19:16:27] [1231/4876] 处理 601096 宏盛华源...
[2026-06-28 19:16:28] [1232/4876] 处理 605599 菜百股份...
[2026-06-28 19:16:28]   → 60日跌幅 -37.30%，符合条件！
[2026-06-28 19:16:28] [1233/4876] 处理 688187 时代电气...
[2026-06-28 19:16:29] [1234/4876] 处理 300424 航新科技...
[2026-06-28 19:16:29] [1235/4876] 处理 002338 奥普光电...
[2026-06-28 19:16:30] [1236/4876] 处理 600527 江南高纤...
[2026-06-28 19:16:30] [1237/4876] 处理 000017 深中华A...
[2026-06-28 19:16:31] [1238/4876] 处理 002849 威星智能...
[2026-06-28 19:16:31] [1239/4876] 处理 605180 华生科技...
[2026-06-28 19:16:32] [1240/4876] 处理 688670 金迪克...
[2026-06-28 19:16:32] [1241/4876] 处理 300575 中旗股份...
[2026-06-28 19:16:33] [1242/4876] 处理 603959 ST百利...
[2026-06-28 19:16:33]   → 60日跌幅 -30.31%，符合条件！
[2026-06-28 19:16:33] [1243/4876] 处理 300800 力合科技...
[2026-06-28 19:16:34] [1244/4876] 处理 601518 吉林高速...
[2026-06-28 19:16:34] [1245/4876] 处理 600887 伊利股份...
[2026-06-28 19:16:35] [1246/4876] 处理 603018 华设集团...
[2026-06-28 19:16:35] [1247/4876] 处理 002310 东方新能...
[2026-06-28 19:16:35]   → 60日跌幅 -43.42%，符合条件！
[2026-06-28 19:16:36] [1248/4876] 处理 600628 新世界...
[2026-06-28 19:16:36] [1249/4876] 处理 920087 秋乐种业...
[2026-06-28 19:16:36]   → 60日跌幅 -38.96%，符合条件！
[2026-06-28 19:16:37] [1250/4876] 处理 002528 *ST英飞...
[2026-06-28 19:16:37] [1251/4876] 处理 300628 亿联网络...
[2026-06-28 19:16:38] [1252/4876] 处理 002483 润邦股份...
[2026-06-28 19:16:38] [1253/4876] 处理 300335 迪森股份...
[2026-06-28 19:16:39]   → 60日跌幅 -37.20%，符合条件！
[2026-06-28 19:16:39] [1254/4876] 处理 002548 金新农...
[2026-06-28 19:16:39]   → 60日跌幅 -36.30%，符合条件！
[2026-06-28 19:16:39] [1255/4876] 处理 002166 莱茵生物...
[2026-06-28 19:16:40] [1256/4876] 处理 301040 中环海陆...
[2026-06-28 19:16:40] [1257/4876] 处理 688357 建龙微纳...
[2026-06-28 19:16:41] [1258/4876] 处理 301058 中粮科工...
[2026-06-28 19:16:41] [1259/4876] 处理 002001 新 和 成...
[2026-06-28 19:16:42] [1260/4876] 处理 603389 *ST亚振...
[2026-06-28 19:16:42] [1261/4876] 处理 600999 招商证券...
[2026-06-28 19:16:43] [1262/4876] 处理 600897 厦门空港...
[2026-06-28 19:16:43] [1263/4876] 处理 300731 科创新源...
[2026-06-28 19:16:44] [1264/4876] 处理 301019 宁波色母...
[2026-06-28 19:16:44] [1265/4876] 处理 600116 三峡水利...
[2026-06-28 19:16:45] [1266/4876] 处理 000951 中国重汽...
[2026-06-28 19:16:45] [1267/4876] 处理 000636 风华高科...
[2026-06-28 19:16:46] [1268/4876] 处理 302132 中航成飞...
[2026-06-28 19:16:46] [1269/4876] 处理 002809 红墙股份...
[2026-06-28 19:16:47]   → 60日跌幅 -32.15%，符合条件！
[2026-06-28 19:16:47] [1270/4876] 处理 000757 浩物股份...
[2026-06-28 19:16:47] [1271/4876] 处理 000610 *ST西旅...
[2026-06-28 19:16:47]   → 60日跌幅 -40.04%，符合条件！
[2026-06-28 19:16:48] [1272/4876] 处理 000779 甘咨询...
[2026-06-28 19:16:48] [1273/4876] 处理 603985 恒润股份...
[2026-06-28 19:16:49] [1274/4876] 处理 600697 欧亚集团...
[2026-06-28 19:16:49] [1275/4876] 处理 002059 云南旅游...
[2026-06-28 19:16:49] [1276/4876] 处理 002513 蓝丰生化...
[2026-06-28 19:16:50] [1277/4876] 处理 000528 柳    工...
[2026-06-28 19:16:50] [1278/4876] 处理 002911 佛燃能源...
[2026-06-28 19:16:51]   → 60日跌幅 -32.87%，符合条件！
[2026-06-28 19:16:51] [1279/4876] 处理 002917 金奥博...
[2026-06-28 19:16:51] [1280/4876] 处理 601677 明泰铝业...
[2026-06-28 19:16:52] [1281/4876] 处理 300629 新劲刚...
[2026-06-28 19:16:52] [1282/4876] 处理 688291 金橙子...
[2026-06-28 19:16:53] [1283/4876] 处理 000735 罗 牛 山...
[2026-06-28 19:16:53] [1284/4876] 处理 600597 光明乳业...
[2026-06-28 19:16:54] [1285/4876] 处理 605001 威奥股份...
[2026-06-28 19:16:54] [1286/4876] 处理 300068 ST南都...
[2026-06-28 19:16:54]   → 60日跌幅 -69.84%，符合条件！
[2026-06-28 19:16:55] [1287/4876] 处理 002465 海格通信...
[2026-06-28 19:16:55] [1288/4876] 处理 002375 亚厦股份...
[2026-06-28 19:16:55] [1289/4876] 处理 002387 维信诺...
[2026-06-28 19:16:56] [1290/4876] 处理 000738 航发控制...
[2026-06-28 19:16:56] [1291/4876] 处理 002046 国机精工...
[2026-06-28 19:16:57] [1292/4876] 处理 002151 北斗星通...
[2026-06-28 19:16:57] [1293/4876] 处理 601156 东航物流...
[2026-06-28 19:16:58] [1294/4876] 处理 000608 阳光股份...
[2026-06-28 19:16:58] [1295/4876] 处理 301061 匠心家居...
[2026-06-28 19:16:58]   → 60日跌幅 -40.04%，符合条件！
[2026-06-28 19:16:59] [1296/4876] 处理 300087 荃银高科...
[2026-06-28 19:16:59] [1297/4876] 处理 000570 苏常柴Ａ...
[2026-06-28 19:17:00] [1298/4876] 处理 688612 威迈斯...
[2026-06-28 19:17:00] [1299/4876] 处理 600373 中文传媒...
[2026-06-28 19:17:00] [1300/4876] 处理 600059 古越龙山...
[2026-06-28 19:17:01] [1301/4876] 处理 600479 千金药业...
[2026-06-28 19:17:01] [1302/4876] 处理 000672 上峰材料...
[2026-06-28 19:17:02] [1303/4876] 处理 605108 同庆楼...
[2026-06-28 19:17:02]   → 60日跌幅 -30.59%，符合条件！
[2026-06-28 19:17:02] [1304/4876] 处理 300643 万通智控...
[2026-06-28 19:17:03] [1305/4876] 处理 600662 外服控股...
[2026-06-28 19:17:03] [1306/4876] 处理 603188 亚邦股份...
[2026-06-28 19:17:04] [1307/4876] 处理 603601 再升科技...
[2026-06-28 19:17:04] [1308/4876] 处理 002352 顺丰控股...
[2026-06-28 19:17:04] [1309/4876] 处理 603092 德力佳...
[2026-06-28 19:17:05] [1310/4876] 处理 003003 天元股份...
[2026-06-28 19:17:05] [1311/4876] 处理 301281 科源制药...
[2026-06-28 19:17:06] [1312/4876] 处理 688543 国科军工...
[2026-06-28 19:17:06]   → 60日跌幅 -31.31%，符合条件！
[2026-06-28 19:17:06] [1313/4876] 处理 600398 海澜之家...
[2026-06-28 19:17:07] [1314/4876] 处理 000868 安凯客车...
[2026-06-28 19:17:07] [1315/4876] 处理 000582 北部湾港...
[2026-06-28 19:17:08] [1316/4876] 处理 002839 张家港行...
[2026-06-28 19:17:08] [1317/4876] 处理 000045 深纺织Ａ...
[2026-06-28 19:17:08]   → 60日跌幅 -31.03%，符合条件！
[2026-06-28 19:17:09] [1318/4876] 处理 301083 百胜智能...
[2026-06-28 19:17:09] [1319/4876] 处理 601968 宝钢包装...
[2026-06-28 19:17:09] [1320/4876] 处理 603536 惠发食品...
[2026-06-28 19:17:10] [1321/4876] 处理 688163 赛伦生物...
[2026-06-28 19:17:10] [1322/4876] 处理 688210 统联精密...
[2026-06-28 19:17:11] [1323/4876] 处理 601006 大秦铁路...
[2026-06-28 19:17:11] [1324/4876] 处理 600313 农发种业...
[2026-06-28 19:17:12]   → 60日跌幅 -37.76%，符合条件！
[2026-06-28 19:17:12] [1325/4876] 处理 001336 楚环科技...
[2026-06-28 19:17:12] [1326/4876] 处理 002269 美邦服饰...
[2026-06-28 19:17:13] [1327/4876] 处理 300129 泰胜风能...
[2026-06-28 19:17:13]   → 60日跌幅 -34.60%，符合条件！
[2026-06-28 19:17:13] [1328/4876] 处理 301218 华是科技...
[2026-06-28 19:17:14] [1329/4876] 处理 002660 茂硕电源...
[2026-06-28 19:17:14] [1330/4876] 处理 600444 国机通用...
[2026-06-28 19:17:15] [1331/4876] 处理 002522 浙江众成...
[2026-06-28 19:17:15] [1332/4876] 处理 600079 ST人福...
[2026-06-28 19:17:15] [1333/4876] 处理 300881 盛德鑫泰...
[2026-06-28 19:17:16] [1334/4876] 处理 601058 赛轮轮胎...
[2026-06-28 19:17:16] [1335/4876] 处理 600135 乐凯胶片...
[2026-06-28 19:17:17] [1336/4876] 处理 603699 纽威股份...
[2026-06-28 19:17:17] [1337/4876] 处理 300263 隆华科技...
[2026-06-28 19:17:18] [1338/4876] 处理 002820 桂发祥...
[2026-06-28 19:17:18] [1339/4876] 处理 301571 国科天成...
[2026-06-28 19:17:19] [1340/4876] 处理 600130 波导股份...
[2026-06-28 19:17:19] [1341/4876] 处理 301266 宇邦新材...
[2026-06-28 19:17:19] [1342/4876] 处理 002847 盐津铺子...
[2026-06-28 19:17:20] [1343/4876] 处理 002128 电投能源...
[2026-06-28 19:17:20] [1344/4876] 处理 301322 绿通科技...
[2026-06-28 19:17:21] [1345/4876] 处理 300486 东杰智能...
[2026-06-28 19:17:21] [1346/4876] 处理 688562 航天软件...
[2026-06-28 19:17:22] [1347/4876] 处理 600376 首开股份...
[2026-06-28 19:17:22]   → 60日跌幅 -37.50%，符合条件！
[2026-06-28 19:17:22] [1348/4876] 处理 920368 连城数控...
[2026-06-28 19:17:22] [1349/4876] 处理 920012 创达新材...
[2026-06-28 19:17:23] [1350/4876] 处理 300070 碧水源...
[2026-06-28 19:17:23] [1351/4876] 处理 603208 江山欧派...
[2026-06-28 19:17:24] [1352/4876] 处理 601886 江河集团...
[2026-06-28 19:17:24] [1353/4876] 处理 600333 长春燃气...
[2026-06-28 19:17:25] [1354/4876] 处理 002068 黑猫股份...
[2026-06-28 19:17:25] [1355/4876] 处理 000503 国新健康...
[2026-06-28 19:17:26] [1356/4876] 处理 605016 百龙创园...
[2026-06-28 19:17:26] [1357/4876] 处理 300044 *ST赛为...
[2026-06-28 19:17:26]   → 60日跌幅 -41.93%，符合条件！
[2026-06-28 19:17:26] [1358/4876] 处理 002111 威海广泰...
[2026-06-28 19:17:27] [1359/4876] 处理 688314 康拓医疗...
[2026-06-28 19:17:27]   → 60日跌幅 -34.78%，符合条件！
[2026-06-28 19:17:27] [1360/4876] 处理 000505 京粮控股...
[2026-06-28 19:17:28] [1361/4876] 处理 601326 秦港股份...
[2026-06-28 19:17:28] [1362/4876] 处理 301151 冠龙节能...
[2026-06-28 19:17:29] [1363/4876] 处理 002037 保利联合...
[2026-06-28 19:17:29] [1364/4876] 处理 688290 景业智能...
[2026-06-28 19:17:30] [1365/4876] 处理 600288 大恒科技...
[2026-06-28 19:17:30] [1366/4876] 处理 000019 深粮控股...
[2026-06-28 19:17:30] [1367/4876] 处理 601139 深圳燃气...
[2026-06-28 19:17:31] [1368/4876] 处理 002105 信隆健康...
[2026-06-28 19:17:31] [1369/4876] 处理 600848 上海临港...
[2026-06-28 19:17:32] [1370/4876] 处理 002933 新兴装备...
[2026-06-28 19:17:32] [1371/4876] 处理 603075 热威股份...
[2026-06-28 19:17:33] [1372/4876] 处理 600549 厦门钨业...
[2026-06-28 19:17:33] [1373/4876] 处理 002258 利尔化学...
[2026-06-28 19:17:34] [1374/4876] 处理 600729 重百集团...
[2026-06-28 19:17:34] [1375/4876] 处理 601177 杭齿前进...
[2026-06-28 19:17:34] [1376/4876] 处理 603628 XD清源股...
[2026-06-28 19:17:35]   → 60日跌幅 -40.49%，符合条件！
[2026-06-28 19:17:35] [1377/4876] 处理 301185 鸥玛软件...
[2026-06-28 19:17:35] [1378/4876] 处理 600353 旭光电子...
[2026-06-28 19:17:36] [1379/4876] 处理 688518 联赢激光...
[2026-06-28 19:17:36] [1380/4876] 处理 300610 晨化股份...
[2026-06-28 19:17:37] [1381/4876] 处理 002273 水晶光电...
[2026-06-28 19:17:37] [1382/4876] 处理 301313 凡拓数创...
[2026-06-28 19:17:38] [1383/4876] 处理 300135 宝利国际...
[2026-06-28 19:17:38] [1384/4876] 处理 002238 天威视讯...
[2026-06-28 19:17:38] [1385/4876] 处理 002516 旷达科技...
[2026-06-28 19:17:39] [1386/4876] 处理 688419 耐科装备...
[2026-06-28 19:17:39] [1387/4876] 处理 600844 金煤科技...
[2026-06-28 19:17:40]   → 60日跌幅 -52.69%，符合条件！
[2026-06-28 19:17:40] [1388/4876] 处理 300947 德必集团...
[2026-06-28 19:17:40] [1389/4876] 处理 600022 山东钢铁...
[2026-06-28 19:17:41] [1390/4876] 处理 600435 北方导航...
[2026-06-28 19:17:41] [1391/4876] 处理 002623 亚玛顿...
[2026-06-28 19:17:42] [1392/4876] 处理 002895 川恒股份...
[2026-06-28 19:17:42] [1393/4876] 处理 301037 保立佳...
[2026-06-28 19:17:43] [1394/4876] 处理 688552 航天南湖...
[2026-06-28 19:17:43]   → 60日跌幅 -37.41%，符合条件！
[2026-06-28 19:17:43] [1395/4876] 处理 002678 珠江钢琴...
[2026-06-28 19:17:43] [1396/4876] 处理 002682 龙洲股份...
[2026-06-28 19:17:44]   → 60日跌幅 -31.51%，符合条件！
[2026-06-28 19:17:44] [1397/4876] 处理 605499 东鹏饮料...
[2026-06-28 19:17:44]   → 60日跌幅 -36.06%，符合条件！
[2026-06-28 19:17:44] [1398/4876] 处理 301042 安联锐视...
[2026-06-28 19:17:45] [1399/4876] 处理 002830 名雕股份...
[2026-06-28 19:17:45] [1400/4876] 处理 600684 珠江股份...
[2026-06-28 19:17:45]   → 60日跌幅 -39.24%，符合条件！
[2026-06-28 19:17:46] [1401/4876] 处理 600863 华能蒙电...
[2026-06-28 19:17:46] [1402/4876] 处理 688281 华秦科技...
[2026-06-28 19:17:47] [1403/4876] 处理 600995 南网储能...
[2026-06-28 19:17:47] [1404/4876] 处理 601995 中金公司...
[2026-06-28 19:17:47] [1405/4876] 处理 601009 南京银行...
[2026-06-28 19:17:48] [1406/4876] 处理 000862 银星能源...
[2026-06-28 19:17:48]   → 60日跌幅 -32.77%，符合条件！
[2026-06-28 19:17:48] [1407/4876] 处理 002607 中公教育...
[2026-06-28 19:17:49]   → 60日跌幅 -32.08%，符合条件！
[2026-06-28 19:17:49] [1408/4876] 处理 300707 威唐工业...
[2026-06-28 19:17:49] [1409/4876] 处理 002511 中顺洁柔...
[2026-06-28 19:17:50] [1410/4876] 处理 601567 三星电气...
[2026-06-28 19:17:50]   → 60日跌幅 -46.71%，符合条件！
[2026-06-28 19:17:50] [1411/4876] 处理 688300 联瑞新材...
[2026-06-28 19:17:51] [1412/4876] 处理 002775 文科股份...
[2026-06-28 19:17:51] [1413/4876] 处理 002482 广田集团...
[2026-06-28 19:17:52] [1414/4876] 处理 300303 聚飞光电...
[2026-06-28 19:17:52] [1415/4876] 处理 002312 川发龙蟒...
[2026-06-28 19:17:52] [1416/4876] 处理 002468 申通快递...
[2026-06-28 19:17:53] [1417/4876] 处理 600529 山东药玻...
[2026-06-28 19:17:53] [1418/4876] 处理 603099 长白山...
[2026-06-28 19:17:54] [1419/4876] 处理 002800 天顺股份...
[2026-06-28 19:17:54]   → 60日跌幅 -36.97%，符合条件！
[2026-06-28 19:17:54] [1420/4876] 处理 300245 ST天玑...
[2026-06-28 19:17:54]   → 60日跌幅 -61.30%，符合条件！
[2026-06-28 19:17:55] [1421/4876] 处理 920026 卓兆点胶...
[2026-06-28 19:17:55] [1422/4876] 处理 603733 仙鹤股份...
[2026-06-28 19:17:56] [1423/4876] 处理 002722 物产金轮...
[2026-06-28 19:17:56] [1424/4876] 处理 300712 永福股份...
[2026-06-28 19:17:56]   → 60日跌幅 -34.26%，符合条件！
[2026-06-28 19:17:57] [1425/4876] 处理 600167 联美控股...
[2026-06-28 19:17:57] [1426/4876] 处理 600727 鲁北化工...
[2026-06-28 19:17:58] [1427/4876] 处理 301024 霍普股份...
[2026-06-28 19:17:58] [1428/4876] 处理 002735 王子新材...
[2026-06-28 19:17:59] [1429/4876] 处理 002676 顺威股份...
[2026-06-28 19:17:59] [1430/4876] 处理 002112 三变科技...
[2026-06-28 19:17:59] [1431/4876] 处理 300607 拓斯达...
[2026-06-28 19:18:00] [1432/4876] 处理 600233 圆通速递...
[2026-06-28 19:18:00] [1433/4876] 处理 000637 茂化实华...
[2026-06-28 19:18:01] [1434/4876] 处理 002865 钧达股份...
[2026-06-28 19:18:01] [1435/4876] 处理 920799 艾融软件...
[2026-06-28 19:18:02] [1436/4876] 处理 003042 中农联合...
[2026-06-28 19:18:02]   → 60日跌幅 -37.48%，符合条件！
[2026-06-28 19:18:02] [1437/4876] 处理 001280 中国铀业...
[2026-06-28 19:18:03] [1438/4876] 处理 603818 曲美家居...
[2026-06-28 19:18:03] [1439/4876] 处理 601022 宁波远洋...
[2026-06-28 19:18:04] [1440/4876] 处理 688329 艾隆科技...
[2026-06-28 19:18:04] [1441/4876] 处理 000822 山东海化...
[2026-06-28 19:18:04]   → 60日跌幅 -35.74%，符合条件！
[2026-06-28 19:18:04] [1442/4876] 处理 000685 中山公用...
[2026-06-28 19:18:05] [1443/4876] 处理 600477 杭萧钢构...
[2026-06-28 19:18:05] [1444/4876] 处理 601766 中国中车...
[2026-06-28 19:18:06] [1445/4876] 处理 002445 中南文化...
[2026-06-28 19:18:06]   → 60日跌幅 -30.88%，符合条件！
[2026-06-28 19:18:06] [1446/4876] 处理 600099 林海股份...
[2026-06-28 19:18:07] [1447/4876] 处理 001313 粤海饲料...
[2026-06-28 19:18:07] [1448/4876] 处理 600356 XD恒丰纸...
[2026-06-28 19:18:08] [1449/4876] 处理 600073 光明肉业...
[2026-06-28 19:18:08] [1450/4876] 处理 600600 青岛啤酒...
[2026-06-28 19:18:09] [1451/4876] 处理 688578 艾力斯...
[2026-06-28 19:18:09] [1452/4876] 处理 000656 *ST金科...
[2026-06-28 19:18:10] [1453/4876] 处理 603517 ST绝味...
[2026-06-28 19:18:10] [1454/4876] 处理 300475 香农芯创...
[2026-06-28 19:18:11] [1455/4876] 处理 300649 杭州园林...
[2026-06-28 19:18:11] [1456/4876] 处理 920068 天工股份...
[2026-06-28 19:18:11] [1457/4876] 处理 300158 振东制药...
[2026-06-28 19:18:12] [1458/4876] 处理 688076 ST诺泰...
[2026-06-28 19:18:12] [1459/4876] 处理 001268 联合精密...
[2026-06-28 19:18:13] [1460/4876] 处理 601005 重庆钢铁...
[2026-06-28 19:18:13] [1461/4876] 处理 603366 日出东方...
[2026-06-28 19:18:13]   → 60日跌幅 -34.31%，符合条件！
[2026-06-28 19:18:14] [1462/4876] 处理 000830 鲁西化工...
[2026-06-28 19:18:14] [1463/4876] 处理 301297 富乐德...
[2026-06-28 19:18:15] [1464/4876] 处理 601899 XD紫金矿...
[2026-06-28 19:18:15] [1465/4876] 处理 920284 灵鸽科技...
[2026-06-28 19:18:16] [1466/4876] 处理 603040 新坐标...
[2026-06-28 19:18:16] [1467/4876] 处理 002172 澳洋健康...
[2026-06-28 19:18:16]   → 60日跌幅 -31.16%，符合条件！
[2026-06-28 19:18:17] [1468/4876] 处理 003041 真爱美家...
[2026-06-28 19:18:17] [1469/4876] 处理 600101 明星电力...
[2026-06-28 19:18:17] [1470/4876] 处理 301119 正强股份...
[2026-06-28 19:18:18] [1471/4876] 处理 600035 XD楚天高...
[2026-06-28 19:18:18] [1472/4876] 处理 002651 利君股份...
[2026-06-28 19:18:19] [1473/4876] 处理 002982 湘佳股份...
[2026-06-28 19:18:19] [1474/4876] 处理 301302 华如科技...
[2026-06-28 19:18:20] [1475/4876] 处理 002612 朗姿股份...
[2026-06-28 19:18:20] [1476/4876] 处理 002162 悦心健康...
[2026-06-28 19:18:21] [1477/4876] 处理 003032 传智教育...
[2026-06-28 19:18:21] [1478/4876] 处理 600372 中航机载...
[2026-06-28 19:18:22] [1479/4876] 处理 300489 光智科技...
[2026-06-28 19:18:22] [1480/4876] 处理 002563 森马服饰...
[2026-06-28 19:18:23] [1481/4876] 处理 300006 莱美药业...
[2026-06-28 19:18:23] [1482/4876] 处理 603529 爱玛科技...
[2026-06-28 19:18:23]   → 60日跌幅 -39.47%，符合条件！
[2026-06-28 19:18:23] [1483/4876] 处理 000517 荣安地产...
[2026-06-28 19:18:24] [1484/4876] 处理 300223 北京君正...
[2026-06-28 19:18:24] [1485/4876] 处理 300726 宏达电子...
[2026-06-28 19:18:25] [1486/4876] 处理 002036 联创电子...
[2026-06-28 19:18:25] [1487/4876] 处理 300554 三超新材...
[2026-06-28 19:18:26] [1488/4876] 处理 603218 日月股份...
[2026-06-28 19:18:26]   → 60日跌幅 -32.30%，符合条件！
[2026-06-28 19:18:26] [1489/4876] 处理 002134 天津普林...
[2026-06-28 19:18:27] [1490/4876] 处理 920299 灿能电力...
[2026-06-28 19:18:27]   → 60日跌幅 -30.85%，符合条件！
[2026-06-28 19:18:27] [1491/4876] 处理 301286 侨源股份...
[2026-06-28 19:18:28] [1492/4876] 处理 920578 巨能股份...
[2026-06-28 19:18:28] [1493/4876] 处理 300228 富瑞特装...
[2026-06-28 19:18:29] [1494/4876] 处理 603518 锦泓集团...
[2026-06-28 19:18:29] [1495/4876] 处理 002327 富安娜...
[2026-06-28 19:18:29] [1496/4876] 处理 000516 国际医学...
[2026-06-28 19:18:30] [1497/4876] 处理 688556 高测股份...
[2026-06-28 19:18:30] [1498/4876] 处理 000786 北新建材...
[2026-06-28 19:18:31] [1499/4876] 处理 000035 中国天楹...
[2026-06-28 19:18:31] [1500/4876] 处理 600801 华新建材...
[2026-06-28 19:18:32] [1501/4876] 处理 002535 林州重机...
[2026-06-28 19:18:32]   → 60日跌幅 -39.56%，符合条件！
[2026-06-28 19:18:32] [1502/4876] 处理 000543 皖能电力...
[2026-06-28 19:18:33] [1503/4876] 处理 601106 中国一重...
[2026-06-28 19:18:33] [1504/4876] 处理 920808 曙光数创...
[2026-06-28 19:18:33] [1505/4876] 处理 000902 新洋丰...
[2026-06-28 19:18:34] [1506/4876] 处理 002224 三 力 士...
[2026-06-28 19:18:34]   → 60日跌幅 -31.17%，符合条件！
[2026-06-28 19:18:34] [1507/4876] 处理 600033 福建高速...
[2026-06-28 19:18:35] [1508/4876] 处理 000028 国药一致...
[2026-06-28 19:18:35] [1509/4876] 处理 600425 青松建化...
[2026-06-28 19:18:36] [1510/4876] 处理 301310 鑫宏业...
[2026-06-28 19:18:36] [1511/4876] 处理 300873 海晨股份...
[2026-06-28 19:18:37] [1512/4876] 处理 000883 湖北能源...
[2026-06-28 19:18:37] [1513/4876] 处理 603050 科林电气...
[2026-06-28 19:18:37] [1514/4876] 处理 603066 音飞储存...
[2026-06-28 19:18:38] [1515/4876] 处理 603680 今创集团...
[2026-06-28 19:18:38] [1516/4876] 处理 600305 恒顺醋业...
[2026-06-28 19:18:39] [1517/4876] 处理 000069 华侨城Ａ...
[2026-06-28 19:18:39] [1518/4876] 处理 603008 ST喜临门...
[2026-06-28 19:18:39]   → 60日跌幅 -50.06%，符合条件！
[2026-06-28 19:18:40] [1519/4876] 处理 688220 翱捷科技-U...
[2026-06-28 19:18:40] [1520/4876] 处理 600322 津投城开...
[2026-06-28 19:18:41] [1521/4876] 处理 300998 宁波方正...
[2026-06-28 19:18:41] [1522/4876] 处理 600019 宝钢股份...
[2026-06-28 19:18:41] [1523/4876] 处理 000001 平安银行...
[2026-06-28 19:18:42] [1524/4876] 处理 002484 江海股份...
[2026-06-28 19:18:42] [1525/4876] 处理 001255 博菲电气...
[2026-06-28 19:18:42]   → 60日跌幅 -30.41%，符合条件！
[2026-06-28 19:18:43] [1526/4876] 处理 002943 宇晶股份...
[2026-06-28 19:18:43] [1527/4876] 处理 603712 七一二...
[2026-06-28 19:18:44] [1528/4876] 处理 600251 冠农股份...
[2026-06-28 19:18:44] [1529/4876] 处理 600681 百川能源...
[2026-06-28 19:18:44] [1530/4876] 处理 300053 航宇微...
[2026-06-28 19:18:45] [1531/4876] 处理 301557 常友科技...
[2026-06-28 19:18:45] [1532/4876] 处理 002320 海峡股份...
[2026-06-28 19:18:46] [1533/4876] 处理 600809 山西汾酒...
[2026-06-28 19:18:46] [1534/4876] 处理 002701 奥瑞金...
[2026-06-28 19:18:47] [1535/4876] 处理 300664 鹏鹞环保...
[2026-06-28 19:18:47] [1536/4876] 处理 603277 银都股份...
[2026-06-28 19:18:48] [1537/4876] 处理 603506 南都物业...
[2026-06-28 19:18:48] [1538/4876] 处理 300034 钢研高纳...
[2026-06-28 19:18:49] [1539/4876] 处理 600354 敦煌种业...
[2026-06-28 19:18:49]   → 60日跌幅 -31.38%，符合条件！
[2026-06-28 19:18:49] [1540/4876] 处理 600780 通宝能源...
[2026-06-28 19:18:49] [1541/4876] 处理 002817 黄山胶囊...
[2026-06-28 19:18:50] [1542/4876] 处理 002419 天虹股份...
[2026-06-28 19:18:50] [1543/4876] 处理 000061 农 产 品...
[2026-06-28 19:18:51] [1544/4876] 处理 600132 重庆啤酒...
[2026-06-28 19:18:51] [1545/4876] 处理 301090 华润材料...
[2026-06-28 19:18:52] [1546/4876] 处理 002572 索菲亚...
[2026-06-28 19:18:52]   → 60日跌幅 -37.80%，符合条件！
[2026-06-28 19:18:52] [1547/4876] 处理 688303 大全能源...
[2026-06-28 19:18:53] [1548/4876] 处理 603373 安邦护卫...
[2026-06-28 19:18:53] [1549/4876] 处理 600523 贵航股份...
[2026-06-28 19:18:54] [1550/4876] 处理 002459 晶澳科技...
[2026-06-28 19:18:54]   → 60日跌幅 -30.70%，符合条件！
[2026-06-28 19:18:54] [1551/4876] 处理 300829 金丹科技...
[2026-06-28 19:18:54]   → 60日跌幅 -33.75%，符合条件！
[2026-06-28 19:18:55] [1552/4876] 处理 002487 大金重工...
[2026-06-28 19:18:55] [1553/4876] 处理 920139 华岭股份...
[2026-06-28 19:18:55] [1554/4876] 处理 001387 雪祺电气...
[2026-06-28 19:18:56] [1555/4876] 处理 001366 播恩集团...
[2026-06-28 19:18:56] [1556/4876] 处理 603086 先达股份...
[2026-06-28 19:18:57]   → 60日跌幅 -32.00%，符合条件！
[2026-06-28 19:18:57] [1557/4876] 处理 300106 西部牧业...
[2026-06-28 19:18:57] [1558/4876] 处理 001326 联域股份...
[2026-06-28 19:18:58] [1559/4876] 处理 300935 盈建科...
[2026-06-28 19:18:58] [1560/4876] 处理 688657 浩辰软件...
[2026-06-28 19:18:59] [1561/4876] 处理 605169 洪通燃气...
[2026-06-28 19:18:59]   → 60日跌幅 -30.32%，符合条件！
[2026-06-28 19:18:59] [1562/4876] 处理 300763 锦浪科技...
[2026-06-28 19:19:00] [1563/4876] 处理 603813 原尚股份...
[2026-06-28 19:19:00] [1564/4876] 处理 600738 丽尚国潮...
[2026-06-28 19:19:01] [1565/4876] 处理 002299 圣农发展...
[2026-06-28 19:19:01] [1566/4876] 处理 002097 山河智能...
[2026-06-28 19:19:01] [1567/4876] 处理 600375 汉马科技...
[2026-06-28 19:19:02] [1568/4876] 处理 002495 佳隆股份...
[2026-06-28 19:19:02] [1569/4876] 处理 002595 豪迈科技...
[2026-06-28 19:19:03] [1570/4876] 处理 002622 皓宸医疗...
[2026-06-28 19:19:03] [1571/4876] 处理 300160 秀强股份...
[2026-06-28 19:19:04] [1572/4876] 处理 300371 汇中股份...
[2026-06-28 19:19:04] [1573/4876] 处理 600395 盘江股份...
[2026-06-28 19:19:05] [1574/4876] 处理 603379 三美股份...
[2026-06-28 19:19:05] [1575/4876] 处理 301117 佳缘科技...
[2026-06-28 19:19:05] [1576/4876] 处理 000607 华媒控股...
[2026-06-28 19:19:06] [1577/4876] 处理 688286 敏芯股份...
[2026-06-28 19:19:06] [1578/4876] 处理 300172 中电环保...
[2026-06-28 19:19:07] [1579/4876] 处理 301263 泰恩康...
[2026-06-28 19:19:07] [1580/4876] 处理 301022 海泰科...
[2026-06-28 19:19:07]   → 60日跌幅 -34.73%，符合条件！
[2026-06-28 19:19:08] [1581/4876] 处理 002802 洪汇新材...
[2026-06-28 19:19:08] [1582/4876] 处理 600579 中化装备...
[2026-06-28 19:19:09] [1583/4876] 处理 300393 中来股份...
[2026-06-28 19:19:09] [1584/4876] 处理 600805 悦达投资...
[2026-06-28 19:19:09] [1585/4876] 处理 002377 国创高新...
[2026-06-28 19:19:10] [1586/4876] 处理 301129 瑞纳智能...
[2026-06-28 19:19:10] [1587/4876] 处理 002383 合众思壮...
[2026-06-28 19:19:11]   → 60日跌幅 -31.41%，符合条件！
[2026-06-28 19:19:11] [1588/4876] 处理 600282 南钢股份...
[2026-06-28 19:19:11] [1589/4876] 处理 002557 洽洽食品...
[2026-06-28 19:19:12] [1590/4876] 处理 600815 厦工股份...
[2026-06-28 19:19:12]   → 60日跌幅 -39.67%，符合条件！
[2026-06-28 19:19:12] [1591/4876] 处理 301050 雷电微力...
[2026-06-28 19:19:13] [1592/4876] 处理 002091 江苏国泰...
[2026-06-28 19:19:13] [1593/4876] 处理 300329 海伦钢琴...
[2026-06-28 19:19:13] [1594/4876] 处理 600650 锦江在线...
[2026-06-28 19:19:14] [1595/4876] 处理 002766 索菱股份...
[2026-06-28 19:19:14] [1596/4876] 处理 600157 永泰能源...
[2026-06-28 19:19:15] [1597/4876] 处理 001328 登康口腔...
[2026-06-28 19:19:15] [1598/4876] 处理 300790 宇瞳光学...
[2026-06-28 19:19:16] [1599/4876] 处理 000058 深 赛 格...
[2026-06-28 19:19:16] [1600/4876] 处理 300850 新强联...
[2026-06-28 19:19:16]   → 60日跌幅 -39.21%，符合条件！
[2026-06-28 19:19:17] [1601/4876] 处理 002443 金洲管道...
[2026-06-28 19:19:17] [1602/4876] 处理 002966 苏州银行...
[2026-06-28 19:19:18] [1603/4876] 处理 002316 亚联发展...
[2026-06-28 19:19:18] [1604/4876] 处理 600871 石化油服...
[2026-06-28 19:19:18]   → 60日跌幅 -30.48%，符合条件！
[2026-06-28 19:19:19] [1605/4876] 处理 603809 豪能股份...
[2026-06-28 19:19:19] [1606/4876] 处理 603600 永艺股份...
[2026-06-28 19:19:20] [1607/4876] 处理 300220 金运激光...
[2026-06-28 19:19:20] [1608/4876] 处理 300984 金沃股份...
[2026-06-28 19:19:20] [1609/4876] 处理 603937 丽岛新材...
[2026-06-28 19:19:21] [1610/4876] 处理 603917 合力科技...
[2026-06-28 19:19:21] [1611/4876] 处理 002223 鱼跃医疗...
[2026-06-28 19:19:22] [1612/4876] 处理 600583 海油工程...
[2026-06-28 19:19:22] [1613/4876] 处理 603815 交建股份...
[2026-06-28 19:19:23] [1614/4876] 处理 603758 秦安股份...
[2026-06-28 19:19:23] [1615/4876] 处理 300165 天瑞仪器...
[2026-06-28 19:19:24] [1616/4876] 处理 300806 斯迪克...
[2026-06-28 19:19:24] [1617/4876] 处理 002523 天桥起重...
[2026-06-28 19:19:25] [1618/4876] 处理 601186 中国铁建...
[2026-06-28 19:19:25] [1619/4876] 处理 300443 金雷股份...
[2026-06-28 19:19:26] [1620/4876] 处理 300733 西菱动力...
[2026-06-28 19:19:26] [1621/4876] 处理 603112 华翔股份...
[2026-06-28 19:19:26] [1622/4876] 处理 688129 东来技术...
[2026-06-28 19:19:27] [1623/4876] 处理 920029 开发科技...
[2026-06-28 19:19:27]   → 60日跌幅 -33.60%，符合条件！
[2026-06-28 19:19:27] [1624/4876] 处理 920885 星辰科技...
[2026-06-28 19:19:28]   → 60日跌幅 -32.78%，符合条件！
[2026-06-28 19:19:28] [1625/4876] 处理 002004 华邦健康...
[2026-06-28 19:19:28] [1626/4876] 处理 600004 白云机场...
[2026-06-28 19:19:29] [1627/4876] 处理 000619 海螺新材...
[2026-06-28 19:19:29] [1628/4876] 处理 601801 皖新传媒...
[2026-06-28 19:19:30] [1629/4876] 处理 002055 ST得润...
[2026-06-28 19:19:30] [1630/4876] 处理 301303 真兰仪表...
[2026-06-28 19:19:31] [1631/4876] 处理 300483 首华燃气...
[2026-06-28 19:19:31] [1632/4876] 处理 002666 德联集团...
[2026-06-28 19:19:32] [1633/4876] 处理 601618 中国中冶...
[2026-06-28 19:19:32] [1634/4876] 处理 002035 华帝股份...
[2026-06-28 19:19:32]   → 60日跌幅 -34.02%，符合条件！
[2026-06-28 19:19:33] [1635/4876] 处理 000020 深华发Ａ...
[2026-06-28 19:19:33]   → 60日跌幅 -33.02%，符合条件！
[2026-06-28 19:19:33] [1636/4876] 处理 605080 浙江自然...
[2026-06-28 19:19:33] [1637/4876] 处理 688282 理工导航...
[2026-06-28 19:19:34] [1638/4876] 处理 002337 赛象科技...
[2026-06-28 19:19:34] [1639/4876] 处理 300197 节能铁汉...
[2026-06-28 19:19:35] [1640/4876] 处理 600455 博通股份...
[2026-06-28 19:19:35] [1641/4876] 处理 001228 永泰运...
[2026-06-28 19:19:36] [1642/4876] 处理 605507 国邦医药...
[2026-06-28 19:19:36] [1643/4876] 处理 002705 新宝股份...
[2026-06-28 19:19:37] [1644/4876] 处理 000719 中原传媒...
[2026-06-28 19:19:37] [1645/4876] 处理 600502 安徽建工...
[2026-06-28 19:19:38] [1646/4876] 处理 600698 湖南天雁...
[2026-06-28 19:19:38]   → 60日跌幅 -30.33%，符合条件！
[2026-06-28 19:19:38] [1647/4876] 处理 000030 富奥股份...
[2026-06-28 19:19:39] [1648/4876] 处理 603105 芯能科技...
[2026-06-28 19:19:39]   → 60日跌幅 -41.18%，符合条件！
[2026-06-28 19:19:39] [1649/4876] 处理 600257 大湖股份...
[2026-06-28 19:19:39]   → 60日跌幅 -32.83%，符合条件！
[2026-06-28 19:19:40] [1650/4876] 处理 601900 南方传媒...
[2026-06-28 19:19:40] [1651/4876] 处理 603585 苏利股份...
[2026-06-28 19:19:40]   → 60日跌幅 -39.89%，符合条件！
[2026-06-28 19:19:40] [1652/4876] 处理 002148 北纬科技...
[2026-06-28 19:19:41] [1653/4876] 处理 300020 ST银江...
[2026-06-28 19:19:41]   → 60日跌幅 -30.99%，符合条件！
[2026-06-28 19:19:41] [1654/4876] 处理 603666 亿嘉和...
[2026-06-28 19:19:42] [1655/4876] 处理 600993 马应龙...
[2026-06-28 19:19:42] [1656/4876] 处理 600612 老凤祥...
[2026-06-28 19:19:43] [1657/4876] 处理 601991 大唐发电...
[2026-06-28 19:19:43] [1658/4876] 处理 601003 柳钢股份...
[2026-06-28 19:19:43]   → 60日跌幅 -30.41%，符合条件！
[2026-06-28 19:19:44] [1659/4876] 处理 600266 城建发展...
[2026-06-28 19:19:44] [1660/4876] 处理 300155 安居宝...
[2026-06-28 19:19:44] [1661/4876] 处理 002140 东华科技...
[2026-06-28 19:19:45] [1662/4876] 处理 002967 广电计量...
[2026-06-28 19:19:45] [1663/4876] 处理 002291 遥望科技...
[2026-06-28 19:19:46] [1664/4876] 处理 002663 普邦股份...
[2026-06-28 19:19:46]   → 60日跌幅 -37.61%，符合条件！
[2026-06-28 19:19:46] [1665/4876] 处理 002519 银河电子...
[2026-06-28 19:19:46]   → 60日跌幅 -31.62%，符合条件！
[2026-06-28 19:19:47] [1666/4876] 处理 600128 XD苏豪弘...
[2026-06-28 19:19:47] [1667/4876] 处理 300192 科德教育...
[2026-06-28 19:19:48] [1668/4876] 处理 688021 奥福科技...
[2026-06-28 19:19:48] [1669/4876] 处理 301131 聚赛龙...
[2026-06-28 19:19:49] [1670/4876] 处理 002293 罗莱生活...
[2026-06-28 19:19:49] [1671/4876] 处理 600572 康恩贝...
[2026-06-28 19:19:49] [1672/4876] 处理 920169 七丰精工...
[2026-06-28 19:19:50] [1673/4876] 处理 600989 宝丰能源...
[2026-06-28 19:19:50]   → 60日跌幅 -30.24%，符合条件！
[2026-06-28 19:19:50] [1674/4876] 处理 601015 陕西黑猫...
[2026-06-28 19:19:51]   → 60日跌幅 -42.80%，符合条件！
[2026-06-28 19:19:51] [1675/4876] 处理 601800 中国交建...
[2026-06-28 19:19:51] [1676/4876] 处理 301116 益客食品...
[2026-06-28 19:19:52] [1677/4876] 处理 301136 招标股份...
[2026-06-28 19:19:52]   → 60日跌幅 -31.12%，符合条件！
[2026-06-28 19:19:52] [1678/4876] 处理 600961 株冶集团...
[2026-06-28 19:19:53] [1679/4876] 处理 300982 苏文电能...
[2026-06-28 19:19:53]   → 60日跌幅 -33.81%，符合条件！
[2026-06-28 19:19:53] [1680/4876] 处理 002404 嘉欣丝绸...
[2026-06-28 19:19:54] [1681/4876] 处理 600533 栖霞建设...
[2026-06-28 19:19:54] [1682/4876] 处理 300724 捷佳伟创...
[2026-06-28 19:19:54]   → 60日跌幅 -39.77%，符合条件！
[2026-06-28 19:19:55] [1683/4876] 处理 688758 赛分科技...
[2026-06-28 19:19:55] [1684/4876] 处理 603381 永臻股份...
[2026-06-28 19:19:55]   → 60日跌幅 -37.00%，符合条件！
[2026-06-28 19:19:56] [1685/4876] 处理 300532 今天国际...
[2026-06-28 19:19:56] [1686/4876] 处理 000599 青岛双星...
[2026-06-28 19:19:57] [1687/4876] 处理 688757 胜科纳米...
[2026-06-28 19:19:57] [1688/4876] 处理 300823 建科智能...
[2026-06-28 19:19:57] [1689/4876] 处理 688575 亚辉龙...
[2026-06-28 19:19:58]   → 60日跌幅 -41.56%，符合条件！
[2026-06-28 19:19:58] [1690/4876] 处理 002355 兴民智通...
[2026-06-28 19:19:58]   → 60日跌幅 -35.97%，符合条件！
[2026-06-28 19:19:58] [1691/4876] 处理 601997 贵阳银行...
[2026-06-28 19:19:59] [1692/4876] 处理 301419 阿莱德...
[2026-06-28 19:19:59] [1693/4876] 处理 002144 宏达高科...
[2026-06-28 19:20:00]   → 60日跌幅 -31.43%，符合条件！
[2026-06-28 19:20:00] [1694/4876] 处理 002159 三特索道...
[2026-06-28 19:20:00]   → 60日跌幅 -34.64%，符合条件！
[2026-06-28 19:20:00] [1695/4876] 处理 920971 天马新材...
[2026-06-28 19:20:01] [1696/4876] 处理 688362 甬矽电子...
[2026-06-28 19:20:01] [1697/4876] 处理 600559 XD老白干...
[2026-06-28 19:20:02] [1698/4876] 处理 000488 ST晨鸣...
[2026-06-28 19:20:02]   → 60日跌幅 -34.03%，符合条件！
[2026-06-28 19:20:02] [1699/4876] 处理 600635 大众公用...
[2026-06-28 19:20:03] [1700/4876] 处理 300177 中海达...
[2026-06-28 19:20:03] [1701/4876] 处理 002110 三钢闽光...
[2026-06-28 19:20:04] [1702/4876] 处理 600408 安泰集团...
[2026-06-28 19:20:04]   → 60日跌幅 -37.40%，符合条件！
[2026-06-28 19:20:04] [1703/4876] 处理 301372 科净源...
[2026-06-28 19:20:05] [1704/4876] 处理 601599 浙文影业...
[2026-06-28 19:20:05] [1705/4876] 处理 002590 万安科技...
[2026-06-28 19:20:05] [1706/4876] 处理 601330 绿色动力...
[2026-06-28 19:20:06] [1707/4876] 处理 002398 垒知集团...
[2026-06-28 19:20:06] [1708/4876] 处理 601211 XD国泰海...
[2026-06-28 19:20:07] [1709/4876] 处理 600908 无锡银行...
[2026-06-28 19:20:07] [1710/4876] 处理 600016 民生银行...
[2026-06-28 19:20:08] [1711/4876] 处理 600307 酒钢宏兴...
[2026-06-28 19:20:08]   → 60日跌幅 -33.49%，符合条件！
[2026-06-28 19:20:08] [1712/4876] 处理 002406 远东传动...
[2026-06-28 19:20:09] [1713/4876] 处理 000828 东莞控股...
[2026-06-28 19:20:09] [1714/4876] 处理 002189 中光学...
[2026-06-28 19:20:10] [1715/4876] 处理 300482 万孚生物...
[2026-06-28 19:20:10] [1716/4876] 处理 002043 兔 宝 宝...
[2026-06-28 19:20:11] [1717/4876] 处理 000697 炼石航空...
[2026-06-28 19:20:11] [1718/4876] 处理 600320 振华重工...
[2026-06-28 19:20:11] [1719/4876] 处理 000912 泸天化...
[2026-06-28 19:20:12]   → 60日跌幅 -41.26%，符合条件！
[2026-06-28 19:20:12] [1720/4876] 处理 601880 辽港股份...
[2026-06-28 19:20:12] [1721/4876] 处理 600661 昂立教育...
[2026-06-28 19:20:13] [1722/4876] 处理 301059 金三江...
[2026-06-28 19:20:13] [1723/4876] 处理 600008 首创环保...
[2026-06-28 19:20:14] [1724/4876] 处理 003039 顺控发展...
[2026-06-28 19:20:14] [1725/4876] 处理 600830 香溢融通...
[2026-06-28 19:20:15] [1726/4876] 处理 002659 凯文教育...
[2026-06-28 19:20:15] [1727/4876] 处理 600015 华夏银行...
[2026-06-28 19:20:16] [1728/4876] 处理 002681 奋达科技...
[2026-06-28 19:20:16] [1729/4876] 处理 000705 浙江震元...
[2026-06-28 19:20:16]   → 60日跌幅 -32.62%，符合条件！
[2026-06-28 19:20:16] [1730/4876] 处理 600325 华发股份...
[2026-06-28 19:20:17]   → 60日跌幅 -36.19%，符合条件！
[2026-06-28 19:20:17] [1731/4876] 处理 300787 海能实业...
[2026-06-28 19:20:17] [1732/4876] 处理 600713 南京医药...
[2026-06-28 19:20:18] [1733/4876] 处理 688234 天岳先进...
[2026-06-28 19:20:18] [1734/4876] 处理 000509 华塑控股...
[2026-06-28 19:20:19] [1735/4876] 处理 601966 玲珑轮胎...
[2026-06-28 19:20:19] [1736/4876] 处理 000923 河钢资源...
[2026-06-28 19:20:20] [1737/4876] 处理 002779 中坚科技...
[2026-06-28 19:20:20] [1738/4876] 处理 002434 万里扬...
[2026-06-28 19:20:21] [1739/4876] 处理 300240 飞力达...
[2026-06-28 19:20:21] [1740/4876] 处理 600057 厦门象屿...
[2026-06-28 19:20:21]   → 60日跌幅 -31.51%，符合条件！
[2026-06-28 19:20:21] [1741/4876] 处理 300217 东方电热...
[2026-06-28 19:20:22] [1742/4876] 处理 603856 东宏股份...
[2026-06-28 19:20:22] [1743/4876] 处理 688193 仁度生物...
[2026-06-28 19:20:23] [1744/4876] 处理 301505 苏州规划...
[2026-06-28 19:20:23] [1745/4876] 处理 603966 法兰泰克...
[2026-06-28 19:20:24] [1746/4876] 处理 300847 中船汉光...
[2026-06-28 19:20:24] [1747/4876] 处理 300892 品渥食品...
[2026-06-28 19:20:24]   → 60日跌幅 -30.10%，符合条件！
[2026-06-28 19:20:25] [1748/4876] 处理 601619 嘉泽新能...
[2026-06-28 19:20:25] [1749/4876] 处理 002489 浙江永强...
[2026-06-28 19:20:26] [1750/4876] 处理 605099 共创草坪...
[2026-06-28 19:20:26] [1751/4876] 处理 688045 必易微...
[2026-06-28 19:20:27] [1752/4876] 处理 300975 商络电子...
[2026-06-28 19:20:27] [1753/4876] 处理 600085 同仁堂...
[2026-06-28 19:20:27] [1754/4876] 处理 002033 丽江股份...
[2026-06-28 19:20:28] [1755/4876] 处理 688139 海尔生物...
[2026-06-28 19:20:28] [1756/4876] 处理 600088 中视传媒...
[2026-06-28 19:20:29] [1757/4876] 处理 600416 湘电股份...
[2026-06-28 19:20:29] [1758/4876] 处理 301586 佳力奇...
[2026-06-28 19:20:30] [1759/4876] 处理 301548 崇德科技...
[2026-06-28 19:20:30] [1760/4876] 处理 300388 节能国祯...
[2026-06-28 19:20:31] [1761/4876] 处理 601155 新城控股...
[2026-06-28 19:20:31] [1762/4876] 处理 002702 海欣食品...
[2026-06-28 19:20:32] [1763/4876] 处理 301317 鑫磊股份...
[2026-06-28 19:20:32] [1764/4876] 处理 601083 锦江航运...
[2026-06-28 19:20:33] [1765/4876] 处理 601866 中远海发...
[2026-06-28 19:20:33] [1766/4876] 处理 002570 贝因美...
[2026-06-28 19:20:34] [1767/4876] 处理 000564 供销大集...
[2026-06-28 19:20:34] [1768/4876] 处理 920670 数字人...
[2026-06-28 19:20:34] [1769/4876] 处理 600159 大龙地产...
[2026-06-28 19:20:35] [1770/4876] 处理 603696 安记食品...
[2026-06-28 19:20:35]   → 60日跌幅 -30.32%，符合条件！
[2026-06-28 19:20:35] [1771/4876] 处理 002507 涪陵榨菜...
[2026-06-28 19:20:36] [1772/4876] 处理 300218 安利股份...
[2026-06-28 19:20:36] [1773/4876] 处理 301298 东利机械...
[2026-06-28 19:20:37] [1774/4876] 处理 688130 晶华微...
[2026-06-28 19:20:37] [1775/4876] 处理 000090 天健集团...
[2026-06-28 19:20:38] [1776/4876] 处理 600609 金杯汽车...
[2026-06-28 19:20:38] [1777/4876] 处理 688480 赛恩斯...
[2026-06-28 19:20:39] [1778/4876] 处理 601595 上海电影...
[2026-06-28 19:20:39] [1779/4876] 处理 600969 郴电国际...
[2026-06-28 19:20:40] [1780/4876] 处理 301087 可孚医疗...
[2026-06-28 19:20:40] [1781/4876] 处理 300140 节能环境...
[2026-06-28 19:20:40]   → 60日跌幅 -30.13%，符合条件！
[2026-06-28 19:20:41] [1782/4876] 处理 300408 三环集团...
[2026-06-28 19:20:41] [1783/4876] 处理 002347 泰尔股份...
[2026-06-28 19:20:41]   → 60日跌幅 -30.13%，符合条件！
[2026-06-28 19:20:41] [1784/4876] 处理 300885 海昌新材...
[2026-06-28 19:20:42] [1785/4876] 处理 600037 歌华有线...
[2026-06-28 19:20:42] [1786/4876] 处理 688372 伟测科技...
[2026-06-28 19:20:43] [1787/4876] 处理 000959 首钢股份...
[2026-06-28 19:20:43]   → 60日跌幅 -39.58%，符合条件！
[2026-06-28 19:20:43] [1788/4876] 处理 300784 利安科技...
[2026-06-28 19:20:44] [1789/4876] 处理 600860 京城股份...
[2026-06-28 19:20:44] [1790/4876] 处理 600827 百联股份...
[2026-06-28 19:20:45] [1791/4876] 处理 600874 创业环保...
[2026-06-28 19:20:45] [1792/4876] 处理 600170 上海建工...
[2026-06-28 19:20:46] [1793/4876] 处理 300510 金冠股份...
[2026-06-28 19:20:46]   → 60日跌幅 -30.20%，符合条件！
[2026-06-28 19:20:46] [1794/4876] 处理 000812 陕西金叶...
[2026-06-28 19:20:47] [1795/4876] 处理 600841 动力新科...
[2026-06-28 19:20:47] [1796/4876] 处理 600433 冠豪高新...
[2026-06-28 19:20:47] [1797/4876] 处理 603356 华菱精工...
[2026-06-28 19:20:48] [1798/4876] 处理 601233 桐昆股份...
[2026-06-28 19:20:48] [1799/4876] 处理 000400 许继电气...
[2026-06-28 19:20:49] [1800/4876] 处理 300556 丝路视觉...
[2026-06-28 19:20:49] [1801/4876] 处理 600339 中油工程...
[2026-06-28 19:20:50] [1802/4876] 处理 600269 赣粤高速...
[2026-06-28 19:20:50] [1803/4876] 处理 002178 延华智能...
[2026-06-28 19:20:51] [1804/4876] 处理 000722 湖南发展...
[2026-06-28 19:20:51] [1805/4876] 处理 601577 长沙银行...
[2026-06-28 19:20:52] [1806/4876] 处理 300640 德艺文创...
[2026-06-28 19:20:52] [1807/4876] 处理 300266 兴源环境...
[2026-06-28 19:20:52]   → 60日跌幅 -34.69%，符合条件！
[2026-06-28 19:20:53] [1808/4876] 处理 000930 中粮科技...
[2026-06-28 19:20:53]   → 60日跌幅 -36.53%，符合条件！
[2026-06-28 19:20:53] [1809/4876] 处理 300350 华鹏飞...
[2026-06-28 19:20:54] [1810/4876] 处理 002329 皇氏集团...
[2026-06-28 19:20:54]   → 60日跌幅 -35.68%，符合条件！
[2026-06-28 19:20:54] [1811/4876] 处理 688565 力源科技...
[2026-06-28 19:20:55] [1812/4876] 处理 300999 金龙鱼...
[2026-06-28 19:20:55] [1813/4876] 处理 300897 山科智能...
[2026-06-28 19:20:55] [1814/4876] 处理 000797 中国武夷...
[2026-06-28 19:20:56] [1815/4876] 处理 603248 锡华科技...
[2026-06-28 19:20:56] [1816/4876] 处理 600232 金鹰股份...
[2026-06-28 19:20:57] [1817/4876] 处理 920156 海昌智能...
[2026-06-28 19:20:57] [1818/4876] 处理 688338 赛科希德...
[2026-06-28 19:20:58] [1819/4876] 处理 002769 普路通...
[2026-06-28 19:20:58]   → 60日跌幅 -39.63%，符合条件！
[2026-06-28 19:20:58] [1820/4876] 处理 688536 思瑞浦...
[2026-06-28 19:20:59] [1821/4876] 处理 603779 威龙股份...
[2026-06-28 19:20:59] [1822/4876] 处理 301109 军信股份...
[2026-06-28 19:21:00] [1823/4876] 处理 600610 中毅达...
[2026-06-28 19:21:00] [1824/4876] 处理 688278 特宝生物...
[2026-06-28 19:21:01] [1825/4876] 处理 300809 华辰装备...
[2026-06-28 19:21:01] [1826/4876] 处理 688347 华虹宏力...
[2026-06-28 19:21:01] [1827/4876] 处理 603331 百达精工...
[2026-06-28 19:21:02]   → 60日跌幅 -30.05%，符合条件！
[2026-06-28 19:21:02] [1828/4876] 处理 000554 泰山石油...
[2026-06-28 19:21:02]   → 60日跌幅 -32.54%，符合条件！
[2026-06-28 19:21:02] [1829/4876] 处理 603301 振德医疗...
[2026-06-28 19:21:03] [1830/4876] 处理 300700 岱勒新材...
[2026-06-28 19:21:03] [1831/4876] 处理 001979 招商蛇口...
[2026-06-28 19:21:04] [1832/4876] 处理 000633 合金投资...
[2026-06-28 19:21:04] [1833/4876] 处理 688428 诺诚健华...
[2026-06-28 19:21:05] [1834/4876] 处理 002693 双成药业...
[2026-06-28 19:21:05] [1835/4876] 处理 002469 三维化学...
[2026-06-28 19:21:05]   → 60日跌幅 -35.79%，符合条件！
[2026-06-28 19:21:06] [1836/4876] 处理 600582 天地科技...
[2026-06-28 19:21:06] [1837/4876] 处理 603273 天元智能...
[2026-06-28 19:21:06]   → 60日跌幅 -31.59%，符合条件！
[2026-06-28 19:21:06] [1838/4876] 处理 002566 益盛药业...
[2026-06-28 19:21:07] [1839/4876] 处理 002743 富煌钢构...
[2026-06-28 19:21:07] [1840/4876] 处理 300281 金明精机...
[2026-06-28 19:21:08] [1841/4876] 处理 300797 钢研纳克...
[2026-06-28 19:21:08] [1842/4876] 处理 603214 爱婴室...
[2026-06-28 19:21:09] [1843/4876] 处理 603337 杰克科技...
[2026-06-28 19:21:09] [1844/4876] 处理 002424 ST百灵...
[2026-06-28 19:21:10] [1845/4876] 处理 601963 重庆银行...
[2026-06-28 19:21:10] [1846/4876] 处理 002174 游族网络...
[2026-06-28 19:21:11] [1847/4876] 处理 601002 晋亿实业...
[2026-06-28 19:21:11] [1848/4876] 处理 002564 天沃科技...
[2026-06-28 19:21:12] [1849/4876] 处理 600388 龙净环保...
[2026-06-28 19:21:12] [1850/4876] 处理 600731 湖南海利...
[2026-06-28 19:21:12]   → 60日跌幅 -31.08%，符合条件！
[2026-06-28 19:21:12] [1851/4876] 处理 301456 盘古智能...
[2026-06-28 19:21:13] [1852/4876] 处理 688391 钜泉科技...
[2026-06-28 19:21:13] [1853/4876] 处理 601218 吉鑫科技...
[2026-06-28 19:21:14]   → 60日跌幅 -33.59%，符合条件！
[2026-06-28 19:21:14] [1854/4876] 处理 300092 科新机电...
[2026-06-28 19:21:14] [1855/4876] 处理 000875 电投绿能...
[2026-06-28 19:21:15] [1856/4876] 处理 600308 华泰股份...
[2026-06-28 19:21:15] [1857/4876] 处理 600336 澳柯玛...
[2026-06-28 19:21:16] [1858/4876] 处理 002479 富春环保...
[2026-06-28 19:21:16] [1859/4876] 处理 600694 大商股份...
[2026-06-28 19:21:17] [1860/4876] 处理 600963 岳阳林纸...
[2026-06-28 19:21:17]   → 60日跌幅 -38.37%，符合条件！
[2026-06-28 19:21:17] [1861/4876] 处理 600125 铁龙物流...
[2026-06-28 19:21:18] [1862/4876] 处理 601059 信达证券...
[2026-06-28 19:21:18] [1863/4876] 处理 301516 中远通...
[2026-06-28 19:21:19] [1864/4876] 处理 688334 西高院...
[2026-06-28 19:21:19] [1865/4876] 处理 600469 风神股份...
[2026-06-28 19:21:19] [1866/4876] 处理 600448 华纺股份...
[2026-06-28 19:21:20] [1867/4876] 处理 603456 九洲药业...
[2026-06-28 19:21:20] [1868/4876] 处理 600463 空港股份...
[2026-06-28 19:21:21] [1869/4876] 处理 300928 华安鑫创...
[2026-06-28 19:21:21] [1870/4876] 处理 603193 润本股份...
[2026-06-28 19:21:22] [1871/4876] 处理 601949 中国出版...
[2026-06-28 19:21:22] [1872/4876] 处理 301522 上大股份...
[2026-06-28 19:21:23] [1873/4876] 处理 000402 金 融 街...
[2026-06-28 19:21:23] [1874/4876] 处理 300074 华平股份...
[2026-06-28 19:21:24] [1875/4876] 处理 688558 国盛智科...
[2026-06-28 19:21:24] [1876/4876] 处理 920425 乐创技术...
[2026-06-28 19:21:25] [1877/4876] 处理 002829 星网宇达...
[2026-06-28 19:21:25] [1878/4876] 处理 300048 合康新能...
[2026-06-28 19:21:25]   → 60日跌幅 -30.06%，符合条件！
[2026-06-28 19:21:25] [1879/4876] 处理 002380 科远智慧...
[2026-06-28 19:21:26] [1880/4876] 处理 300621 维业股份...
[2026-06-28 19:21:26] [1881/4876] 处理 300921 南凌科技...
[2026-06-28 19:21:27] [1882/4876] 处理 301039 中集车辆...
[2026-06-28 19:21:27] [1883/4876] 处理 600862 中航高科...
[2026-06-28 19:21:28] [1884/4876] 处理 600281 华阳新材...
[2026-06-28 19:21:28] [1885/4876] 处理 002591 恒大高新...
[2026-06-28 19:21:29] [1886/4876] 处理 603158 腾龙股份...
[2026-06-28 19:21:29] [1887/4876] 处理 688568 中科星图...
[2026-06-28 19:21:29]   → 60日跌幅 -33.44%，符合条件！
[2026-06-28 19:21:30] [1888/4876] 处理 002163 海南发展...
[2026-06-28 19:21:30]   → 60日跌幅 -35.96%，符合条件！
[2026-06-28 19:21:30] [1889/4876] 处理 600299 安迪苏...
[2026-06-28 19:21:30]   → 60日跌幅 -38.04%，符合条件！
[2026-06-28 19:21:31] [1890/4876] 处理 300677 英科医疗...
[2026-06-28 19:21:31]   → 60日跌幅 -35.29%，符合条件！
[2026-06-28 19:21:31] [1891/4876] 处理 300284 苏交科...
[2026-06-28 19:21:31] [1892/4876] 处理 001333 光华股份...
[2026-06-28 19:21:32] [1893/4876] 处理 300582 英飞特...
[2026-06-28 19:21:32] [1894/4876] 处理 600928 西安银行...
[2026-06-28 19:21:33] [1895/4876] 处理 600581 *ST八钢...
[2026-06-28 19:21:33] [1896/4876] 处理 300099 尤洛卡...
[2026-06-28 19:21:34] [1897/4876] 处理 000055 方大集团...
[2026-06-28 19:21:34] [1898/4876] 处理 002285 世联行...
[2026-06-28 19:21:34]   → 60日跌幅 -31.48%，符合条件！
[2026-06-28 19:21:35] [1899/4876] 处理 600992 贵绳股份...
[2026-06-28 19:21:35] [1900/4876] 处理 600426 华鲁恒升...
[2026-06-28 19:21:35]   → 60日跌幅 -32.50%，符合条件！
[2026-06-28 19:21:36] [1901/4876] 处理 603459 红板科技...
[2026-06-28 19:21:36] [1902/4876] 处理 603685 晨丰科技...
[2026-06-28 19:21:37] [1903/4876] 处理 002061 浙江交科...
[2026-06-28 19:21:37] [1904/4876] 处理 003035 南网能源...
[2026-06-28 19:21:37] [1905/4876] 处理 002272 川润股份...
[2026-06-28 19:21:38] [1906/4876] 处理 301132 满坤科技...
[2026-06-28 19:21:38] [1907/4876] 处理 001206 依依股份...
[2026-06-28 19:21:39] [1908/4876] 处理 603101 汇嘉时代...
[2026-06-28 19:21:39] [1909/4876] 处理 600782 新钢股份...
[2026-06-28 19:21:40] [1910/4876] 处理 002606 大连电瓷...
[2026-06-28 19:21:40] [1911/4876] 处理 002120 韵达股份...
[2026-06-28 19:21:41] [1912/4876] 处理 605033 美邦股份...
[2026-06-28 19:21:41] [1913/4876] 处理 600526 菲达环保...
[2026-06-28 19:21:42] [1914/4876] 处理 002304 洋河股份...
[2026-06-28 19:21:42] [1915/4876] 处理 000798 中水渔业...
[2026-06-28 19:21:42]   → 60日跌幅 -32.10%，符合条件！
[2026-06-28 19:21:43] [1916/4876] 处理 001380 华纬科技...
[2026-06-28 19:21:43] [1917/4876] 处理 001379 腾达科技...
[2026-06-28 19:21:43] [1918/4876] 处理 603866 桃李面包...
[2026-06-28 19:21:44] [1919/4876] 处理 600438 通威股份...
[2026-06-28 19:21:44] [1920/4876] 处理 002556 辉隆股份...
[2026-06-28 19:21:45] [1921/4876] 处理 002508 老板电器...
[2026-06-28 19:21:45] [1922/4876] 处理 600185 珠免集团...
[2026-06-28 19:21:46] [1923/4876] 处理 002912 中新赛克...
[2026-06-28 19:21:46]   → 60日跌幅 -30.40%，符合条件！
[2026-06-28 19:21:46] [1924/4876] 处理 000589 贵州轮胎...
[2026-06-28 19:21:47] [1925/4876] 处理 603210 泰鸿万立...
[2026-06-28 19:21:47] [1926/4876] 处理 603885 吉祥航空...
[2026-06-28 19:21:47] [1927/4876] 处理 300096 ST易联众...
[2026-06-28 19:21:48] [1928/4876] 处理 300175 朗源股份...
[2026-06-28 19:21:48] [1929/4876] 处理 300904 威力传动...
[2026-06-28 19:21:49]   → 60日跌幅 -33.49%，符合条件！
[2026-06-28 19:21:49] [1930/4876] 处理 002395 双象股份...
[2026-06-28 19:21:49]   → 60日跌幅 -34.62%，符合条件！
[2026-06-28 19:21:49] [1931/4876] 处理 002625 光启技术...
[2026-06-28 19:21:50] [1932/4876] 处理 300144 宋城演艺...
[2026-06-28 19:21:50] [1933/4876] 处理 301272 英华特...
[2026-06-28 19:21:51] [1934/4876] 处理 301283 聚胶股份...
[2026-06-28 19:21:51] [1935/4876] 处理 000888 峨眉山Ａ...
[2026-06-28 19:21:52] [1936/4876] 处理 301558 三态股份...
[2026-06-28 19:21:52] [1937/4876] 处理 600056 XD中国医...
[2026-06-28 19:21:52] [1938/4876] 处理 600217 中再资环...
[2026-06-28 19:21:53] [1939/4876] 处理 600873 梅花生物...
[2026-06-28 19:21:53]   → 60日跌幅 -36.99%，符合条件！
[2026-06-28 19:21:53] [1940/4876] 处理 301008 宏昌科技...
[2026-06-28 19:21:54]   → 60日跌幅 -31.67%，符合条件！
[2026-06-28 19:21:54] [1941/4876] 处理 002206 海 利 得...
[2026-06-28 19:21:54] [1942/4876] 处理 603211 晋拓股份...
[2026-06-28 19:21:55] [1943/4876] 处理 600400 红豆股份...
[2026-06-28 19:21:55] [1944/4876] 处理 300560 中富通...
[2026-06-28 19:21:56] [1945/4876] 处理 688113 联测科技...
[2026-06-28 19:21:56] [1946/4876] 处理 300414 中光防雷...
[2026-06-28 19:21:57] [1947/4876] 处理 600966 博汇纸业...
[2026-06-28 19:21:57] [1948/4876] 处理 300614 百川畅银...
[2026-06-28 19:21:57] [1949/4876] 处理 600072 中船科技...
[2026-06-28 19:21:58]   → 60日跌幅 -35.42%，符合条件！
[2026-06-28 19:21:58] [1950/4876] 处理 300910 瑞丰新材...
[2026-06-28 19:21:58] [1951/4876] 处理 000626 远大控股...
[2026-06-28 19:21:59] [1952/4876] 处理 600115 中国东航...
[2026-06-28 19:21:59] [1953/4876] 处理 002376 新北洋...
[2026-06-28 19:22:00] [1954/4876] 处理 300527 ST应急...
[2026-06-28 19:22:00] [1955/4876] 处理 002654 万润科技...
[2026-06-28 19:22:01] [1956/4876] 处理 300805 电声股份...
[2026-06-28 19:22:01] [1957/4876] 处理 002077 大港股份...
[2026-06-28 19:22:02] [1958/4876] 处理 000561 烽火电子...
[2026-06-28 19:22:02] [1959/4876] 处理 600925 苏能股份...
[2026-06-28 19:22:03] [1960/4876] 处理 600626 申达股份...
[2026-06-28 19:22:03] [1961/4876] 处理 002016 世荣兆业...
[2026-06-28 19:22:03]   → 60日跌幅 -33.06%，符合条件！
[2026-06-28 19:22:04] [1962/4876] 处理 600467 好当家...
[2026-06-28 19:22:04] [1963/4876] 处理 000625 长安汽车...
[2026-06-28 19:22:04]   → 60日跌幅 -31.06%，符合条件！
[2026-06-28 19:22:04] [1964/4876] 处理 002226 江南化工...
[2026-06-28 19:22:05] [1965/4876] 处理 002953 日丰股份...
[2026-06-28 19:22:05] [1966/4876] 处理 300295 *ST三六...
[2026-06-28 19:22:06] [1967/4876] 处理 600315 上海家化...
[2026-06-28 19:22:06] [1968/4876] 处理 301047 义翘神州...
[2026-06-28 19:22:07] [1969/4876] 处理 603076 乐惠国际...
[2026-06-28 19:22:07] [1970/4876] 处理 301190 善水科技...
[2026-06-28 19:22:08] [1971/4876] 处理 600710 苏美达...
[2026-06-28 19:22:08] [1972/4876] 处理 000953 中哲精化...
[2026-06-28 19:22:09] [1973/4876] 处理 600098 XD广州发...
[2026-06-28 19:22:09] [1974/4876] 处理 688618 三旺通信...
[2026-06-28 19:22:09] [1975/4876] 处理 301099 雅创电子...
[2026-06-28 19:22:10] [1976/4876] 处理 603900 莱绅通灵...
[2026-06-28 19:22:10] [1977/4876] 处理 603931 格林达...
[2026-06-28 19:22:11] [1978/4876] 处理 600858 银座股份...
[2026-06-28 19:22:11] [1979/4876] 处理 601108 财通证券...
[2026-06-28 19:22:12] [1980/4876] 处理 000968 蓝焰控股...
[2026-06-28 19:22:12]   → 60日跌幅 -44.86%，符合条件！
[2026-06-28 19:22:12] [1981/4876] 处理 000858 五 粮 液...
[2026-06-28 19:22:13] [1982/4876] 处理 002235 安妮股份...
[2026-06-28 19:22:13] [1983/4876] 处理 603173 福斯达...
[2026-06-28 19:22:14] [1984/4876] 处理 002650 ST加加...
[2026-06-28 19:22:14] [1985/4876] 处理 002544 普天科技...
[2026-06-28 19:22:14] [1986/4876] 处理 002201 九鼎新材...
[2026-06-28 19:22:15] [1987/4876] 处理 300824 北鼎股份...
[2026-06-28 19:22:15] [1988/4876] 处理 603790 雅运股份...
[2026-06-28 19:22:16] [1989/4876] 处理 002780 三夫户外...
[2026-06-28 19:22:16] [1990/4876] 处理 300137 先河环保...
[2026-06-28 19:22:17] [1991/4876] 处理 300275 梅安森...
[2026-06-28 19:22:17] [1992/4876] 处理 603395 红四方...
[2026-06-28 19:22:17]   → 60日跌幅 -32.23%，符合条件！
[2026-06-28 19:22:18] [1993/4876] 处理 301488 豪恩汽电...
[2026-06-28 19:22:18] [1994/4876] 处理 000856 冀东装备...
[2026-06-28 19:22:18]   → 60日跌幅 -37.87%，符合条件！
[2026-06-28 19:22:19] [1995/4876] 处理 688332 中科蓝讯...
[2026-06-28 19:22:19] [1996/4876] 处理 600620 天宸股份...
[2026-06-28 19:22:19]   → 60日跌幅 -38.26%，符合条件！
[2026-06-28 19:22:20] [1997/4876] 处理 000966 长源电力...
[2026-06-28 19:22:20] [1998/4876] 处理 300234 开尔新材...
[2026-06-28 19:22:20] [1999/4876] 处理 002686 亿利达...
[2026-06-28 19:22:21] [2000/4876] 处理 600997 开滦股份...
[2026-06-28 19:22:21] [2001/4876] 处理 002319 乐通股份...
[2026-06-28 19:22:22] [2002/4876] 处理 688189 ST南新...
[2026-06-28 19:22:22] [2003/4876] 处理 600332 白云山...
[2026-06-28 19:22:23] [2004/4876] 处理 688472 阿特斯...
[2026-06-28 19:22:23] [2005/4876] 处理 001286 陕西能源...
[2026-06-28 19:22:24] [2006/4876] 处理 600309 万华化学...
[2026-06-28 19:22:24] [2007/4876] 处理 002576 通达动力...
[2026-06-28 19:22:25] [2008/4876] 处理 603323 苏农银行...
[2026-06-28 19:22:25] [2009/4876] 处理 300599 雄塑科技...
[2026-06-28 19:22:26] [2010/4876] 处理 000525 红太阳...
[2026-06-28 19:22:26]   → 60日跌幅 -35.15%，符合条件！
[2026-06-28 19:22:26] [2011/4876] 处理 000690 宝新能源...
[2026-06-28 19:22:26] [2012/4876] 处理 688230 芯导科技...
[2026-06-28 19:22:27] [2013/4876] 处理 003010 若羽臣...
[2026-06-28 19:22:27]   → 60日跌幅 -30.98%，符合条件！
[2026-06-28 19:22:27] [2014/4876] 处理 002344 海宁皮城...
[2026-06-28 19:22:28] [2015/4876] 处理 002863 今飞凯达...
[2026-06-28 19:22:28] [2016/4876] 处理 603507 振江股份...
[2026-06-28 19:22:29] [2017/4876] 处理 000717 中南股份...
[2026-06-28 19:22:29] [2018/4876] 处理 300977 深圳瑞捷...
[2026-06-28 19:22:30] [2019/4876] 处理 688311 盟升电子...
[2026-06-28 19:22:30]   → 60日跌幅 -33.03%，符合条件！
[2026-06-28 19:22:30] [2020/4876] 处理 605288 凯迪股份...
[2026-06-28 19:22:31] [2021/4876] 处理 301550 斯菱智驱...
[2026-06-28 19:22:31] [2022/4876] 处理 000790 华神科技...
[2026-06-28 19:22:31] [2023/4876] 处理 920174 五新智能...
[2026-06-28 19:22:32] [2024/4876] 处理 600535 天士力...
[2026-06-28 19:22:32] [2025/4876] 处理 002478 常宝股份...
[2026-06-28 19:22:33]   → 60日跌幅 -40.21%，符合条件！
[2026-06-28 19:22:33] [2026/4876] 处理 002286 保龄宝...
[2026-06-28 19:22:33] [2027/4876] 处理 300793 佳禾智能...
[2026-06-28 19:22:34] [2028/4876] 处理 300641 正丹股份...
[2026-06-28 19:22:34] [2029/4876] 处理 603358 华达科技...
[2026-06-28 19:22:35] [2030/4876] 处理 688087 XD英科再...
[2026-06-28 19:22:35] [2031/4876] 处理 600754 锦江酒店...
[2026-06-28 19:22:35]   → 60日跌幅 -30.39%，符合条件！
[2026-06-28 19:22:36] [2032/4876] 处理 600436 片仔癀...
[2026-06-28 19:22:36] [2033/4876] 处理 920533 骏创科技...
[2026-06-28 19:22:36] [2034/4876] 处理 688308 欧科亿...
[2026-06-28 19:22:37] [2035/4876] 处理 603565 中谷物流...
[2026-06-28 19:22:37] [2036/4876] 处理 600796 钱江生化...
[2026-06-28 19:22:38]   → 60日跌幅 -31.02%，符合条件！
[2026-06-28 19:22:38] [2037/4876] 处理 300118 东方日升...
[2026-06-28 19:22:38] [2038/4876] 处理 000576 甘化科工...
[2026-06-28 19:22:39] [2039/4876] 处理 600936 北投科技...
[2026-06-28 19:22:39] [2040/4876] 处理 603689 皖天然气...
[2026-06-28 19:22:40] [2041/4876] 处理 600298 安琪酵母...
[2026-06-28 19:22:40] [2042/4876] 处理 301613 新铝时代...
[2026-06-28 19:22:41] [2043/4876] 处理 301518 长华化学...
[2026-06-28 19:22:41]   → 60日跌幅 -31.47%，符合条件！
[2026-06-28 19:22:41] [2044/4876] 处理 301388 欣灵电气...
[2026-06-28 19:22:41] [2045/4876] 处理 000016 *ST康佳A...
[2026-06-28 19:22:42] [2046/4876] 处理 000565 渝三峡Ａ...
[2026-06-28 19:22:42] [2047/4876] 处理 688252 天德钰...
[2026-06-28 19:22:43] [2048/4876] 处理 300426 华智数媒...
[2026-06-28 19:22:43]   → 60日跌幅 -35.35%，符合条件！
[2026-06-28 19:22:43] [2049/4876] 处理 002551 尚荣医疗...
[2026-06-28 19:22:44] [2050/4876] 处理 002461 珠江啤酒...
[2026-06-28 19:22:44] [2051/4876] 处理 300148 天舟文化...
[2026-06-28 19:22:45] [2052/4876] 处理 603043 广州酒家...
[2026-06-28 19:22:45] [2053/4876] 处理 300862 蓝盾光电...
[2026-06-28 19:22:46] [2054/4876] 处理 605338 巴比食品...
[2026-06-28 19:22:46]   → 60日跌幅 -31.50%，符合条件！
[2026-06-28 19:22:46] [2055/4876] 处理 600032 浙江新能...
[2026-06-28 19:22:46]   → 60日跌幅 -34.84%，符合条件！
[2026-06-28 19:22:47] [2056/4876] 处理 000927 中国铁物...
[2026-06-28 19:22:47] [2057/4876] 处理 002103 广博股份...
[2026-06-28 19:22:47]   → 60日跌幅 -31.42%，符合条件！
[2026-06-28 19:22:47] [2058/4876] 处理 600691 潞化科技...
[2026-06-28 19:22:48]   → 60日跌幅 -35.67%，符合条件！
[2026-06-28 19:22:48] [2059/4876] 处理 688750 金天钛业...
[2026-06-28 19:22:48] [2060/4876] 处理 001378 德冠新材...
[2026-06-28 19:22:49] [2061/4876] 处理 002753 永东股份...
[2026-06-28 19:22:49] [2062/4876] 处理 603150 万朗磁塑...
[2026-06-28 19:22:50] [2063/4876] 处理 002057 中钢天源...
[2026-06-28 19:22:50] [2064/4876] 处理 002838 道恩股份...
[2026-06-28 19:22:51] [2065/4876] 处理 002569 *ST步森...
[2026-06-28 19:22:51] [2066/4876] 处理 600706 曲江文旅...
[2026-06-28 19:22:51]   → 60日跌幅 -31.50%，符合条件！
[2026-06-28 19:22:52] [2067/4876] 处理 688322 奥比中光-W...
[2026-06-28 19:22:52] [2068/4876] 处理 688599 天合光能...
[2026-06-28 19:22:52] [2069/4876] 处理 301035 润丰股份...
[2026-06-28 19:22:53] [2070/4876] 处理 001298 好上好...
[2026-06-28 19:22:53] [2071/4876] 处理 603310 巍华新材...
[2026-06-28 19:22:54] [2072/4876] 处理 688368 晶丰明源...
[2026-06-28 19:22:54] [2073/4876] 处理 000932 华菱钢铁...
[2026-06-28 19:22:54]   → 60日跌幅 -32.74%，符合条件！
[2026-06-28 19:22:55] [2074/4876] 处理 002734 利民股份...
[2026-06-28 19:22:55] [2075/4876] 处理 300843 胜蓝股份...
[2026-06-28 19:22:56] [2076/4876] 处理 003005 竞业达...
[2026-06-28 19:22:56]   → 60日跌幅 -30.00%，符合条件！
[2026-06-28 19:22:56] [2077/4876] 处理 600987 航民股份...
[2026-06-28 19:22:57] [2078/4876] 处理 300912 凯龙高科...
[2026-06-28 19:22:57] [2079/4876] 处理 000510 新金路...
[2026-06-28 19:22:58] [2080/4876] 处理 600202 哈空调...
[2026-06-28 19:22:58] [2081/4876] 处理 001391 国货航...
[2026-06-28 19:22:58] [2082/4876] 处理 002481 双塔食品...
[2026-06-28 19:22:59] [2083/4876] 处理 000006 深振业Ａ...
[2026-06-28 19:22:59] [2084/4876] 处理 605286 同力天启...
[2026-06-28 19:23:00]   → 60日跌幅 -41.09%，符合条件！
[2026-06-28 19:23:00] [2085/4876] 处理 002697 红旗连锁...
[2026-06-28 19:23:00] [2086/4876] 处理 603196 璞源材料...
[2026-06-28 19:23:01] [2087/4876] 处理 603421 鼎信通讯...
[2026-06-28 19:23:01]   → 60日跌幅 -36.78%，符合条件！
[2026-06-28 19:23:01] [2088/4876] 处理 300491 通合科技...
[2026-06-28 19:23:02] [2089/4876] 处理 000839 国安股份...
[2026-06-28 19:23:02] [2090/4876] 处理 601865 福莱特...
[2026-06-28 19:23:02]   → 60日跌幅 -31.49%，符合条件！
[2026-06-28 19:23:03] [2091/4876] 处理 603968 醋化股份...
[2026-06-28 19:23:03] [2092/4876] 处理 002363 隆基机械...
[2026-06-28 19:23:04] [2093/4876] 处理 600655 豫园股份...
[2026-06-28 19:23:04] [2094/4876] 处理 600988 赤峰黄金...
[2026-06-28 19:23:04]   → 60日跌幅 -39.16%，符合条件！
[2026-06-28 19:23:04] [2095/4876] 处理 000048 京基智农...
[2026-06-28 19:23:05] [2096/4876] 处理 002023 海特高新...
[2026-06-28 19:23:05] [2097/4876] 处理 002300 太阳电缆...
[2026-06-28 19:23:06] [2098/4876] 处理 603035 常熟汽饰...
[2026-06-28 19:23:06] [2099/4876] 处理 688213 思特威-W...
[2026-06-28 19:23:07] [2100/4876] 处理 601111 中国国航...
[2026-06-28 19:23:07] [2101/4876] 处理 688101 三达膜...
[2026-06-28 19:23:08] [2102/4876] 处理 600149 廊坊发展...
[2026-06-28 19:23:08]   → 60日跌幅 -33.78%，符合条件！
[2026-06-28 19:23:08] [2103/4876] 处理 002539 云图控股...
[2026-06-28 19:23:09] [2104/4876] 处理 300339 润和软件...
[2026-06-28 19:23:09] [2105/4876] 处理 000893 亚钾国际...
[2026-06-28 19:23:09]   → 60日跌幅 -34.76%，符合条件！
[2026-06-28 19:23:10] [2106/4876] 处理 300743 天地数码...
[2026-06-28 19:23:10] [2107/4876] 处理 601606 长城军工...
[2026-06-28 19:23:10]   → 60日跌幅 -34.07%，符合条件！
[2026-06-28 19:23:11] [2108/4876] 处理 603528 多伦科技...
[2026-06-28 19:23:11] [2109/4876] 处理 002959 小熊电器...
[2026-06-28 19:23:11]   → 60日跌幅 -31.40%，符合条件！
[2026-06-28 19:23:11] [2110/4876] 处理 603190 亚通精工...
[2026-06-28 19:23:12] [2111/4876] 处理 002425 凯撒文化...
[2026-06-28 19:23:12] [2112/4876] 处理 301386 未来电器...
[2026-06-28 19:23:13] [2113/4876] 处理 002216 三全食品...
[2026-06-28 19:23:13] [2114/4876] 处理 002876 三利谱...
[2026-06-28 19:23:14] [2115/4876] 处理 603926 铁流股份...
[2026-06-28 19:23:14] [2116/4876] 处理 300466 赛摩智能...
[2026-06-28 19:23:15] [2117/4876] 处理 600113 浙江东日...
[2026-06-28 19:23:15]   → 60日跌幅 -45.30%，符合条件！
[2026-06-28 19:23:15] [2118/4876] 处理 688660 电气风电...
[2026-06-28 19:23:15]   → 60日跌幅 -33.83%，符合条件！
[2026-06-28 19:23:16] [2119/4876] 处理 600880 博瑞传播...
[2026-06-28 19:23:16] [2120/4876] 处理 300031 宝通科技...
[2026-06-28 19:23:17] [2121/4876] 处理 000596 古井贡酒...
[2026-06-28 19:23:17] [2122/4876] 处理 002885 京泉华...
[2026-06-28 19:23:18] [2123/4876] 处理 002891 中宠股份...
[2026-06-28 19:23:18] [2124/4876] 处理 600210 紫江企业...
[2026-06-28 19:23:18] [2125/4876] 处理 600335 国机汽车...
[2026-06-28 19:23:19] [2126/4876] 处理 300699 光威复材...
[2026-06-28 19:23:19] [2127/4876] 处理 000506 招金黄金...
[2026-06-28 19:23:20] [2128/4876] 处理 688512 慧智微-U...
[2026-06-28 19:23:20] [2129/4876] 处理 603829 洛凯股份...
[2026-06-28 19:23:20]   → 60日跌幅 -43.17%，符合条件！
[2026-06-28 19:23:21] [2130/4876] 处理 300256 星星科技...
[2026-06-28 19:23:21] [2131/4876] 处理 000729 燕京啤酒...
[2026-06-28 19:23:22] [2132/4876] 处理 688697 纽威数控...
[2026-06-28 19:23:22] [2133/4876] 处理 300642 透景生命...
[2026-06-28 19:23:23] [2134/4876] 处理 301192 泰祥股份...
[2026-06-28 19:23:23]   → 60日跌幅 -30.16%，符合条件！
[2026-06-28 19:23:23] [2135/4876] 处理 300459 汤姆猫...
[2026-06-28 19:23:24] [2136/4876] 处理 301339 通行宝...
[2026-06-28 19:23:24] [2137/4876] 处理 000736 中交发展...
[2026-06-28 19:23:24] [2138/4876] 处理 601898 中煤能源...
[2026-06-28 19:23:25]   → 60日跌幅 -30.15%，符合条件！
[2026-06-28 19:23:25] [2139/4876] 处理 000096 广聚能源...
[2026-06-28 19:23:25]   → 60日跌幅 -31.70%，符合条件！
[2026-06-28 19:23:25] [2140/4876] 处理 002343 慈文传媒...
[2026-06-28 19:23:26]   → 60日跌幅 -30.88%，符合条件！
[2026-06-28 19:23:26] [2141/4876] 处理 000892 欢瑞世纪...
[2026-06-28 19:23:26]   → 60日跌幅 -45.99%，符合条件！
[2026-06-28 19:23:26] [2142/4876] 处理 600866 星湖科技...
[2026-06-28 19:23:26]   → 60日跌幅 -39.81%，符合条件！
[2026-06-28 19:23:27] [2143/4876] 处理 000523 红棉股份...
[2026-06-28 19:23:27] [2144/4876] 处理 000848 承德露露...
[2026-06-28 19:23:28] [2145/4876] 处理 002408 齐翔腾达...
[2026-06-28 19:23:28] [2146/4876] 处理 300898 熊猫乳品...
[2026-06-28 19:23:29] [2147/4876] 处理 600755 厦门国贸...
[2026-06-28 19:23:29] [2148/4876] 处理 000929 兰州黄河...
[2026-06-28 19:23:30] [2149/4876] 处理 600038 中直股份...
[2026-06-28 19:23:30] [2150/4876] 处理 600664 哈药股份...
[2026-06-28 19:23:31] [2151/4876] 处理 603073 彩蝶实业...
[2026-06-28 19:23:31] [2152/4876] 处理 603051 鹿山新材...
[2026-06-28 19:23:31] [2153/4876] 处理 601500 通用股份...
[2026-06-28 19:23:32] [2154/4876] 处理 688135 利扬芯片...
[2026-06-28 19:23:32] [2155/4876] 处理 688600 皖仪科技...
[2026-06-28 19:23:33] [2156/4876] 处理 300952 恒辉安防...
[2026-06-28 19:23:33]   → 60日跌幅 -34.43%，符合条件！
[2026-06-28 19:23:33] [2157/4876] 处理 600916 中国黄金...
[2026-06-28 19:23:34] [2158/4876] 处理 002868 绿康生化...
[2026-06-28 19:23:34]   → 60日跌幅 -40.95%，符合条件！
[2026-06-28 19:23:34] [2159/4876] 处理 301536 星宸科技...
[2026-06-28 19:23:35] [2160/4876] 处理 000999 华润三九...
[2026-06-28 19:23:35] [2161/4876] 处理 300189 神农种业...
[2026-06-28 19:23:35]   → 60日跌幅 -41.63%，符合条件！
[2026-06-28 19:23:36] [2162/4876] 处理 600241 时代万恒...
[2026-06-28 19:23:36]   → 60日跌幅 -33.06%，符合条件！
[2026-06-28 19:23:36] [2163/4876] 处理 300826 测绘股份...
[2026-06-28 19:23:36] [2164/4876] 处理 002593 日上集团...
[2026-06-28 19:23:37] [2165/4876] 处理 000539 粤电力Ａ...
[2026-06-28 19:23:37] [2166/4876] 处理 600256 广汇能源...
[2026-06-28 19:23:38]   → 60日跌幅 -33.05%，符合条件！
[2026-06-28 19:23:38] [2167/4876] 处理 000707 双环科技...
[2026-06-28 19:23:38] [2168/4876] 处理 603611 诺力股份...
[2026-06-28 19:23:39] [2169/4876] 处理 300675 建科院...
[2026-06-28 19:23:39] [2170/4876] 处理 300876 蒙泰高新...
[2026-06-28 19:23:40] [2171/4876] 处理 300112 万讯自控...
[2026-06-28 19:23:40] [2172/4876] 处理 300609 汇纳科技...
[2026-06-28 19:23:41] [2173/4876] 处理 000031 大悦城...
[2026-06-28 19:23:41] [2174/4876] 处理 300987 川网传媒...
[2026-06-28 19:23:41] [2175/4876] 处理 603656 泰禾智能...
[2026-06-28 19:23:42] [2176/4876] 处理 000573 粤宏远Ａ...
[2026-06-28 19:23:42] [2177/4876] 处理 603266 天龙股份...
[2026-06-28 19:23:43] [2178/4876] 处理 300535 达威股份...
[2026-06-28 19:23:43]   → 60日跌幅 -30.98%，符合条件！
[2026-06-28 19:23:43] [2179/4876] 处理 000990 诚志股份...
[2026-06-28 19:23:44] [2180/4876] 处理 002221 东华能源...
[2026-06-28 19:23:44]   → 60日跌幅 -39.62%，符合条件！
[2026-06-28 19:23:45] [2181/4876] 处理 688739 成大生物...
[2026-06-28 19:23:45] [2182/4876] 处理 301203 国泰环保...
[2026-06-28 19:23:46] [2183/4876] 处理 002054 德美化工...
[2026-06-28 19:23:46] [2184/4876] 处理 300667 必创科技...
[2026-06-28 19:23:47] [2185/4876] 处理 688058 宝兰德...
[2026-06-28 19:23:47] [2186/4876] 处理 001316 润贝航科...
[2026-06-28 19:23:48] [2187/4876] 处理 002331 皖通科技...
[2026-06-28 19:23:48] [2188/4876] 处理 601700 风范股份...
[2026-06-28 19:23:49] [2189/4876] 处理 601808 中海油服...
[2026-06-28 19:23:49]   → 60日跌幅 -32.18%，符合条件！
[2026-06-28 19:23:49] [2190/4876] 处理 301498 乖宝宠物...
[2026-06-28 19:23:50] [2191/4876] 处理 688004 博汇科技...
[2026-06-28 19:23:50] [2192/4876] 处理 600808 马钢股份...
[2026-06-28 19:23:50]   → 60日跌幅 -34.97%，符合条件！
[2026-06-28 19:23:51] [2193/4876] 处理 688211 中科微至...
[2026-06-28 19:23:51] [2194/4876] 处理 920111 聚星科技...
[2026-06-28 19:23:52] [2195/4876] 处理 300257 开山股份...
[2026-06-28 19:23:52] [2196/4876] 处理 300322 硕贝德...
[2026-06-28 19:23:53] [2197/4876] 处理 301212 联盛化学...
[2026-06-28 19:23:53] [2198/4876] 处理 002200 交投生态...
[2026-06-28 19:23:54] [2199/4876] 处理 300159 新研股份...
[2026-06-28 19:23:54] [2200/4876] 处理 002609 捷顺科技...
[2026-06-28 19:23:55] [2201/4876] 处理 002978 安宁股份...
[2026-06-28 19:23:55] [2202/4876] 处理 000803 山高环能...
[2026-06-28 19:23:56] [2203/4876] 处理 688479 友车科技...
[2026-06-28 19:23:56] [2204/4876] 处理 920185 贝特瑞...
[2026-06-28 19:23:57] [2205/4876] 处理 603737 三棵树...
[2026-06-28 19:23:57]   → 60日跌幅 -44.68%，符合条件！
[2026-06-28 19:23:57] [2206/4876] 处理 000650 仁和药业...
[2026-06-28 19:23:58] [2207/4876] 处理 603181 皇马科技...
[2026-06-28 19:23:58] [2208/4876] 处理 920418 苏轴股份...
[2026-06-28 19:23:59] [2209/4876] 处理 600859 王府井...
[2026-06-28 19:23:59] [2210/4876] 处理 605088 冠盛股份...
[2026-06-28 19:24:00] [2211/4876] 处理 002451 摩恩电气...
[2026-06-28 19:24:00] [2212/4876] 处理 002915 中欣氟材...
[2026-06-28 19:24:01] [2213/4876] 处理 600276 恒瑞医药...
[2026-06-28 19:24:01] [2214/4876] 处理 603048 浙江黎明...
[2026-06-28 19:24:02] [2215/4876] 处理 688591 泰凌微...
[2026-06-28 19:24:02] [2216/4876] 处理 300752 隆利科技...
[2026-06-28 19:24:03] [2217/4876] 处理 002949 华阳国际...
[2026-06-28 19:24:03] [2218/4876] 处理 300294 博雅生物...
[2026-06-28 19:24:04] [2219/4876] 处理 600250 南京商旅...
[2026-06-28 19:24:04]   → 60日跌幅 -39.08%，符合条件！
[2026-06-28 19:24:04] [2220/4876] 处理 300415 伊之密...
[2026-06-28 19:24:05] [2221/4876] 处理 300867 圣元环保...
[2026-06-28 19:24:05] [2222/4876] 处理 601965 中国汽研...
[2026-06-28 19:24:06]   → 60日跌幅 -31.74%，符合条件！
[2026-06-28 19:24:06] [2223/4876] 处理 600468 百利电气...
[2026-06-28 19:24:06]   → 60日跌幅 -40.20%，符合条件！
[2026-06-28 19:24:06] [2224/4876] 处理 600990 四创电子...
[2026-06-28 19:24:07] [2225/4876] 处理 600052 东望时代...
[2026-06-28 19:24:07] [2226/4876] 处理 002210 飞马国际...
[2026-06-28 19:24:08] [2227/4876] 处理 002403 爱仕达...
[2026-06-28 19:24:08] [2228/4876] 处理 002391 长青股份...
[2026-06-28 19:24:09] [2229/4876] 处理 301156 美农生物...
[2026-06-28 19:24:09] [2230/4876] 处理 301175 中科环保...
[2026-06-28 19:24:10] [2231/4876] 处理 002186 全 聚 德...
[2026-06-28 19:24:10] [2232/4876] 处理 000592 平潭发展...
[2026-06-28 19:24:11]   → 60日跌幅 -42.51%，符合条件！
[2026-06-28 19:24:11] [2233/4876] 处理 603683 晶华新材...
[2026-06-28 19:24:11] [2234/4876] 处理 603288 海天味业...
[2026-06-28 19:24:12] [2235/4876] 处理 600300 维维股份...
[2026-06-28 19:24:12] [2236/4876] 处理 000978 桂林旅游...
[2026-06-28 19:24:13]   → 60日跌幅 -30.05%，符合条件！
[2026-06-28 19:24:13] [2237/4876] 处理 603126 中材节能...
[2026-06-28 19:24:13] [2238/4876] 处理 600587 新华医疗...
[2026-06-28 19:24:14] [2239/4876] 处理 002938 鹏鼎控股...
[2026-06-28 19:24:14] [2240/4876] 处理 603500 祥和实业...
[2026-06-28 19:24:15] [2241/4876] 处理 002986 宇新股份...
[2026-06-28 19:24:15] [2242/4876] 处理 300094 国联水产...
[2026-06-28 19:24:16] [2243/4876] 处理 600640 国脉文化...
[2026-06-28 19:24:16] [2244/4876] 处理 301595 太力科技...
[2026-06-28 19:24:17]   → 60日跌幅 -32.12%，符合条件！
[2026-06-28 19:24:17] [2245/4876] 处理 002653 海思科...
[2026-06-28 19:24:17] [2246/4876] 处理 002712 思美传媒...
[2026-06-28 19:24:18] [2247/4876] 处理 000900 现代投资...
[2026-06-28 19:24:18] [2248/4876] 处理 300879 大叶股份...
[2026-06-28 19:24:19]   → 60日跌幅 -44.16%，符合条件！
[2026-06-28 19:24:19] [2249/4876] 处理 002219 新里程...
[2026-06-28 19:24:19]   → 60日跌幅 -31.10%，符合条件！
[2026-06-28 19:24:19] [2250/4876] 处理 688186 广大特材...
[2026-06-28 19:24:20]   → 60日跌幅 -37.40%，符合条件！
[2026-06-28 19:24:20] [2251/4876] 处理 600558 大西洋...
[2026-06-28 19:24:20] [2252/4876] 处理 605303 园林股份...
[2026-06-28 19:24:21] [2253/4876] 处理 301428 世纪恒通...
[2026-06-28 19:24:21] [2254/4876] 处理 300940 南极光...
[2026-06-28 19:24:22]   → 60日跌幅 -33.38%，符合条件！
[2026-06-28 19:24:22] [2255/4876] 处理 603179 新泉股份...
[2026-06-28 19:24:22] [2256/4876] 处理 300857 协创数据...
[2026-06-28 19:24:23] [2257/4876] 处理 300765 石药创新...
[2026-06-28 19:24:23] [2258/4876] 处理 003000 劲仔食品...
[2026-06-28 19:24:24] [2259/4876] 处理 300694 蠡湖股份...
[2026-06-28 19:24:24] [2260/4876] 处理 605005 合兴股份...
[2026-06-28 19:24:25] [2261/4876] 处理 600273 嘉化能源...
[2026-06-28 19:24:25] [2262/4876] 处理 688648 中邮科技...
[2026-06-28 19:24:25]   → 60日跌幅 -36.17%，符合条件！
[2026-06-28 19:24:26] [2263/4876] 处理 600212 绿能慧充...
[2026-06-28 19:24:26] [2264/4876] 处理 301137 哈焊华通...
[2026-06-28 19:24:26] [2265/4876] 处理 603466 风语筑...
[2026-06-28 19:24:27] [2266/4876] 处理 688016 心脉医疗...
[2026-06-28 19:24:27] [2267/4876] 处理 002164 宁波东力...
[2026-06-28 19:24:28] [2268/4876] 处理 600221 海航控股...
[2026-06-28 19:24:28] [2269/4876] 处理 920091 大鹏工业...
[2026-06-28 19:24:28]   → 60日跌幅 -40.03%，符合条件！
[2026-06-28 19:24:29] [2270/4876] 处理 603006 联明股份...
[2026-06-28 19:24:29] [2271/4876] 处理 600971 恒源煤电...
[2026-06-28 19:24:30] [2272/4876] 处理 301535 浙江华远...
[2026-06-28 19:24:30]   → 60日跌幅 -35.27%，符合条件！
[2026-06-28 19:24:30] [2273/4876] 处理 600861 北京人力...
[2026-06-28 19:24:31] [2274/4876] 处理 000837 秦川机床...
[2026-06-28 19:24:31] [2275/4876] 处理 601339 百隆东方...
[2026-06-28 19:24:32] [2276/4876] 处理 601798 蓝科高新...
[2026-06-28 19:24:32] [2277/4876] 处理 688070 纵横股份...
[2026-06-28 19:24:32] [2278/4876] 处理 688309 恒誉环保...
[2026-06-28 19:24:33] [2279/4876] 处理 300591 万里马...
[2026-06-28 19:24:33] [2280/4876] 处理 603725 天安新材...
[2026-06-28 19:24:34] [2281/4876] 处理 002873 新天药业...
[2026-06-28 19:24:34] [2282/4876] 处理 600261 阳光照明...
[2026-06-28 19:24:35] [2283/4876] 处理 002690 美亚光电...
[2026-06-28 19:24:35] [2284/4876] 处理 600810 神马股份...
[2026-06-28 19:24:36] [2285/4876] 处理 600476 *ST湘邮...
[2026-06-28 19:24:36] [2286/4876] 处理 000553 安道麦A...
[2026-06-28 19:24:37] [2287/4876] 处理 000718 苏宁环球...
[2026-06-28 19:24:37] [2288/4876] 处理 600358 国旅联合...
[2026-06-28 19:24:38] [2289/4876] 处理 002315 焦点科技...
[2026-06-28 19:24:38] [2290/4876] 处理 002382 蓝帆医疗...
[2026-06-28 19:24:38]   → 60日跌幅 -33.72%，符合条件！
[2026-06-28 19:24:38] [2291/4876] 处理 600611 大众交通...
[2026-06-28 19:24:39] [2292/4876] 处理 600865 百大集团...
[2026-06-28 19:24:39] [2293/4876] 处理 002493 荣盛石化...
[2026-06-28 19:24:40] [2294/4876] 处理 300543 朗科智能...
[2026-06-28 19:24:40] [2295/4876] 处理 301056 森赫股份...
[2026-06-28 19:24:41] [2296/4876] 处理 002303 美盈森...
[2026-06-28 19:24:41] [2297/4876] 处理 300278 华昌达...
[2026-06-28 19:24:42] [2298/4876] 处理 301529 福赛科技...
[2026-06-28 19:24:42] [2299/4876] 处理 002918 蒙娜丽莎...
[2026-06-28 19:24:43] [2300/4876] 处理 603686 XD福龙马...
[2026-06-28 19:24:43] [2301/4876] 处理 300884 狄耐克...
[2026-06-28 19:24:43] [2302/4876] 处理 600968 海油发展...
[2026-06-28 19:24:44] [2303/4876] 处理 603939 益丰药房...
[2026-06-28 19:24:44] [2304/4876] 处理 688729 XD屹唐股...
[2026-06-28 19:24:45] [2305/4876] 处理 600216 浙江医药...
[2026-06-28 19:24:45]   → 60日跌幅 -31.99%，符合条件！
[2026-06-28 19:24:45] [2306/4876] 处理 600326 西藏天路...
[2026-06-28 19:24:45]   → 60日跌幅 -30.63%，符合条件！
[2026-06-28 19:24:46] [2307/4876] 处理 688196 卓越新能...
[2026-06-28 19:24:46]   → 60日跌幅 -51.85%，符合条件！
[2026-06-28 19:24:46] [2308/4876] 处理 002052 同洲电子...
[2026-06-28 19:24:47] [2309/4876] 处理 600123 兰花科创...
[2026-06-28 19:24:47] [2310/4876] 处理 002092 中泰化学...
[2026-06-28 19:24:47]   → 60日跌幅 -48.14%，符合条件！
[2026-06-28 19:24:48] [2311/4876] 处理 002530 金财互联...
[2026-06-28 19:24:48] [2312/4876] 处理 000007 全新好...
[2026-06-28 19:24:49] [2313/4876] 处理 300838 浙江力诺...
[2026-06-28 19:24:49] [2314/4876] 处理 605117 德业股份...
[2026-06-28 19:24:50] [2315/4876] 处理 000799 酒鬼酒...
[2026-06-28 19:24:50] [2316/4876] 处理 002488 金固股份...
[2026-06-28 19:24:51] [2317/4876] 处理 688310 迈得医疗...
[2026-06-28 19:24:51] [2318/4876] 处理 000928 中钢国际...
[2026-06-28 19:24:51] [2319/4876] 处理 002289 宇顺电子...
[2026-06-28 19:24:52] [2320/4876] 处理 300032 金龙机电...
[2026-06-28 19:24:52]   → 60日跌幅 -38.12%，符合条件！
[2026-06-28 19:24:52] [2321/4876] 处理 002218 拓日新能...
[2026-06-28 19:24:53]   → 60日跌幅 -40.48%，符合条件！
[2026-06-28 19:24:53] [2322/4876] 处理 688625 呈和科技...
[2026-06-28 19:24:53] [2323/4876] 处理 002826 易明医药...
[2026-06-28 19:24:54] [2324/4876] 处理 002271 东方雨虹...
[2026-06-28 19:24:54] [2325/4876] 处理 001299 美能能源...
[2026-06-28 19:24:55] [2326/4876] 处理 688182 灿勤科技...
[2026-06-28 19:24:55] [2327/4876] 处理 000899 赣能股份...
[2026-06-28 19:24:56] [2328/4876] 处理 002274 华昌化工...
[2026-06-28 19:24:56] [2329/4876] 处理 301255 通力科技...
[2026-06-28 19:24:57] [2330/4876] 处理 600967 内蒙一机...
[2026-06-28 19:24:57] [2331/4876] 处理 000401 金隅冀东...
[2026-06-28 19:24:58] [2332/4876] 处理 603393 新天然气...
[2026-06-28 19:24:58]   → 60日跌幅 -40.80%，符合条件！
[2026-06-28 19:24:58] [2333/4876] 处理 300517 海波重科...
[2026-06-28 19:24:59] [2334/4876] 处理 001338 永顺泰...
[2026-06-28 19:24:59]   → 60日跌幅 -35.06%，符合条件！
[2026-06-28 19:24:59] [2335/4876] 处理 601089 福元医药...
[2026-06-28 19:24:59]   → 60日跌幅 -30.58%，符合条件！
[2026-06-28 19:25:00] [2336/4876] 处理 600429 三元股份...
[2026-06-28 19:25:00]   → 60日跌幅 -31.54%，符合条件！
[2026-06-28 19:25:00] [2337/4876] 处理 603168 莎普爱思...
[2026-06-28 19:25:00]   → 60日跌幅 -32.91%，符合条件！
[2026-06-28 19:25:00] [2338/4876] 处理 300141 和顺电气...
[2026-06-28 19:25:01] [2339/4876] 处理 601279 英利汽车...
[2026-06-28 19:25:01] [2340/4876] 处理 300972 万辰集团...
[2026-06-28 19:25:02] [2341/4876] 处理 601992 金隅集团...
[2026-06-28 19:25:02] [2342/4876] 处理 002524 光正眼科...
[2026-06-28 19:25:03] [2343/4876] 处理 600763 通策医疗...
[2026-06-28 19:25:03] [2344/4876] 处理 300370 安控科技...
[2026-06-28 19:25:04] [2345/4876] 处理 003012 东鹏控股...
[2026-06-28 19:25:04] [2346/4876] 处理 300559 佳发教育...
[2026-06-28 19:25:05] [2347/4876] 处理 300623 捷捷微电...
[2026-06-28 19:25:05] [2348/4876] 处理 603079 圣达生物...
[2026-06-28 19:25:05]   → 60日跌幅 -32.55%，符合条件！
[2026-06-28 19:25:06] [2349/4876] 处理 001311 多利科技...
[2026-06-28 19:25:06]   → 60日跌幅 -32.13%，符合条件！
[2026-06-28 19:25:06] [2350/4876] 处理 000420 吉林化纤...
[2026-06-28 19:25:07] [2351/4876] 处理 002791 坚朗五金...
[2026-06-28 19:25:07]   → 60日跌幅 -35.02%，符合条件！
[2026-06-28 19:25:07] [2352/4876] 处理 002256 兆新股份...
[2026-06-28 19:25:08] [2353/4876] 处理 600732 爱旭股份...
[2026-06-28 19:25:08] [2354/4876] 处理 301080 百普赛斯...
[2026-06-28 19:25:08] [2355/4876] 处理 300157 新锦动力...
[2026-06-28 19:25:09]   → 60日跌幅 -44.11%，符合条件！
[2026-06-28 19:25:09] [2356/4876] 处理 003007 直真科技...
[2026-06-28 19:25:09] [2357/4876] 处理 603098 森特股份...
[2026-06-28 19:25:10]   → 60日跌幅 -41.96%，符合条件！
[2026-06-28 19:25:10] [2358/4876] 处理 002555 三七互娱...
[2026-06-28 19:25:10] [2359/4876] 处理 603239 浙江仙通...
[2026-06-28 19:25:11]   → 60日跌幅 -37.74%，符合条件！
[2026-06-28 19:25:11] [2360/4876] 处理 301158 德石股份...
[2026-06-28 19:25:11] [2361/4876] 处理 001212 中旗新材...
[2026-06-28 19:25:12] [2362/4876] 处理 603588 高能环境...
[2026-06-28 19:25:12] [2363/4876] 处理 003025 思进智能...
[2026-06-28 19:25:13] [2364/4876] 处理 002977 *ST天箭...
[2026-06-28 19:25:13] [2365/4876] 处理 002688 金河生物...
[2026-06-28 19:25:14] [2366/4876] 处理 601588 北辰实业...
[2026-06-28 19:25:14] [2367/4876] 处理 600637 东方明珠...
[2026-06-28 19:25:15] [2368/4876] 处理 603369 今世缘...
[2026-06-28 19:25:15] [2369/4876] 处理 300822 贝仕达克...
[2026-06-28 19:25:16] [2370/4876] 处理 300298 三诺生物...
[2026-06-28 19:25:16] [2371/4876] 处理 002517 恺英网络...
[2026-06-28 19:25:17] [2372/4876] 处理 603860 中公高科...
[2026-06-28 19:25:17] [2373/4876] 处理 688050 爱博医疗...
[2026-06-28 19:25:17] [2374/4876] 处理 600894 XD广日股...
[2026-06-28 19:25:18] [2375/4876] 处理 000408 藏格矿业...
[2026-06-28 19:25:18] [2376/4876] 处理 920239 长虹能源...
[2026-06-28 19:25:19] [2377/4876] 处理 600163 中闽能源...
[2026-06-28 19:25:19]   → 60日跌幅 -31.27%，符合条件！
[2026-06-28 19:25:19] [2378/4876] 处理 300906 日月明...
[2026-06-28 19:25:20] [2379/4876] 处理 002763 汇洁股份...
[2026-06-28 19:25:20] [2380/4876] 处理 301601 惠通科技...
[2026-06-28 19:25:20]   → 60日跌幅 -32.52%，符合条件！
[2026-06-28 19:25:21] [2381/4876] 处理 301126 达嘉维康...
[2026-06-28 19:25:21] [2382/4876] 处理 688032 禾迈股份...
[2026-06-28 19:25:21]   → 60日跌幅 -37.58%，符合条件！
[2026-06-28 19:25:22] [2383/4876] 处理 301073 君亭酒店...
[2026-06-28 19:25:22]   → 60日跌幅 -32.38%，符合条件！
[2026-06-28 19:25:22] [2384/4876] 处理 688153 唯捷创芯...
[2026-06-28 19:25:23] [2385/4876] 处理 600223 福瑞达...
[2026-06-28 19:25:23] [2386/4876] 处理 002470 金正大...
[2026-06-28 19:25:23]   → 60日跌幅 -38.51%，符合条件！
[2026-06-28 19:25:24] [2387/4876] 处理 605188 国光连锁...
[2026-06-28 19:25:24] [2388/4876] 处理 920088 科力股份...
[2026-06-28 19:25:24]   → 60日跌幅 -49.04%，符合条件！
[2026-06-28 19:25:25] [2389/4876] 处理 688395 正弦电气...
[2026-06-28 19:25:25] [2390/4876] 处理 300239 东宝生物...
[2026-06-28 19:25:25] [2391/4876] 处理 603132 金徽股份...
[2026-06-28 19:25:26] [2392/4876] 处理 603113 金能科技...
[2026-06-28 19:25:26]   → 60日跌幅 -41.37%，符合条件！
[2026-06-28 19:25:26] [2393/4876] 处理 003011 海象新材...
[2026-06-28 19:25:27] [2394/4876] 处理 688398 赛特新材...
[2026-06-28 19:25:27] [2395/4876] 处理 000029 深深房Ａ...
[2026-06-28 19:25:28] [2396/4876] 处理 001312 福恩股份...
[2026-06-28 19:25:28] [2397/4876] 处理 300062 中能电气...
[2026-06-28 19:25:28]   → 60日跌幅 -35.61%，符合条件！
[2026-06-28 19:25:29] [2398/4876] 处理 688107 安路科技...
[2026-06-28 19:25:29] [2399/4876] 处理 301106 骏成科技...
[2026-06-28 19:25:30] [2400/4876] 处理 300150 世纪瑞尔...
[2026-06-28 19:25:30] [2401/4876] 处理 001390 古麒绒材...
[2026-06-28 19:25:31] [2402/4876] 处理 002014 永新股份...
[2026-06-28 19:25:31] [2403/4876] 处理 002737 葵花药业...
[2026-06-28 19:25:32] [2404/4876] 处理 000709 河钢股份...
[2026-06-28 19:25:32] [2405/4876] 处理 603658 安图生物...
[2026-06-28 19:25:33] [2406/4876] 处理 600280 中央商场...
[2026-06-28 19:25:33] [2407/4876] 处理 001319 铭科精技...
[2026-06-28 19:25:33] [2408/4876] 处理 300529 健帆生物...
[2026-06-28 19:25:34] [2409/4876] 处理 300119 瑞普生物...
[2026-06-28 19:25:34] [2410/4876] 处理 002188 中天服务...
[2026-06-28 19:25:35] [2411/4876] 处理 603257 中国瑞林...
[2026-06-28 19:25:35] [2412/4876] 处理 601727 上海电气...
[2026-06-28 19:25:36] [2413/4876] 处理 300955 嘉亨家化...
[2026-06-28 19:25:36] [2414/4876] 处理 001209 洪兴股份...
[2026-06-28 19:25:37] [2415/4876] 处理 601615 明阳智能...
[2026-06-28 19:25:37]   → 60日跌幅 -33.78%，符合条件！
[2026-06-28 19:25:37] [2416/4876] 处理 300770 新媒股份...
[2026-06-28 19:25:38] [2417/4876] 处理 300866 安克创新...
[2026-06-28 19:25:38] [2418/4876] 处理 600268 国电南自...
[2026-06-28 19:25:39] [2419/4876] 处理 002169 智光电气...
[2026-06-28 19:25:39] [2420/4876] 处理 000816 智慧农业...
[2026-06-28 19:25:39]   → 60日跌幅 -33.24%，符合条件！
[2026-06-28 19:25:40] [2421/4876] 处理 920751 惠同新材...
[2026-06-28 19:25:40] [2422/4876] 处理 002997 瑞鹄模具...
[2026-06-28 19:25:41] [2423/4876] 处理 600006 东风股份...
[2026-06-28 19:25:41] [2424/4876] 处理 000881 中广核技...
[2026-06-28 19:25:42] [2425/4876] 处理 601390 中国中铁...
[2026-06-28 19:25:42] [2426/4876] 处理 688383 新益昌...
[2026-06-28 19:25:42] [2427/4876] 处理 300997 欢乐家...
[2026-06-28 19:25:43] [2428/4876] 处理 600838 上海九百...
[2026-06-28 19:25:43]   → 60日跌幅 -30.98%，符合条件！
[2026-06-28 19:25:43] [2429/4876] 处理 300479 神思电子...
[2026-06-28 19:25:44] [2430/4876] 处理 002259 升达林业...
[2026-06-28 19:25:44] [2431/4876] 处理 000552 甘肃能化...
[2026-06-28 19:25:45] [2432/4876] 处理 300272 开能健康...
[2026-06-28 19:25:45]   → 60日跌幅 -35.08%，符合条件！
[2026-06-28 19:25:45] [2433/4876] 处理 603409 汇通控股...
[2026-06-28 19:25:46] [2434/4876] 处理 600403 大有能源...
[2026-06-28 19:25:46] [2435/4876] 处理 300026 红日药业...
[2026-06-28 19:25:47] [2436/4876] 处理 301559 中集环科...
[2026-06-28 19:25:47] [2437/4876] 处理 300788 中信出版...
[2026-06-28 19:25:48] [2438/4876] 处理 000550 江铃汽车...
[2026-06-28 19:25:48] [2439/4876] 处理 600883 XD博闻科...
[2026-06-28 19:25:48] [2440/4876] 处理 603013 亚普股份...
[2026-06-28 19:25:49] [2441/4876] 处理 603590 康辰药业...
[2026-06-28 19:25:49] [2442/4876] 处理 688796 百奥赛图...
[2026-06-28 19:25:50] [2443/4876] 处理 300680 隆盛科技...
[2026-06-28 19:25:50] [2444/4876] 处理 301038 深水规院...
[2026-06-28 19:25:51] [2445/4876] 处理 301439 泓淋电力...
[2026-06-28 19:25:51] [2446/4876] 处理 605118 力鼎光电...
[2026-06-28 19:25:52] [2447/4876] 处理 301636 泽润新能...
[2026-06-28 19:25:52]   → 60日跌幅 -36.17%，符合条件！
[2026-06-28 19:25:52] [2448/4876] 处理 300920 润阳科技...
[2026-06-28 19:25:53] [2449/4876] 处理 600785 新华百货...
[2026-06-28 19:25:53] [2450/4876] 处理 600740 山西焦化...
[2026-06-28 19:25:53]   → 60日跌幅 -30.30%，符合条件！
[2026-06-28 19:25:54] [2451/4876] 处理 600982 宁波能源...
[2026-06-28 19:25:54] [2452/4876] 处理 301021 英诺激光...
[2026-06-28 19:25:54] [2453/4876] 处理 600348 华阳股份...
[2026-06-28 19:25:55] [2454/4876] 处理 603505 金石资源...
[2026-06-28 19:25:55] [2455/4876] 处理 603681 永冠新材...
[2026-06-28 19:25:56] [2456/4876] 处理 300423 昇辉科技...
[2026-06-28 19:25:56]   → 60日跌幅 -35.22%，符合条件！
[2026-06-28 19:25:56] [2457/4876] 处理 603859 能科科技...
[2026-06-28 19:25:57] [2458/4876] 处理 000753 漳州发展...
[2026-06-28 19:25:57]   → 60日跌幅 -37.64%，符合条件！
[2026-06-28 19:25:57] [2459/4876] 处理 300190 维尔利...
[2026-06-28 19:25:58] [2460/4876] 处理 688151 华强科技...
[2026-06-28 19:25:58] [2461/4876] 处理 301528 多浦乐...
[2026-06-28 19:25:59] [2462/4876] 处理 301568 思泰克...
[2026-06-28 19:25:59] [2463/4876] 处理 000926 福星股份...
[2026-06-28 19:26:00] [2464/4876] 处理 002357 富临运业...
[2026-06-28 19:26:00]   → 60日跌幅 -30.28%，符合条件！
[2026-06-28 19:26:00] [2465/4876] 处理 600872 中炬高新...
[2026-06-28 19:26:00] [2466/4876] 处理 300902 国安达...
[2026-06-28 19:26:01] [2467/4876] 处理 300760 迈瑞医疗...
[2026-06-28 19:26:01] [2468/4876] 处理 301011 华立科技...
[2026-06-28 19:26:01]   → 60日跌幅 -40.15%，符合条件！
[2026-06-28 19:26:02] [2469/4876] 处理 603081 大丰实业...
[2026-06-28 19:26:02] [2470/4876] 处理 002369 卓翼科技...
[2026-06-28 19:26:03] [2471/4876] 处理 001314 亿道信息...
[2026-06-28 19:26:03] [2472/4876] 处理 002278 神开股份...
[2026-06-28 19:26:03]   → 60日跌幅 -35.55%，符合条件！
[2026-06-28 19:26:04] [2473/4876] 处理 300176 鸿特科技...
[2026-06-28 19:26:04]   → 60日跌幅 -32.11%，符合条件！
[2026-06-28 19:26:04] [2474/4876] 处理 300215 电科院...
[2026-06-28 19:26:05] [2475/4876] 处理 603197 保隆科技...
[2026-06-28 19:26:05] [2476/4876] 处理 300918 南山智尚...
[2026-06-28 19:26:05] [2477/4876] 处理 300063 天龙集团...
[2026-06-28 19:26:06] [2478/4876] 处理 688560 明冠新材...
[2026-06-28 19:26:06] [2479/4876] 处理 688399 硕世生物...
[2026-06-28 19:26:07] [2480/4876] 处理 000739 普洛药业...
[2026-06-28 19:26:07] [2481/4876] 处理 002389 航天彩虹...
[2026-06-28 19:26:08] [2482/4876] 处理 600893 航发动力...
[2026-06-28 19:26:08] [2483/4876] 处理 300299 富春股份...
[2026-06-28 19:26:09] [2484/4876] 处理 600787 中储股份...
[2026-06-28 19:26:09] [2485/4876] 处理 000059 华锦股份...
[2026-06-28 19:26:10] [2486/4876] 处理 600399 抚顺特钢...
[2026-06-28 19:26:10]   → 60日跌幅 -31.46%，符合条件！
[2026-06-28 19:26:10] [2487/4876] 处理 300079 数码视讯...
[2026-06-28 19:26:10] [2488/4876] 处理 688162 巨一科技...
[2026-06-28 19:26:11] [2489/4876] 处理 600110 诺德股份...
[2026-06-28 19:26:11] [2490/4876] 处理 603037 凯众股份...
[2026-06-28 19:26:12] [2491/4876] 处理 300138 晨光生物...
[2026-06-28 19:26:12]   → 60日跌幅 -30.10%，符合条件！
[2026-06-28 19:26:12] [2492/4876] 处理 000993 闽东电力...
[2026-06-28 19:26:12]   → 60日跌幅 -33.45%，符合条件！
[2026-06-28 19:26:13] [2493/4876] 处理 000905 厦门港务...
[2026-06-28 19:26:13]   → 60日跌幅 -31.26%，符合条件！
[2026-06-28 19:26:13] [2494/4876] 处理 601100 恒立液压...
[2026-06-28 19:26:14] [2495/4876] 处理 600744 华银电力...
[2026-06-28 19:26:14] [2496/4876] 处理 002073 软控股份...
[2026-06-28 19:26:15] [2497/4876] 处理 000683 博源化工...
[2026-06-28 19:26:15] [2498/4876] 处理 600197 伊力特...
[2026-06-28 19:26:15] [2499/4876] 处理 605050 福然德...
[2026-06-28 19:26:16]   → 60日跌幅 -34.39%，符合条件！
[2026-06-28 19:26:16] [2500/4876] 处理 300932 三友联众...
[2026-06-28 19:26:16] [2501/4876] 处理 002526 山东矿机...
[2026-06-28 19:26:17] [2502/4876] 处理 301608 博实结...
[2026-06-28 19:26:17] [2503/4876] 处理 600029 南方航空...
[2026-06-28 19:26:18] [2504/4876] 处理 300589 江龙船艇...
[2026-06-28 19:26:18] [2505/4876] 处理 300856 科思股份...
[2026-06-28 19:26:19] [2506/4876] 处理 600010 包钢股份...
[2026-06-28 19:26:19] [2507/4876] 处理 300945 曼卡龙...
[2026-06-28 19:26:19]   → 60日跌幅 -31.42%，符合条件！
[2026-06-28 19:26:20] [2508/4876] 处理 603606 东方电缆...
[2026-06-28 19:26:20] [2509/4876] 处理 301207 华兰疫苗...
[2026-06-28 19:26:21] [2510/4876] 处理 603311 金海高科...
[2026-06-28 19:26:21] [2511/4876] 处理 601068 中铝国际...
[2026-06-28 19:26:21] [2512/4876] 处理 603999 读者传媒...
[2026-06-28 19:26:22] [2513/4876] 处理 002287 奇正藏药...
[2026-06-28 19:26:22] [2514/4876] 处理 301066 万事利...
[2026-06-28 19:26:23] [2515/4876] 处理 688696 极米科技...
[2026-06-28 19:26:23]   → 60日跌幅 -30.67%，符合条件！
[2026-06-28 19:26:23] [2516/4876] 处理 300963 中洲特材...
[2026-06-28 19:26:24] [2517/4876] 处理 605299 舒华体育...
[2026-06-28 19:26:24] [2518/4876] 处理 603198 迎驾贡酒...
[2026-06-28 19:26:25] [2519/4876] 处理 603833 欧派家居...
[2026-06-28 19:26:25]   → 60日跌幅 -43.61%，符合条件！
[2026-06-28 19:26:25] [2520/4876] 处理 000886 海南高速...
[2026-06-28 19:26:26] [2521/4876] 处理 601890 亚星锚链...
[2026-06-28 19:26:26] [2522/4876] 处理 600765 中航重机...
[2026-06-28 19:26:26] [2523/4876] 处理 601086 国芳集团...
[2026-06-28 19:26:27] [2524/4876] 处理 002941 新疆交建...
[2026-06-28 19:26:27]   → 60日跌幅 -37.88%，符合条件！
[2026-06-28 19:26:27] [2525/4876] 处理 003002 壶化股份...
[2026-06-28 19:26:28]   → 60日跌幅 -32.85%，符合条件！
[2026-06-28 19:26:28] [2526/4876] 处理 603759 海天股份...
[2026-06-28 19:26:28] [2527/4876] 处理 002474 榕基软件...
[2026-06-28 19:26:29] [2528/4876] 处理 002486 嘉麟杰...
[2026-06-28 19:26:29] [2529/4876] 处理 002772 众兴菌业...
[2026-06-28 19:26:30] [2530/4876] 处理 300597 吉大通信...
[2026-06-28 19:26:30] [2531/4876] 处理 688283 坤恒顺维...
[2026-06-28 19:26:31] [2532/4876] 处理 300360 炬华科技...
[2026-06-28 19:26:31] [2533/4876] 处理 002984 森麒麟...
[2026-06-28 19:26:32] [2534/4876] 处理 600138 中青旅...
[2026-06-28 19:26:32] [2535/4876] 处理 600419 天润乳业...
[2026-06-28 19:26:32] [2536/4876] 处理 300107 建新股份...
[2026-06-28 19:26:33] [2537/4876] 处理 002677 浙江美大...
[2026-06-28 19:26:33] [2538/4876] 处理 000716 黑芝麻...
[2026-06-28 19:26:34] [2539/4876] 处理 002187 广百股份...
[2026-06-28 19:26:34] [2540/4876] 处理 301658 首航新能...
[2026-06-28 19:26:34]   → 60日跌幅 -49.27%，符合条件！
[2026-06-28 19:26:35] [2541/4876] 处理 300995 奇德新材...
[2026-06-28 19:26:35] [2542/4876] 处理 003022 联泓新科...
[2026-06-28 19:26:36] [2543/4876] 处理 300463 迈克生物...
[2026-06-28 19:26:36] [2544/4876] 处理 601607 上海医药...
[2026-06-28 19:26:37] [2545/4876] 处理 002107 沃华医药...
[2026-06-28 19:26:37] [2546/4876] 处理 301233 盛帮股份...
[2026-06-28 19:26:37] [2547/4876] 处理 600062 华润双鹤...
[2026-06-28 19:26:38] [2548/4876] 处理 600592 龙溪股份...
[2026-06-28 19:26:38]   → 60日跌幅 -30.83%，符合条件！
[2026-06-28 19:26:38] [2549/4876] 处理 300286 安科瑞...
[2026-06-28 19:26:39] [2550/4876] 处理 300725 药石科技...
[2026-06-28 19:26:39] [2551/4876] 处理 603617 君禾股份...
[2026-06-28 19:26:40] [2552/4876] 处理 600489 中金黄金...
[2026-06-28 19:26:40]   → 60日跌幅 -31.59%，符合条件！
[2026-06-28 19:26:40] [2553/4876] 处理 000558 天府文旅...
[2026-06-28 19:26:40]   → 60日跌幅 -31.95%，符合条件！
[2026-06-28 19:26:41] [2554/4876] 处理 600686 金龙汽车...
[2026-06-28 19:26:41]   → 60日跌幅 -33.87%，符合条件！
[2026-06-28 19:26:41] [2555/4876] 处理 600153 建发股份...
[2026-06-28 19:26:42] [2556/4876] 处理 688256 寒武纪...
[2026-06-28 19:26:42] [2557/4876] 处理 002828 贝肯能源...
[2026-06-28 19:26:42] [2558/4876] 处理 002094 青岛金王...
[2026-06-28 19:26:43]   → 60日跌幅 -33.59%，符合条件！
[2026-06-28 19:26:43] [2559/4876] 处理 000014 沙河股份...
[2026-06-28 19:26:43]   → 60日跌幅 -37.88%，符合条件！
[2026-06-28 19:26:43] [2560/4876] 处理 600076 康欣新材...
[2026-06-28 19:26:44] [2561/4876] 处理 600748 上实发展...
[2026-06-28 19:26:44] [2562/4876] 处理 688410 山外山...
[2026-06-28 19:26:45] [2563/4876] 处理 301551 无线传媒...
[2026-06-28 19:26:45] [2564/4876] 处理 000898 鞍钢股份...
[2026-06-28 19:26:46] [2565/4876] 处理 002438 江苏神通...
[2026-06-28 19:26:46] [2566/4876] 处理 002401 中远海科...
[2026-06-28 19:26:47] [2567/4876] 处理 688105 诺唯赞...
[2026-06-28 19:26:47] [2568/4876] 处理 002298 中电鑫龙...
[2026-06-28 19:26:47]   → 60日跌幅 -32.48%，符合条件！
[2026-06-28 19:26:48] [2569/4876] 处理 605377 华旺科技...
[2026-06-28 19:26:48] [2570/4876] 处理 002692 远程股份...
[2026-06-28 19:26:48]   → 60日跌幅 -36.86%，符合条件！
[2026-06-28 19:26:48] [2571/4876] 处理 000800 一汽解放...
[2026-06-28 19:26:49] [2572/4876] 处理 000526 学大教育...
[2026-06-28 19:26:49] [2573/4876] 处理 603290 斯达半导...
[2026-06-28 19:26:50] [2574/4876] 处理 002642 荣联科技...
[2026-06-28 19:26:50] [2575/4876] 处理 600227 赤天化...
[2026-06-28 19:26:50]   → 60日跌幅 -43.32%，符合条件！
[2026-06-28 19:26:51] [2576/4876] 处理 002648 卫星化学...
[2026-06-28 19:26:51] [2577/4876] 处理 603583 捷昌驱动...
[2026-06-28 19:26:51]   → 60日跌幅 -31.40%，符合条件！
[2026-06-28 19:26:52] [2578/4876] 处理 600584 长电科技...
[2026-06-28 19:26:52] [2579/4876] 处理 600456 宝钛股份...
[2026-06-28 19:26:53] [2580/4876] 处理 601916 XD浙商银...
[2026-06-28 19:26:53] [2581/4876] 处理 300941 创识科技...
[2026-06-28 19:26:53]   → 60日跌幅 -31.28%，符合条件！
[2026-06-28 19:26:54] [2582/4876] 处理 603069 海汽集团...
[2026-06-28 19:26:54] [2583/4876] 处理 300181 佐力药业...
[2026-06-28 19:26:54] [2584/4876] 处理 603189 *ST网达...
[2026-06-28 19:26:55]   → 60日跌幅 -47.98%，符合条件！
[2026-06-28 19:26:55] [2585/4876] 处理 300669 沪宁股份...
[2026-06-28 19:26:55] [2586/4876] 处理 002575 群兴玩具...
[2026-06-28 19:26:56]   → 60日跌幅 -34.35%，符合条件！
[2026-06-28 19:26:56] [2587/4876] 处理 002589 瑞康医药...
[2026-06-28 19:26:56] [2588/4876] 处理 605158 华达新材...
[2026-06-28 19:26:57] [2589/4876] 处理 603697 有友食品...
[2026-06-28 19:26:57] [2590/4876] 处理 000037 深南电A...
[2026-06-28 19:26:58] [2591/4876] 处理 688096 京源环保...
[2026-06-28 19:26:58] [2592/4876] 处理 300878 维康药业...
[2026-06-28 19:26:59] [2593/4876] 处理 300436 广生堂...
[2026-06-28 19:26:59] [2594/4876] 处理 605100 华丰股份...
[2026-06-28 19:27:00] [2595/4876] 处理 301086 鸿富瀚...
[2026-06-28 19:27:00] [2596/4876] 处理 300077 国民技术...
[2026-06-28 19:27:00] [2597/4876] 处理 300405 科隆股份...
[2026-06-28 19:27:01] [2598/4876] 处理 301025 读客文化...
[2026-06-28 19:27:01] [2599/4876] 处理 000600 建投能源...
[2026-06-28 19:27:02] [2600/4876] 处理 300965 恒宇信通...
[2026-06-28 19:27:02] [2601/4876] 处理 002350 北京科锐...
[2026-06-28 19:27:03] [2602/4876] 处理 300503 昊志机电...
[2026-06-28 19:27:03] [2603/4876] 处理 000919 金陵药业...
[2026-06-28 19:27:04] [2604/4876] 处理 600405 动力源...
[2026-06-28 19:27:04] [2605/4876] 处理 600847 万里股份...
[2026-06-28 19:27:05] [2606/4876] 处理 300213 佳讯飞鸿...
[2026-06-28 19:27:05] [2607/4876] 处理 300875 捷强装备...
[2026-06-28 19:27:05]   → 60日跌幅 -40.71%，符合条件！
[2026-06-28 19:27:06] [2608/4876] 处理 600712 南宁百货...
[2026-06-28 19:27:06] [2609/4876] 处理 605011 杭州热电...
[2026-06-28 19:27:06] [2610/4876] 处理 002624 完美世界...
[2026-06-28 19:27:07]   → 60日跌幅 -34.43%，符合条件！
[2026-06-28 19:27:07] [2611/4876] 处理 002322 理工能科...
[2026-06-28 19:27:07]   → 60日跌幅 -31.74%，符合条件！
[2026-06-28 19:27:07] [2612/4876] 处理 600573 XD惠泉啤...
[2026-06-28 19:27:08] [2613/4876] 处理 603662 柯力传感...
[2026-06-28 19:27:08] [2614/4876] 处理 002215 诺 普 信...
[2026-06-28 19:27:09] [2615/4876] 处理 600511 国药股份...
[2026-06-28 19:27:09] [2616/4876] 处理 002627 三峡旅游...
[2026-06-28 19:27:10] [2617/4876] 处理 688659 元琛科技...
[2026-06-28 19:27:10] [2618/4876] 处理 002246 北化股份...
[2026-06-28 19:27:10]   → 60日跌幅 -30.55%，符合条件！
[2026-06-28 19:27:11] [2619/4876] 处理 301149 隆华新材...
[2026-06-28 19:27:11] [2620/4876] 处理 300513 恒实科技...
[2026-06-28 19:27:12] [2621/4876] 处理 003028 振邦智能...
[2026-06-28 19:27:12] [2622/4876] 处理 300397 天和防务...
[2026-06-28 19:27:13] [2623/4876] 处理 002554 惠博普...
[2026-06-28 19:27:13] [2624/4876] 处理 002588 史丹利...
[2026-06-28 19:27:13] [2625/4876] 处理 600676 交运股份...
[2026-06-28 19:27:14] [2626/4876] 处理 002436 兴森科技...
[2026-06-28 19:27:14] [2627/4876] 处理 002798 帝欧水华...
[2026-06-28 19:27:15] [2628/4876] 处理 600249 两面针...
[2026-06-28 19:27:15] [2629/4876] 处理 603895 天永智能...
[2026-06-28 19:27:16] [2630/4876] 处理 002785 万里石...
[2026-06-28 19:27:16] [2631/4876] 处理 300648 星云股份...
[2026-06-28 19:27:17] [2632/4876] 处理 300581 晨曦航空...
[2026-06-28 19:27:17] [2633/4876] 处理 002045 国光电器...
[2026-06-28 19:27:17]   → 60日跌幅 -32.76%，符合条件！
[2026-06-28 19:27:18] [2634/4876] 处理 688271 联影医疗...
[2026-06-28 19:27:18] [2635/4876] 处理 301397 溯联股份...
[2026-06-28 19:27:19] [2636/4876] 处理 002248 华东数控...
[2026-06-28 19:27:19] [2637/4876] 处理 300523 辰安科技...
[2026-06-28 19:27:19] [2638/4876] 处理 002803 吉宏股份...
[2026-06-28 19:27:20] [2639/4876] 处理 920946 森萱医药...
[2026-06-28 19:27:20] [2640/4876] 处理 300492 华图山鼎...
[2026-06-28 19:27:21]   → 60日跌幅 -41.49%，符合条件！
[2026-06-28 19:27:21] [2641/4876] 处理 603958 哈森股份...
[2026-06-28 19:27:21] [2642/4876] 处理 920122 中纺标...
[2026-06-28 19:27:22] [2643/4876] 处理 600575 淮河能源...
[2026-06-28 19:27:22] [2644/4876] 处理 603219 富佳股份...
[2026-06-28 19:27:23] [2645/4876] 处理 002093 国脉科技...
[2026-06-28 19:27:23]   → 60日跌幅 -33.58%，符合条件！
[2026-06-28 19:27:23] [2646/4876] 处理 688585 上纬新材...
[2026-06-28 19:27:24] [2647/4876] 处理 600714 金瑞矿业...
[2026-06-28 19:27:24] [2648/4876] 处理 301638 南网数字...
[2026-06-28 19:27:25] [2649/4876] 处理 600089 特变电工...
[2026-06-28 19:27:25] [2650/4876] 处理 600409 XD三友化...
[2026-06-28 19:27:25] [2651/4876] 处理 000906 浙商中拓...
[2026-06-28 19:27:26] [2652/4876] 处理 002339 积成电子...
[2026-06-28 19:27:26]   → 60日跌幅 -36.15%，符合条件！
[2026-06-28 19:27:26] [2653/4876] 处理 000676 智度股份...
[2026-06-28 19:27:27]   → 60日跌幅 -33.46%，符合条件！
[2026-06-28 19:27:27] [2654/4876] 处理 300957 贝泰妮...
[2026-06-28 19:27:27] [2655/4876] 处理 603080 新疆火炬...
[2026-06-28 19:27:28] [2656/4876] 处理 001287 中电港...
[2026-06-28 19:27:28] [2657/4876] 处理 300427 红相股份...
[2026-06-28 19:27:28]   → 60日跌幅 -46.36%，符合条件！
[2026-06-28 19:27:29] [2658/4876] 处理 688439 振华风光...
[2026-06-28 19:27:29] [2659/4876] 处理 605183 确成股份...
[2026-06-28 19:27:30] [2660/4876] 处理 300168 万达信息...
[2026-06-28 19:27:30] [2661/4876] 处理 002415 海康威视...
[2026-06-28 19:27:31] [2662/4876] 处理 600742 富维股份...
[2026-06-28 19:27:31] [2663/4876] 处理 000915 华特达因...
[2026-06-28 19:27:32] [2664/4876] 处理 605162 新中港...
[2026-06-28 19:27:32] [2665/4876] 处理 300105 龙源技术...
[2026-06-28 19:27:32] [2666/4876] 处理 300893 松原安全...
[2026-06-28 19:27:33] [2667/4876] 处理 601611 中国核建...
[2026-06-28 19:27:33] [2668/4876] 处理 002729 好利科技...
[2026-06-28 19:27:34] [2669/4876] 处理 300163 先锋新材...
[2026-06-28 19:27:34] [2670/4876] 处理 600769 祥龙电业...
[2026-06-28 19:27:35] [2671/4876] 处理 002639 雪人集团...
[2026-06-28 19:27:35] [2672/4876] 处理 002392 北京利尔...
[2026-06-28 19:27:36] [2673/4876] 处理 600422 昆药集团...
[2026-06-28 19:27:36]   → 60日跌幅 -33.16%，符合条件！
[2026-06-28 19:27:36] [2674/4876] 处理 688337 普源精电...
[2026-06-28 19:27:37] [2675/4876] 处理 300083 创世纪...
[2026-06-28 19:27:37] [2676/4876] 处理 000501 武商集团...
[2026-06-28 19:27:37] [2677/4876] 处理 600158 中体产业...
[2026-06-28 19:27:38]   → 60日跌幅 -37.52%，符合条件！
[2026-06-28 19:27:38] [2678/4876] 处理 000159 国际实业...
[2026-06-28 19:27:38] [2679/4876] 处理 002858 力盛体育...
[2026-06-28 19:27:39]   → 60日跌幅 -30.83%，符合条件！
[2026-06-28 19:27:39] [2680/4876] 处理 603027 千禾味业...
[2026-06-28 19:27:39] [2681/4876] 处理 600585 海螺水泥...
[2026-06-28 19:27:40] [2682/4876] 处理 002351 漫步者...
[2026-06-28 19:27:40] [2683/4876] 处理 920152 昆工科技...
[2026-06-28 19:27:41] [2684/4876] 处理 601566 九牧王...
[2026-06-28 19:27:41] [2685/4876] 处理 688191 智洋创新...
[2026-06-28 19:27:42] [2686/4876] 处理 688593 新相微...
[2026-06-28 19:27:42] [2687/4876] 处理 600104 上汽集团...
[2026-06-28 19:27:42]   → 60日跌幅 -32.34%，符合条件！
[2026-06-28 19:27:43] [2688/4876] 处理 000819 岳阳兴长...
[2026-06-28 19:27:43] [2689/4876] 处理 605333 沪光股份...
[2026-06-28 19:27:43]   → 60日跌幅 -36.30%，符合条件！
[2026-06-28 19:27:43] [2690/4876] 处理 001396 誉帆科技...
[2026-06-28 19:27:44] [2691/4876] 处理 002184 海得控制...
[2026-06-28 19:27:44] [2692/4876] 处理 600262 北方股份...
[2026-06-28 19:27:45] [2693/4876] 处理 002104 恒宝股份...
[2026-06-28 19:27:45]   → 60日跌幅 -34.44%，符合条件！
[2026-06-28 19:27:45] [2694/4876] 处理 300771 智莱科技...
[2026-06-28 19:27:46] [2695/4876] 处理 603402 陕西旅游...
[2026-06-28 19:27:46]   → 60日跌幅 -42.81%，符合条件！
[2026-06-28 19:27:46] [2696/4876] 处理 002928 华夏航空...
[2026-06-28 19:27:47] [2697/4876] 处理 601198 东兴证券...
[2026-06-28 19:27:47] [2698/4876] 处理 300713 英可瑞...
[2026-06-28 19:27:48] [2699/4876] 处理 601702 华峰铝业...
[2026-06-28 19:27:48] [2700/4876] 处理 002139 拓邦股份...
[2026-06-28 19:27:49] [2701/4876] 处理 002879 长缆科技...
[2026-06-28 19:27:49]   → 60日跌幅 -34.72%，符合条件！
[2026-06-28 19:27:49] [2702/4876] 处理 603085 天成自控...
[2026-06-28 19:27:50] [2703/4876] 处理 603599 广信股份...
[2026-06-28 19:27:50]   → 60日跌幅 -32.63%，符合条件！
[2026-06-28 19:27:50] [2704/4876] 处理 301267 华厦眼科...
[2026-06-28 19:27:50] [2705/4876] 处理 300381 溢多利...
[2026-06-28 19:27:51] [2706/4876] 处理 000796 凯撒旅业...
[2026-06-28 19:27:51] [2707/4876] 处理 002760 凤形股份...
[2026-06-28 19:27:52] [2708/4876] 处理 301632 广东建科...
[2026-06-28 19:27:52] [2709/4876] 处理 300296 利亚德...
[2026-06-28 19:27:53] [2710/4876] 处理 688015 交控科技...
[2026-06-28 19:27:53] [2711/4876] 处理 603278 大业股份...
[2026-06-28 19:27:54] [2712/4876] 处理 603711 香飘飘...
[2026-06-28 19:27:54] [2713/4876] 处理 300422 博世科...
[2026-06-28 19:27:55] [2714/4876] 处理 300419 ST浩丰...
[2026-06-28 19:27:55] [2715/4876] 处理 002578 闽发铝业...
[2026-06-28 19:27:56] [2716/4876] 处理 301260 格力博...
[2026-06-28 19:27:56] [2717/4876] 处理 605077 华康股份...
[2026-06-28 19:27:57] [2718/4876] 处理 601311 骆驼股份...
[2026-06-28 19:27:57] [2719/4876] 处理 001368 通达创智...
[2026-06-28 19:27:58] [2720/4876] 处理 000950 重药控股...
[2026-06-28 19:27:58] [2721/4876] 处理 688084 晶品特装...
[2026-06-28 19:27:58]   → 60日跌幅 -30.98%，符合条件！
[2026-06-28 19:27:58] [2722/4876] 处理 603501 豪威集团...
[2026-06-28 19:27:59] [2723/4876] 处理 300587 天铁科技...
[2026-06-28 19:27:59]   → 60日跌幅 -33.04%，符合条件！
[2026-06-28 19:27:59] [2724/4876] 处理 002138 顺络电子...
[2026-06-28 19:28:00] [2725/4876] 处理 300417 南华仪器...
[2026-06-28 19:28:00] [2726/4876] 处理 688443 智翔金泰-U...
[2026-06-28 19:28:01] [2727/4876] 处理 300448 浩云科技...
[2026-06-28 19:28:01] [2728/4876] 处理 600959 江苏有线...
[2026-06-28 19:28:02] [2729/4876] 处理 002646 天佑德酒...
[2026-06-28 19:28:02] [2730/4876] 处理 301027 华蓝集团...
[2026-06-28 19:28:03] [2731/4876] 处理 002388 新亚制程...
[2026-06-28 19:28:03] [2732/4876] 处理 603077 和邦生物...
[2026-06-28 19:28:04] [2733/4876] 处理 300009 安科生物...
[2026-06-28 19:28:04] [2734/4876] 处理 300684 中石科技...
[2026-06-28 19:28:05] [2735/4876] 处理 600486 扬农化工...
[2026-06-28 19:28:05]   → 60日跌幅 -31.84%，符合条件！
[2026-06-28 19:28:05] [2736/4876] 处理 688059 华锐精密...
[2026-06-28 19:28:05] [2737/4876] 处理 600258 首旅酒店...
[2026-06-28 19:28:06] [2738/4876] 处理 002390 信邦制药...
[2026-06-28 19:28:06] [2739/4876] 处理 000791 甘肃能源...
[2026-06-28 19:28:07] [2740/4876] 处理 603679 华体科技...
[2026-06-28 19:28:07] [2741/4876] 处理 002266 浙富控股...
[2026-06-28 19:28:08] [2742/4876] 处理 688513 苑东生物...
[2026-06-28 19:28:08]   → 60日跌幅 -36.95%，符合条件！
[2026-06-28 19:28:08] [2743/4876] 处理 600868 梅雁吉祥...
[2026-06-28 19:28:08]   → 60日跌幅 -32.47%，符合条件！
[2026-06-28 19:28:09] [2744/4876] 处理 605388 均瑶健康...
[2026-06-28 19:28:09] [2745/4876] 处理 300552 万集科技...
[2026-06-28 19:28:10] [2746/4876] 处理 300956 英力股份...
[2026-06-28 19:28:10] [2747/4876] 处理 603058 永吉股份...
[2026-06-28 19:28:10] [2748/4876] 处理 300778 新城市...
[2026-06-28 19:28:11] [2749/4876] 处理 000639 ST西王...
[2026-06-28 19:28:11]   → 60日跌幅 -64.06%，符合条件！
[2026-06-28 19:28:11] [2750/4876] 处理 301055 张小泉...
[2026-06-28 19:28:12] [2751/4876] 处理 600807 济高发展...
[2026-06-28 19:28:12] [2752/4876] 处理 603160 汇顶科技...
[2026-06-28 19:28:13] [2753/4876] 处理 002268 电科网安...
[2026-06-28 19:28:13] [2754/4876] 处理 300101 振芯科技...
[2026-06-28 19:28:14] [2755/4876] 处理 002250 联化科技...
[2026-06-28 19:28:14] [2756/4876] 处理 002252 上海莱士...
[2026-06-28 19:28:14] [2757/4876] 处理 300942 易瑞生物...
[2026-06-28 19:28:14]   → 60日跌幅 -32.35%，符合条件！
[2026-06-28 19:28:15] [2758/4876] 处理 603166 福达股份...
[2026-06-28 19:28:15] [2759/4876] 处理 300300 海峡创新...
[2026-06-28 19:28:15]   → 60日跌幅 -45.42%，符合条件！
[2026-06-28 19:28:16] [2760/4876] 处理 002700 万憬能源...
[2026-06-28 19:28:16] [2761/4876] 处理 300837 浙矿股份...
[2026-06-28 19:28:16]   → 60日跌幅 -33.21%，符合条件！
[2026-06-28 19:28:16] [2762/4876] 处理 301656 联合动力...
[2026-06-28 19:28:17] [2763/4876] 处理 600415 小商品城...
[2026-06-28 19:28:17] [2764/4876] 处理 300071 福石控股...
[2026-06-28 19:28:17]   → 60日跌幅 -32.28%，符合条件！
[2026-06-28 19:28:18] [2765/4876] 处理 605068 明新旭腾...
[2026-06-28 19:28:18]   → 60日跌幅 -35.63%，符合条件！
[2026-06-28 19:28:18] [2766/4876] 处理 001257 盛龙股份...
[2026-06-28 19:28:18] [2767/4876] 处理 603030 全筑股份...
[2026-06-28 19:28:19] [2768/4876] 处理 002454 松芝股份...
[2026-06-28 19:28:19] [2769/4876] 处理 001386 马可波罗...
[2026-06-28 19:28:20] [2770/4876] 处理 688559 海目星...
[2026-06-28 19:28:20] [2771/4876] 处理 300451 创业慧康...
[2026-06-28 19:28:20]   → 60日跌幅 -34.58%，符合条件！
[2026-06-28 19:28:21] [2772/4876] 处理 920580 科创新材...
[2026-06-28 19:28:21] [2773/4876] 处理 002626 金达威...
[2026-06-28 19:28:21] [2774/4876] 处理 300365 恒华科技...
[2026-06-28 19:28:21]   → 60日跌幅 -32.60%，符合条件！
[2026-06-28 19:28:22] [2775/4876] 处理 601121 宝地矿业...
[2026-06-28 19:28:22] [2776/4876] 处理 605136 丽人丽妆...
[2026-06-28 19:28:22] [2777/4876] 处理 301289 国缆检测...
[2026-06-28 19:28:23] [2778/4876] 处理 300015 爱尔眼科...
[2026-06-28 19:28:23] [2779/4876] 处理 600161 天坛生物...
[2026-06-28 19:28:24] [2780/4876] 处理 603969 银龙股份...
[2026-06-28 19:28:24] [2781/4876] 处理 000921 海信家电...
[2026-06-28 19:28:24] [2782/4876] 处理 002313 日海智能...
[2026-06-28 19:28:25] [2783/4876] 处理 603082 XD北自科...
[2026-06-28 19:28:25] [2784/4876] 处理 002452 长高电气...
[2026-06-28 19:28:26] [2785/4876] 处理 600218 全柴动力...
[2026-06-28 19:28:26] [2786/4876] 处理 603191 望变电气...
[2026-06-28 19:28:26] [2787/4876] 处理 603109 神驰机电...
[2026-06-28 19:28:27] [2788/4876] 处理 301262 海看股份...
[2026-06-28 19:28:27] [2789/4876] 处理 603589 口子窖...
[2026-06-28 19:28:28] [2790/4876] 处理 300248 新开普...
[2026-06-28 19:28:28] [2791/4876] 处理 300173 ST福能...
[2026-06-28 19:28:28] [2792/4876] 处理 002296 辉煌科技...
[2026-06-28 19:28:29] [2793/4876] 处理 000776 广发证券...
[2026-06-28 19:28:29] [2794/4876] 处理 300777 中简科技...
[2026-06-28 19:28:30] [2795/4876] 处理 002634 *ST棒杰...
[2026-06-28 19:28:30]   → 60日跌幅 -42.63%，符合条件！
[2026-06-28 19:28:30] [2796/4876] 处理 600771 广誉远...
[2026-06-28 19:28:30] [2797/4876] 处理 600722 金牛化工...
[2026-06-28 19:28:31]   → 60日跌幅 -50.30%，符合条件！
[2026-06-28 19:28:31] [2798/4876] 处理 600452 涪陵电力...
[2026-06-28 19:28:31] [2799/4876] 处理 600629 华建集团...
[2026-06-28 19:28:32] [2800/4876] 处理 000701 厦门信达...
[2026-06-28 19:28:32] [2801/4876] 处理 603883 老百姓...
[2026-06-28 19:28:33] [2802/4876] 处理 002067 景兴纸业...
[2026-06-28 19:28:33] [2803/4876] 处理 002295 精艺股份...
[2026-06-28 19:28:33] [2804/4876] 处理 601113 华鼎股份...
[2026-06-28 19:28:34] [2805/4876] 处理 603933 睿能科技...
[2026-06-28 19:28:34] [2806/4876] 处理 600352 浙江龙盛...
[2026-06-28 19:28:35] [2807/4876] 处理 603119 浙江荣泰...
[2026-06-28 19:28:35] [2808/4876] 处理 688125 安达智能...
[2026-06-28 19:28:35]   → 60日跌幅 -32.31%，符合条件！
[2026-06-28 19:28:35] [2809/4876] 处理 002811 郑中设计...
[2026-06-28 19:28:36] [2810/4876] 处理 003018 金富科技...
[2026-06-28 19:28:36] [2811/4876] 处理 688069 德林海...
[2026-06-28 19:28:37] [2812/4876] 处理 603893 瑞芯微...
[2026-06-28 19:28:37] [2813/4876] 处理 002669 康达新材...
[2026-06-28 19:28:37] [2814/4876] 处理 603032 德新科技...
[2026-06-28 19:28:38] [2815/4876] 处理 600230 沧州大化...
[2026-06-28 19:28:38] [2816/4876] 处理 002992 宝明科技...
[2026-06-28 19:28:39] [2817/4876] 处理 002356 赫美集团...
[2026-06-28 19:28:39] [2818/4876] 处理 002284 亚太股份...
[2026-06-28 19:28:39]   → 60日跌幅 -34.23%，符合条件！
[2026-06-28 19:28:39] [2819/4876] 处理 003023 彩虹集团...
[2026-06-28 19:28:40] [2820/4876] 处理 603579 荣泰健康...
[2026-06-28 19:28:40] [2821/4876] 处理 301062 上海艾录...
[2026-06-28 19:28:41] [2822/4876] 处理 603982 泉峰汽车...
[2026-06-28 19:28:41] [2823/4876] 处理 300291 百纳千成...
[2026-06-28 19:28:41]   → 60日跌幅 -30.04%，符合条件！
[2026-06-28 19:28:41] [2824/4876] 处理 002888 惠威科技...
[2026-06-28 19:28:42] [2825/4876] 处理 600644 XD乐山电...
[2026-06-28 19:28:42]   → 60日跌幅 -36.40%，符合条件！
[2026-06-28 19:28:42] [2826/4876] 处理 002117 东港股份...
[2026-06-28 19:28:43] [2827/4876] 处理 300374 中铁装配...
[2026-06-28 19:28:43] [2828/4876] 处理 002862 实丰文化...
[2026-06-28 19:28:43] [2829/4876] 处理 301278 快可电子...
[2026-06-28 19:28:44] [2830/4876] 处理 002599 盛通股份...
[2026-06-28 19:28:44]   → 60日跌幅 -30.32%，符合条件！
[2026-06-28 19:28:44] [2831/4876] 处理 002908 德生科技...
[2026-06-28 19:28:45] [2832/4876] 处理 301369 联动科技...
[2026-06-28 19:28:45] [2833/4876] 处理 300194 福安药业...
[2026-06-28 19:28:45] [2834/4876] 处理 002878 元隆雅图...
[2026-06-28 19:28:46]   → 60日跌幅 -33.37%，符合条件！
[2026-06-28 19:28:46] [2835/4876] 处理 002309 中利集团...
[2026-06-28 19:28:46]   → 60日跌幅 -41.60%，符合条件！
[2026-06-28 19:28:46] [2836/4876] 处理 300030 阳普医疗...
[2026-06-28 19:28:47] [2837/4876] 处理 002421 达实智能...
[2026-06-28 19:28:47] [2838/4876] 处理 002121 科陆电子...
[2026-06-28 19:28:47]   → 60日跌幅 -35.37%，符合条件！
[2026-06-28 19:28:48] [2839/4876] 处理 002748 世龙实业...
[2026-06-28 19:28:48] [2840/4876] 处理 002115 三维通信...
[2026-06-28 19:28:49] [2841/4876] 处理 300452 山河药辅...
[2026-06-28 19:28:49] [2842/4876] 处理 601579 会稽山...
[2026-06-28 19:28:50] [2843/4876] 处理 300453 三鑫医疗...
[2026-06-28 19:28:50] [2844/4876] 处理 601717 中创智领...
[2026-06-28 19:28:50]   → 60日跌幅 -31.38%，符合条件！
[2026-06-28 19:28:51] [2845/4876] 处理 002079 苏州固锝...
[2026-06-28 19:28:51] [2846/4876] 处理 001317 三羊马...
[2026-06-28 19:28:51] [2847/4876] 处理 002393 力生制药...
[2026-06-28 19:28:52] [2848/4876] 处理 000767 晋控电力...
[2026-06-28 19:28:52] [2849/4876] 处理 600483 福能股份...
[2026-06-28 19:28:53] [2850/4876] 处理 603170 宝立食品...
[2026-06-28 19:28:53] [2851/4876] 处理 300819 聚杰微纤...
[2026-06-28 19:28:54] [2852/4876] 处理 301602 超研股份...
[2026-06-28 19:28:54] [2853/4876] 处理 603229 奥翔药业...
[2026-06-28 19:28:55] [2854/4876] 处理 300651 金陵体育...
[2026-06-28 19:28:55]   → 60日跌幅 -37.93%，符合条件！
[2026-06-28 19:28:55] [2855/4876] 处理 688548 XD广钢气...
[2026-06-28 19:28:56] [2856/4876] 处理 603655 朗博科技...
[2026-06-28 19:28:56] [2857/4876] 处理 002358 森源电气...
[2026-06-28 19:28:57] [2858/4876] 处理 002262 恩华药业...
[2026-06-28 19:28:57] [2859/4876] 处理 300091 *ST金灵...
[2026-06-28 19:28:57] [2860/4876] 处理 601598 中国外运...
[2026-06-28 19:28:58] [2861/4876] 处理 002019 亿帆医药...
[2026-06-28 19:28:58] [2862/4876] 处理 600746 江苏索普...
[2026-06-28 19:28:59]   → 60日跌幅 -41.81%，符合条件！
[2026-06-28 19:28:59] [2863/4876] 处理 000513 丽珠集团...
[2026-06-28 19:28:59] [2864/4876] 处理 688592 司南导航...
[2026-06-28 19:29:00] [2865/4876] 处理 603172 万丰股份...
[2026-06-28 19:29:00] [2866/4876] 处理 301598 博科测试...
[2026-06-28 19:29:01] [2867/4876] 处理 688551 科威尔...
[2026-06-28 19:29:01] [2868/4876] 处理 301329 信音电子...
[2026-06-28 19:29:01] [2869/4876] 处理 301032 新柴股份...
[2026-06-28 19:29:02] [2870/4876] 处理 603535 嘉诚国际...
[2026-06-28 19:29:02] [2871/4876] 处理 603036 如通股份...
[2026-06-28 19:29:03] [2872/4876] 处理 600867 通化东宝...
[2026-06-28 19:29:03] [2873/4876] 处理 688222 成都先导...
[2026-06-28 19:29:04] [2874/4876] 处理 000726 鲁  泰Ａ...
[2026-06-28 19:29:04] [2875/4876] 处理 002412 汉森制药...
[2026-06-28 19:29:04] [2876/4876] 处理 688607 康众医疗...
[2026-06-28 19:29:05] [2877/4876] 处理 605365 立达信...
[2026-06-28 19:29:05] [2878/4876] 处理 603187 海容冷链...
[2026-06-28 19:29:06] [2879/4876] 处理 000060 中金岭南...
[2026-06-28 19:29:06] [2880/4876] 处理 000338 潍柴动力...
[2026-06-28 19:29:07] [2881/4876] 处理 002063 远光软件...
[2026-06-28 19:29:07] [2882/4876] 处理 301201 诚达药业...
[2026-06-28 19:29:07] [2883/4876] 处理 300110 华仁药业...
[2026-06-28 19:29:08] [2884/4876] 处理 002969 嘉美包装...
[2026-06-28 19:29:08]   → 60日跌幅 -47.37%，符合条件！
[2026-06-28 19:29:08] [2885/4876] 处理 300183 东软载波...
[2026-06-28 19:29:09] [2886/4876] 处理 600380 XD健康元...
[2026-06-28 19:29:09] [2887/4876] 处理 002553 南方精工...
[2026-06-28 19:29:09]   → 60日跌幅 -33.68%，符合条件！
[2026-06-28 19:29:09] [2888/4876] 处理 002099 海翔药业...
[2026-06-28 19:29:10] [2889/4876] 处理 688573 信宇人...
[2026-06-28 19:29:10] [2890/4876] 处理 603636 南威软件...
[2026-06-28 19:29:11] [2891/4876] 处理 300971 博亚精工...
[2026-06-28 19:29:11] [2892/4876] 处理 301101 明月镜片...
[2026-06-28 19:29:11] [2893/4876] 处理 301301 川宁生物...
[2026-06-28 19:29:12] [2894/4876] 处理 300917 特发服务...
[2026-06-28 19:29:12] [2895/4876] 处理 600166 福田汽车...
[2026-06-28 19:29:13] [2896/4876] 处理 300968 格林精密...
[2026-06-28 19:29:13] [2897/4876] 处理 002498 汉缆股份...
[2026-06-28 19:29:14] [2898/4876] 处理 600109 国金证券...
[2026-06-28 19:29:14] [2899/4876] 处理 301198 喜悦智行...
[2026-06-28 19:29:15] [2900/4876] 处理 688755 汉邦科技...
[2026-06-28 19:29:15] [2901/4876] 处理 300775 三角防务...
[2026-06-28 19:29:15]   → 60日跌幅 -39.40%，符合条件！
[2026-06-28 19:29:16] [2902/4876] 处理 002793 罗欣药业...
[2026-06-28 19:29:16] [2903/4876] 处理 688350 富淼科技...
[2026-06-28 19:29:17] [2904/4876] 处理 600515 海南机场...
[2026-06-28 19:29:17] [2905/4876] 处理 300315 掌趣科技...
[2026-06-28 19:29:17] [2906/4876] 处理 688722 同益中...
[2026-06-28 19:29:18] [2907/4876] 处理 002030 达安基因...
[2026-06-28 19:29:18] [2908/4876] 处理 600658 电子城...
[2026-06-28 19:29:19] [2909/4876] 处理 688246 嘉和美康...
[2026-06-28 19:29:19] [2910/4876] 处理 688653 康希通信...
[2026-06-28 19:29:20] [2911/4876] 处理 688330 宏力达...
[2026-06-28 19:29:20] [2912/4876] 处理 300413 芒果超媒...
[2026-06-28 19:29:20]   → 60日跌幅 -30.68%，符合条件！
[2026-06-28 19:29:21] [2913/4876] 处理 300590 移为通信...
[2026-06-28 19:29:21] [2914/4876] 处理 300355 蒙草生态...
[2026-06-28 19:29:22] [2915/4876] 处理 688356 键凯科技...
[2026-06-28 19:29:22] [2916/4876] 处理 300406 九强生物...
[2026-06-28 19:29:23] [2917/4876] 处理 300808 久量股份...
[2026-06-28 19:29:23] [2918/4876] 处理 603068 博通集成...
[2026-06-28 19:29:24] [2919/4876] 处理 603916 苏博特...
[2026-06-28 19:29:24] [2920/4876] 处理 603315 福鞍股份...
[2026-06-28 19:29:24] [2921/4876] 处理 301368 丰立智能...
[2026-06-28 19:29:25] [2922/4876] 处理 603185 弘元绿能...
[2026-06-28 19:29:25]   → 60日跌幅 -32.68%，符合条件！
[2026-06-28 19:29:25] [2923/4876] 处理 603767 中马传动...
[2026-06-28 19:29:26] [2924/4876] 处理 002065 东华软件...
[2026-06-28 19:29:26] [2925/4876] 处理 603039 泛微网络...
[2026-06-28 19:29:27] [2926/4876] 处理 300384 三联虹普...
[2026-06-28 19:29:27] [2927/4876] 处理 688080 映翰通...
[2026-06-28 19:29:28] [2928/4876] 处理 688449 联芸科技...
[2026-06-28 19:29:28] [2929/4876] 处理 601456 国联民生...
[2026-06-28 19:29:29] [2930/4876] 处理 301489 思泉新材...
[2026-06-28 19:29:29] [2931/4876] 处理 603387 基蛋生物...
[2026-06-28 19:29:30] [2932/4876] 处理 600734 *ST实达...
[2026-06-28 19:29:30]   → 60日跌幅 -57.52%，符合条件！
[2026-06-28 19:29:30] [2933/4876] 处理 600792 云煤能源...
[2026-06-28 19:29:30]   → 60日跌幅 -35.73%，符合条件！
[2026-06-28 19:29:31] [2934/4876] 处理 600693 东百集团...
[2026-06-28 19:29:31]   → 60日跌幅 -31.63%，符合条件！
[2026-06-28 19:29:31] [2935/4876] 处理 002010 传化智联...
[2026-06-28 19:29:32] [2936/4876] 处理 601828 美凯龙...
[2026-06-28 19:29:32] [2937/4876] 处理 600173 卧龙新能...
[2026-06-28 19:29:32] [2938/4876] 处理 688348 昱能科技...
[2026-06-28 19:29:33]   → 60日跌幅 -47.02%，符合条件！
[2026-06-28 19:29:33] [2939/4876] 处理 301326 捷邦科技...
[2026-06-28 19:29:33] [2940/4876] 处理 000601 韶能股份...
[2026-06-28 19:29:34] [2941/4876] 处理 301508 中机认检...
[2026-06-28 19:29:34] [2942/4876] 处理 601116 三江购物...
[2026-06-28 19:29:35] [2943/4876] 处理 300533 冰川网络...
[2026-06-28 19:29:35] [2944/4876] 处理 600828 茂业商业...
[2026-06-28 19:29:35]   → 60日跌幅 -36.08%，符合条件！
[2026-06-28 19:29:36] [2945/4876] 处理 688571 杭华股份...
[2026-06-28 19:29:36] [2946/4876] 处理 002264 新 华 都...
[2026-06-28 19:29:36]   → 60日跌幅 -31.80%，符合条件！
[2026-06-28 19:29:37] [2947/4876] 处理 300188 国投智能...
[2026-06-28 19:29:37] [2948/4876] 处理 688766 普冉股份...
[2026-06-28 19:29:38] [2949/4876] 处理 301500 飞南资源...
[2026-06-28 19:29:38] [2950/4876] 处理 300288 朗玛信息...
[2026-06-28 19:29:38]   → 60日跌幅 -30.14%，符合条件！
[2026-06-28 19:29:38] [2951/4876] 处理 000151 中成股份...
[2026-06-28 19:29:39] [2952/4876] 处理 300528 幸福蓝海...
[2026-06-28 19:29:39] [2953/4876] 处理 600829 人民同泰...
[2026-06-28 19:29:40] [2954/4876] 处理 688052 纳芯微...
[2026-06-28 19:29:40] [2955/4876] 处理 002448 中原内配...
[2026-06-28 19:29:41] [2956/4876] 处理 600717 天津港...
[2026-06-28 19:29:41] [2957/4876] 处理 300598 诚迈科技...
[2026-06-28 19:29:42] [2958/4876] 处理 000957 中通客车...
[2026-06-28 19:29:42] [2959/4876] 处理 002249 大洋电机...
[2026-06-28 19:29:43] [2960/4876] 处理 603348 文灿股份...
[2026-06-28 19:29:43]   → 60日跌幅 -31.56%，符合条件！
[2026-06-28 19:29:43] [2961/4876] 处理 601996 丰林集团...
[2026-06-28 19:29:44] [2962/4876] 处理 301237 和顺科技...
[2026-06-28 19:29:44] [2963/4876] 处理 002755 奥赛康...
[2026-06-28 19:29:44] [2964/4876] 处理 000882 华联股份...
[2026-06-28 19:29:45] [2965/4876] 处理 688215 瑞晟智能...
[2026-06-28 19:29:45] [2966/4876] 处理 000833 粤桂股份...
[2026-06-28 19:29:46] [2967/4876] 处理 600383 金地集团...
[2026-06-28 19:29:46] [2968/4876] 处理 301299 卓创资讯...
[2026-06-28 19:29:47]   → 60日跌幅 -31.66%，符合条件！
[2026-06-28 19:29:47] [2969/4876] 处理 603217 元利科技...
[2026-06-28 19:29:47] [2970/4876] 处理 600933 爱柯迪...
[2026-06-28 19:29:48] [2971/4876] 处理 600764 中国海防...
[2026-06-28 19:29:48] [2972/4876] 处理 002527 新时达...
[2026-06-28 19:29:49] [2973/4876] 处理 300696 爱乐达...
[2026-06-28 19:29:49] [2974/4876] 处理 002265 建设工业...
[2026-06-28 19:29:49]   → 60日跌幅 -30.11%，符合条件！
[2026-06-28 19:29:49] [2975/4876] 处理 300351 永贵电器...
[2026-06-28 19:29:50] [2976/4876] 处理 688500 慧辰股份...
[2026-06-28 19:29:50] [2977/4876] 处理 300007 汉威科技...
[2026-06-28 19:29:51] [2978/4876] 处理 300644 南京聚隆...
[2026-06-28 19:29:52] [2979/4876] 处理 300834 星辉环材...
[2026-06-28 19:29:52] [2980/4876] 处理 002777 久远银海...
[2026-06-28 19:29:53] [2981/4876] 处理 002998 优彩资源...
[2026-06-28 19:29:53] [2982/4876] 处理 002232 启明信息...
[2026-06-28 19:29:53] [2983/4876] 处理 600657 信达地产...
[2026-06-28 19:29:54] [2984/4876] 处理 002926 华西证券...
[2026-06-28 19:29:54] [2985/4876] 处理 600728 佳都科技...
[2026-06-28 19:29:55] [2986/4876] 处理 000931 中 关 村...
[2026-06-28 19:29:55] [2987/4876] 处理 601137 博威合金...
[2026-06-28 19:29:56] [2988/4876] 处理 688458 美芯晟...
[2026-06-28 19:29:56] [2989/4876] 处理 000572 海马汽车...
[2026-06-28 19:29:56]   → 60日跌幅 -38.98%，符合条件！
[2026-06-28 19:29:57] [2990/4876] 处理 300622 博士眼镜...
[2026-06-28 19:29:57] [2991/4876] 处理 300735 光弘科技...
[2026-06-28 19:29:58] [2992/4876] 处理 300627 华测导航...
[2026-06-28 19:29:58] [2993/4876] 处理 601633 长城汽车...
[2026-06-28 19:29:58] [2994/4876] 处理 002995 天地在线...
[2026-06-28 19:29:59] [2995/4876] 处理 001285 瑞立科密...
[2026-06-28 19:29:59] [2996/4876] 处理 301133 金钟股份...
[2026-06-28 19:30:00] [2997/4876] 处理 002242 九阳股份...
[2026-06-28 19:30:00] [2998/4876] 处理 000933 神火股份...
[2026-06-28 19:30:01]   → 60日跌幅 -30.96%，符合条件！
[2026-06-28 19:30:01] [2999/4876] 处理 002349 精华制药...
[2026-06-28 19:30:01] [3000/4876] 处理 300132 青松股份...
[2026-06-28 19:30:01]   → 60日跌幅 -36.83%，符合条件！
[2026-06-28 19:30:02] [3001/4876] 处理 600310 广西能源...
[2026-06-28 19:30:02]   → 60日跌幅 -37.04%，符合条件！
[2026-06-28 19:30:02] [3002/4876] 处理 688099 晶晨股份...
[2026-06-28 19:30:03] [3003/4876] 处理 688373 盟科药业-U...
[2026-06-28 19:30:03]   → 60日跌幅 -32.10%，符合条件！
[2026-06-28 19:30:03] [3004/4876] 处理 600517 国网英大...
[2026-06-28 19:30:04] [3005/4876] 处理 688717 艾罗能源...
[2026-06-28 19:30:04]   → 60日跌幅 -32.52%，符合条件！
[2026-06-28 19:30:04] [3006/4876] 处理 001278 一彬科技...
[2026-06-28 19:30:05] [3007/4876] 处理 300583 赛托生物...
[2026-06-28 19:30:05] [3008/4876] 处理 600617 国新能源...
[2026-06-28 19:30:05]   → 60日跌幅 -35.70%，符合条件！
[2026-06-28 19:30:06] [3009/4876] 处理 300804 广康生化...
[2026-06-28 19:30:06]   → 60日跌幅 -31.35%，符合条件！
[2026-06-28 19:30:06] [3010/4876] 处理 000597 东北制药...
[2026-06-28 19:30:06] [3011/4876] 处理 600812 华北制药...
[2026-06-28 19:30:07] [3012/4876] 处理 000686 东北证券...
[2026-06-28 19:30:07] [3013/4876] 处理 002290 禾盛新材...
[2026-06-28 19:30:08] [3014/4876] 处理 300711 广哈通信...
[2026-06-28 19:30:08]   → 60日跌幅 -34.77%，符合条件！
[2026-06-28 19:30:08] [3015/4876] 处理 688489 三未信安...
[2026-06-28 19:30:09] [3016/4876] 处理 603416 信捷电气...
[2026-06-28 19:30:09] [3017/4876] 处理 000665 湖北广电...
[2026-06-28 19:30:10] [3018/4876] 处理 603607 京华激光...
[2026-06-28 19:30:10] [3019/4876] 处理 301367 瑞迈特...
[2026-06-28 19:30:11] [3020/4876] 处理 301357 北方长龙...
[2026-06-28 19:30:11]   → 60日跌幅 -35.65%，符合条件！
[2026-06-28 19:30:11] [3021/4876] 处理 605398 新炬网络...
[2026-06-28 19:30:12] [3022/4876] 处理 300025 华星创业...
[2026-06-28 19:30:12] [3023/4876] 处理 300949 奥雅股份...
[2026-06-28 19:30:13] [3024/4876] 处理 300937 药易购...
[2026-06-28 19:30:13]   → 60日跌幅 -35.71%，符合条件！
[2026-06-28 19:30:13] [3025/4876] 处理 300445 康斯特...
[2026-06-28 19:30:13] [3026/4876] 处理 002887 绿茵生态...
[2026-06-28 19:30:14] [3027/4876] 处理 001233 海安集团...
[2026-06-28 19:30:14] [3028/4876] 处理 601377 兴业证券...
[2026-06-28 19:30:15] [3029/4876] 处理 600271 航天信息...
[2026-06-28 19:30:15] [3030/4876] 处理 002582 好想你...
[2026-06-28 19:30:16] [3031/4876] 处理 300437 清水源...
[2026-06-28 19:30:16] [3032/4876] 处理 688223 晶科能源...
[2026-06-28 19:30:16]   → 60日跌幅 -33.62%，符合条件！
[2026-06-28 19:30:16] [3033/4876] 处理 300746 汉嘉数智...
[2026-06-28 19:30:17] [3034/4876] 处理 603291 联合水务...
[2026-06-28 19:30:17]   → 60日跌幅 -31.61%，符合条件！
[2026-06-28 19:30:17] [3035/4876] 处理 600654 中安科...
[2026-06-28 19:30:18] [3036/4876] 处理 000677 ST海龙...
[2026-06-28 19:30:18]   → 60日跌幅 -69.05%，符合条件！
[2026-06-28 19:30:18] [3037/4876] 处理 301380 挖金客...
[2026-06-28 19:30:18] [3038/4876] 处理 688299 长阳科技...
[2026-06-28 19:30:19] [3039/4876] 处理 300358 楚天科技...
[2026-06-28 19:30:19] [3040/4876] 处理 600985 淮北矿业...
[2026-06-28 19:30:20] [3041/4876] 处理 002064 华峰化学...
[2026-06-28 19:30:20] [3042/4876] 处理 688197 首药控股-U...
[2026-06-28 19:30:21] [3043/4876] 处理 603817 海峡环保...
[2026-06-28 19:30:21]   → 60日跌幅 -32.60%，符合条件！
[2026-06-28 19:30:21] [3044/4876] 处理 603110 东方材料...
[2026-06-28 19:30:21] [3045/4876] 处理 600143 金发科技...
[2026-06-28 19:30:22] [3046/4876] 处理 600420 国药现代...
[2026-06-28 19:30:22] [3047/4876] 处理 300990 同飞股份...
[2026-06-28 19:30:23] [3048/4876] 处理 688320 禾川科技...
[2026-06-28 19:30:23] [3049/4876] 处理 002981 朝阳科技...
[2026-06-28 19:30:24] [3050/4876] 处理 300134 大富科技...
[2026-06-28 19:30:24] [3051/4876] 处理 688379 华光新材...
[2026-06-28 19:30:25] [3052/4876] 处理 301169 零点有数...
[2026-06-28 19:30:25] [3053/4876] 处理 300703 创源股份...
[2026-06-28 19:30:25]   → 60日跌幅 -34.35%，符合条件！
[2026-06-28 19:30:26] [3054/4876] 处理 688726 拉普拉斯...
[2026-06-28 19:30:26] [3055/4876] 处理 601788 光大证券...
[2026-06-28 19:30:27] [3056/4876] 处理 603345 安井食品...
[2026-06-28 19:30:27] [3057/4876] 处理 000504 南华生物...
[2026-06-28 19:30:27] [3058/4876] 处理 600129 太极集团...
[2026-06-28 19:30:28] [3059/4876] 处理 300008 天海防务...
[2026-06-28 19:30:28] [3060/4876] 处理 300894 火星人...
[2026-06-28 19:30:29] [3061/4876] 处理 688002 睿创微纳...
[2026-06-28 19:30:29] [3062/4876] 处理 600556 天下秀...
[2026-06-28 19:30:30] [3063/4876] 处理 600094 大名城...
[2026-06-28 19:30:30] [3064/4876] 处理 605189 富春染织...
[2026-06-28 19:30:31] [3065/4876] 处理 001306 夏厦精密...
[2026-06-28 19:30:31] [3066/4876] 处理 002562 兄弟科技...
[2026-06-28 19:30:32] [3067/4876] 处理 600114 东睦股份...
[2026-06-28 19:30:32] [3068/4876] 处理 600718 东软集团...
[2026-06-28 19:30:33] [3069/4876] 处理 000068 华控赛格...
[2026-06-28 19:30:33] [3070/4876] 处理 002603 以岭药业...
[2026-06-28 19:30:33] [3071/4876] 处理 300530 领湃科技...
[2026-06-28 19:30:34]   → 60日跌幅 -37.71%，符合条件！
[2026-06-28 19:30:34] [3072/4876] 处理 688273 麦澜德...
[2026-06-28 19:30:34] [3073/4876] 处理 002605 姚记科技...
[2026-06-28 19:30:35] [3074/4876] 处理 000983 山西焦煤...
[2026-06-28 19:30:35] [3075/4876] 处理 600749 西藏旅游...
[2026-06-28 19:30:36] [3076/4876] 处理 600121 郑州煤电...
[2026-06-28 19:30:36]   → 60日跌幅 -32.33%，符合条件！
[2026-06-28 19:30:36] [3077/4876] 处理 300421 力星股份...
[2026-06-28 19:30:37] [3078/4876] 处理 002373 千方科技...
[2026-06-28 19:30:37] [3079/4876] 处理 300307 慈星股份...
[2026-06-28 19:30:38] [3080/4876] 处理 300692 中赋科技...
[2026-06-28 19:30:38] [3081/4876] 处理 600295 鄂尔多斯...
[2026-06-28 19:30:39] [3082/4876] 处理 603887 城地香江...
[2026-06-28 19:30:39]   → 60日跌幅 -39.64%，符合条件！
[2026-06-28 19:30:39] [3083/4876] 处理 002896 中大力德...
[2026-06-28 19:30:40] [3084/4876] 处理 600784 鲁银投资...
[2026-06-28 19:30:40] [3085/4876] 处理 002531 天顺风能...
[2026-06-28 19:30:41] [3086/4876] 处理 688617 惠泰医疗...
[2026-06-28 19:30:41] [3087/4876] 处理 605222 起帆电缆...
[2026-06-28 19:30:41] [3088/4876] 处理 605305 中际联合...
[2026-06-28 19:30:42] [3089/4876] 处理 300783 三只松鼠...
[2026-06-28 19:30:42] [3090/4876] 处理 300926 博俊科技...
[2026-06-28 19:30:42]   → 60日跌幅 -36.89%，符合条件！
[2026-06-28 19:30:43] [3091/4876] 处理 688317 之江生物...
[2026-06-28 19:30:43] [3092/4876] 处理 603282 亚光股份...
[2026-06-28 19:30:44] [3093/4876] 处理 002006 精工科技...
[2026-06-28 19:30:44] [3094/4876] 处理 002850 科达利...
[2026-06-28 19:30:45] [3095/4876] 处理 600491 ST龙元...
[2026-06-28 19:30:45]   → 60日跌幅 -65.19%，符合条件！
[2026-06-28 19:30:45] [3096/4876] 处理 300888 稳健医疗...
[2026-06-28 19:30:46] [3097/4876] 处理 300961 深水海纳...
[2026-06-28 19:30:46] [3098/4876] 处理 001337 四川黄金...
[2026-06-28 19:30:47] [3099/4876] 处理 688563 航材股份...
[2026-06-28 19:30:47] [3100/4876] 处理 600881 亚泰集团...
[2026-06-28 19:30:47] [3101/4876] 处理 600793 宜宾纸业...
[2026-06-28 19:30:48]   → 60日跌幅 -36.56%，符合条件！
[2026-06-28 19:30:48] [3102/4876] 处理 000563 陕国投Ａ...
[2026-06-28 19:30:48] [3103/4876] 处理 300858 科拓生物...
[2026-06-28 19:30:49] [3104/4876] 处理 603209 兴通股份...
[2026-06-28 19:30:49] [3105/4876] 处理 301268 铭利达...
[2026-06-28 19:30:49]   → 60日跌幅 -33.52%，符合条件！
[2026-06-28 19:30:50] [3106/4876] 处理 300798 锦鸡股份...
[2026-06-28 19:30:50]   → 60日跌幅 -32.79%，符合条件！
[2026-06-28 19:30:50] [3107/4876] 处理 600821 金开新能...
[2026-06-28 19:30:50]   → 60日跌幅 -30.38%，符合条件！
[2026-06-28 19:30:51] [3108/4876] 处理 000409 云鼎科技...
[2026-06-28 19:30:51] [3109/4876] 处理 002707 众信旅游...
[2026-06-28 19:30:52] [3110/4876] 处理 300645 正元智慧...
[2026-06-28 19:30:52]   → 60日跌幅 -30.77%，符合条件！
[2026-06-28 19:30:52] [3111/4876] 处理 601789 宁波建工...
[2026-06-28 19:30:53] [3112/4876] 处理 300652 雷迪克...
[2026-06-28 19:30:53] [3113/4876] 处理 603997 继峰股份...
[2026-06-28 19:30:54] [3114/4876] 处理 600958 东方证券...
[2026-06-28 19:30:54] [3115/4876] 处理 600642 申能股份...
[2026-06-28 19:30:54] [3116/4876] 处理 603489 八方股份...
[2026-06-28 19:30:55] [3117/4876] 处理 300507 苏奥传感...
[2026-06-28 19:30:55] [3118/4876] 处理 600252 中恒集团...
[2026-06-28 19:30:56]   → 60日跌幅 -30.59%，符合条件！
[2026-06-28 19:30:56] [3119/4876] 处理 300927 江天化学...
[2026-06-28 19:30:56] [3120/4876] 处理 003029 吉大正元...
[2026-06-28 19:30:57] [3121/4876] 处理 688030 山石网科...
[2026-06-28 19:30:57] [3122/4876] 处理 300687 赛意信息...
[2026-06-28 19:30:58] [3123/4876] 处理 300789 唐源电气...
[2026-06-28 19:30:58] [3124/4876] 处理 001382 新亚电缆...
[2026-06-28 19:30:59] [3125/4876] 处理 301159 三维天地...
[2026-06-28 19:30:59]   → 60日跌幅 -30.43%，符合条件！
[2026-06-28 19:30:59] [3126/4876] 处理 600756 浪潮软件...
[2026-06-28 19:30:59]   → 60日跌幅 -35.43%，符合条件！
[2026-06-28 19:31:00] [3127/4876] 处理 688506 百利天恒...
[2026-06-28 19:31:00] [3128/4876] 处理 002719 ST麦趣...
[2026-06-28 19:31:00]   → 60日跌幅 -36.64%，符合条件！
[2026-06-28 19:31:01] [3129/4876] 处理 603988 中电电机...
[2026-06-28 19:31:01]   → 60日跌幅 -33.22%，符合条件！
[2026-06-28 19:31:01] [3130/4876] 处理 001323 慕思股份...
[2026-06-28 19:31:01]   → 60日跌幅 -30.49%，符合条件！
[2026-06-28 19:31:02] [3131/4876] 处理 300966 共同药业...
[2026-06-28 19:31:02] [3132/4876] 处理 600156 华升股份...
[2026-06-28 19:31:02] [3133/4876] 处理 002923 润都股份...
[2026-06-28 19:31:03]   → 60日跌幅 -41.16%，符合条件！
[2026-06-28 19:31:03] [3134/4876] 处理 002768 国恩股份...
[2026-06-28 19:31:03] [3135/4876] 处理 603368 柳药集团...
[2026-06-28 19:31:04] [3136/4876] 处理 002270 华明装备...
[2026-06-28 19:31:04]   → 60日跌幅 -30.35%，符合条件！
[2026-06-28 19:31:04] [3137/4876] 处理 000545 金浦钛业...
[2026-06-28 19:31:05] [3138/4876] 处理 002040 南 京 港...
[2026-06-28 19:31:05] [3139/4876] 处理 688081 兴图新科...
[2026-06-28 19:31:06] [3140/4876] 处理 002577 雷柏科技...
[2026-06-28 19:31:06] [3141/4876] 处理 002294 信立泰...
[2026-06-28 19:31:06]   → 60日跌幅 -51.80%，符合条件！
[2026-06-28 19:31:07] [3142/4876] 处理 002364 中恒电气...
[2026-06-28 19:31:07] [3143/4876] 处理 002276 万马股份...
[2026-06-28 19:31:08] [3144/4876] 处理 601061 中信金属...
[2026-06-28 19:31:08] [3145/4876] 处理 600369 西南证券...
[2026-06-28 19:31:08] [3146/4876] 处理 603339 四方科技...
[2026-06-28 19:31:09] [3147/4876] 处理 300043 星辉娱乐...
[2026-06-28 19:31:09] [3148/4876] 处理 300868 杰美特...
[2026-06-28 19:31:10] [3149/4876] 处理 000783 长江证券...
[2026-06-28 19:31:10] [3150/4876] 处理 300456 赛微电子...
[2026-06-28 19:31:11] [3151/4876] 处理 688292 浩瀚深度...
[2026-06-28 19:31:11] [3152/4876] 处理 300098 高新兴...
[2026-06-28 19:31:12] [3153/4876] 处理 603637 镇海股份...
[2026-06-28 19:31:12] [3154/4876] 处理 600622 光大嘉宝...
[2026-06-28 19:31:13] [3155/4876] 处理 000008 神州高铁...
[2026-06-28 19:31:13] [3156/4876] 处理 600715 文投控股...
[2026-06-28 19:31:14] [3157/4876] 处理 600704 物产中大...
[2026-06-28 19:31:14] [3158/4876] 处理 002453 华软科技...
[2026-06-28 19:31:14] [3159/4876] 处理 605151 西上海...
[2026-06-28 19:31:15] [3160/4876] 处理 601069 西部黄金...
[2026-06-28 19:31:15] [3161/4876] 处理 688508 芯朋微...
[2026-06-28 19:31:16] [3162/4876] 处理 002900 哈三联...
[2026-06-28 19:31:16] [3163/4876] 处理 002796 世嘉科技...
[2026-06-28 19:31:17] [3164/4876] 处理 688010 福光股份...
[2026-06-28 19:31:17] [3165/4876] 处理 301162 国能日新...
[2026-06-28 19:31:18] [3166/4876] 处理 600976 健民集团...
[2026-06-28 19:31:18] [3167/4876] 处理 601168 西部矿业...
[2026-06-28 19:31:19] [3168/4876] 处理 002649 博彦科技...
[2026-06-28 19:31:19]   → 60日跌幅 -30.60%，符合条件！
[2026-06-28 19:31:19] [3169/4876] 处理 300612 宣亚国际...
[2026-06-28 19:31:20] [3170/4876] 处理 601199 江南水务...
[2026-06-28 19:31:20] [3171/4876] 处理 002237 恒邦股份...
[2026-06-28 19:31:21] [3172/4876] 处理 300605 恒锋信息...
[2026-06-28 19:31:21]   → 60日跌幅 -35.53%，符合条件！
[2026-06-28 19:31:21] [3173/4876] 处理 601877 正泰电器...
[2026-06-28 19:31:22] [3174/4876] 处理 300242 佳云科技...
[2026-06-28 19:31:22] [3175/4876] 处理 301026 浩通科技...
[2026-06-28 19:31:23] [3176/4876] 处理 601608 中信重工...
[2026-06-28 19:31:23] [3177/4876] 处理 300536 农尚环境...
[2026-06-28 19:31:23] [3178/4876] 处理 003019 宸展光电...
[2026-06-28 19:31:24] [3179/4876] 处理 301556 托普云农...
[2026-06-28 19:31:24]   → 60日跌幅 -31.04%，符合条件！
[2026-06-28 19:31:24] [3180/4876] 处理 600623 华谊集团...
[2026-06-28 19:31:25] [3181/4876] 处理 300896 爱美客...
[2026-06-28 19:31:25] [3182/4876] 处理 301468 博盈特焊...
[2026-06-28 19:31:26] [3183/4876] 处理 300289 利德曼...
[2026-06-28 19:31:26] [3184/4876] 处理 002365 永安药业...
[2026-06-28 19:31:27] [3185/4876] 处理 600303 曙光股份...
[2026-06-28 19:31:27] [3186/4876] 处理 600547 山东黄金...
[2026-06-28 19:31:27]   → 60日跌幅 -43.48%，符合条件！
[2026-06-28 19:31:28] [3187/4876] 处理 600557 康缘药业...
[2026-06-28 19:31:28] [3188/4876] 处理 002366 融发核电...
[2026-06-28 19:31:29] [3189/4876] 处理 688795 摩尔线程-U...
[2026-06-28 19:31:29] [3190/4876] 处理 002540 亚太科技...
[2026-06-28 19:31:30] [3191/4876] 处理 002386 天原股份...
[2026-06-28 19:31:30] [3192/4876] 处理 000027 深圳能源...
[2026-06-28 19:31:30] [3193/4876] 处理 002277 友阿股份...
[2026-06-28 19:31:31] [3194/4876] 处理 002920 德赛西威...
[2026-06-28 19:31:31] [3195/4876] 处理 600508 上海能源...
[2026-06-28 19:31:32] [3196/4876] 处理 601882 海天精工...
[2026-06-28 19:31:32] [3197/4876] 处理 301239 普瑞眼科...
[2026-06-28 19:31:33] [3198/4876] 处理 600638 新黄浦...
[2026-06-28 19:31:33] [3199/4876] 处理 688351 微电生理...
[2026-06-28 19:31:34] [3200/4876] 处理 600882 妙可蓝多...
[2026-06-28 19:31:34] [3201/4876] 处理 001218 丽臣实业...
[2026-06-28 19:31:35] [3202/4876] 处理 600594 益佰制药...
[2026-06-28 19:31:35] [3203/4876] 处理 688007 光峰科技...
[2026-06-28 19:31:36] [3204/4876] 处理 600248 陕建股份...
[2026-06-28 19:31:36] [3205/4876] 处理 600329 达仁堂...
[2026-06-28 19:31:36] [3206/4876] 处理 688165 埃夫特-U...
[2026-06-28 19:31:37] [3207/4876] 处理 603486 科沃斯...
[2026-06-28 19:31:37] [3208/4876] 处理 300539 横河精密...
[2026-06-28 19:31:38] [3209/4876] 处理 002326 永太科技...
[2026-06-28 19:31:38] [3210/4876] 处理 301552 科力装备...
[2026-06-28 19:31:39] [3211/4876] 处理 300551 古鳌科技...
[2026-06-28 19:31:39] [3212/4876] 处理 002348 高乐股份...
[2026-06-28 19:31:40] [3213/4876] 处理 603202 天有为...
[2026-06-28 19:31:40]   → 60日跌幅 -46.23%，符合条件！
[2026-06-28 19:31:40] [3214/4876] 处理 002318 久立特材...
[2026-06-28 19:31:41] [3215/4876] 处理 603020 爱普股份...
[2026-06-28 19:31:41] [3216/4876] 处理 300828 锐新科技...
[2026-06-28 19:31:42] [3217/4876] 处理 300078 思创智联...
[2026-06-28 19:31:42] [3218/4876] 处理 600328 中盐化工...
[2026-06-28 19:31:42]   → 60日跌幅 -34.58%，符合条件！
[2026-06-28 19:31:43] [3219/4876] 处理 600688 上海石化...
[2026-06-28 19:31:43] [3220/4876] 处理 600798 宁波海运...
[2026-06-28 19:31:44] [3221/4876] 处理 300662 科锐国际...
[2026-06-28 19:31:44] [3222/4876] 处理 600530 交大昂立...
[2026-06-28 19:31:44] [3223/4876] 处理 603530 神马电力...
[2026-06-28 19:31:45] [3224/4876] 处理 601878 浙商证券...
[2026-06-28 19:31:45] [3225/4876] 处理 600111 北方稀土...
[2026-06-28 19:31:46] [3226/4876] 处理 688173 希荻微...
[2026-06-28 19:31:46] [3227/4876] 处理 688788 科思科技...
[2026-06-28 19:31:47] [3228/4876] 处理 603619 中曼石油...
[2026-06-28 19:31:47]   → 60日跌幅 -46.69%，符合条件！
[2026-06-28 19:31:47] [3229/4876] 处理 600758 辽宁能源...
[2026-06-28 19:31:48]   → 60日跌幅 -36.55%，符合条件！
[2026-06-28 19:31:48] [3230/4876] 处理 600621 华鑫股份...
[2026-06-28 19:31:48] [3231/4876] 处理 300164 通源石油...
[2026-06-28 19:31:48]   → 60日跌幅 -51.39%，符合条件！
[2026-06-28 19:31:49] [3232/4876] 处理 603070 万控智造...
[2026-06-28 19:31:49] [3233/4876] 处理 002922 伊戈尔...
[2026-06-28 19:31:50] [3234/4876] 处理 300922 天秦装备...
[2026-06-28 19:31:50] [3235/4876] 处理 920167 同享科技...
[2026-06-28 19:31:51] [3236/4876] 处理 688678 福立旺...
[2026-06-28 19:31:51] [3237/4876] 处理 600108 亚盛集团...
[2026-06-28 19:31:51]   → 60日跌幅 -35.71%，符合条件！
[2026-06-28 19:31:52] [3238/4876] 处理 603390 通达电气...
[2026-06-28 19:31:52] [3239/4876] 处理 002947 恒铭达...
[2026-06-28 19:31:53] [3240/4876] 处理 600929 雪天盐业...
[2026-06-28 19:31:53] [3241/4876] 处理 600120 浙江东方...
[2026-06-28 19:31:53] [3242/4876] 处理 603127 昭衍新药...
[2026-06-28 19:31:54] [3243/4876] 处理 001369 双欣材料...
[2026-06-28 19:31:54] [3244/4876] 处理 300741 华宝股份...
[2026-06-28 19:31:55] [3245/4876] 处理 300505 川金诺...
[2026-06-28 19:31:55] [3246/4876] 处理 301696 三瑞智能...
[2026-06-28 19:31:56] [3247/4876] 处理 300542 新晨科技...
[2026-06-28 19:31:56] [3248/4876] 处理 600518 康美药业...
[2026-06-28 19:31:56]   → 60日跌幅 -31.25%，符合条件！
[2026-06-28 19:31:57] [3249/4876] 处理 603719 良品铺子...
[2026-06-28 19:31:57] [3250/4876] 处理 300887 谱尼测试...
[2026-06-28 19:31:57]   → 60日跌幅 -31.61%，符合条件！
[2026-06-28 19:31:58] [3251/4876] 处理 300970 华绿生物...
[2026-06-28 19:31:58] [3252/4876] 处理 300103 达刚控股...
[2026-06-28 19:31:59] [3253/4876] 处理 603918 金桥信息...
[2026-06-28 19:31:59]   → 60日跌幅 -31.14%，符合条件！
[2026-06-28 19:31:59] [3254/4876] 处理 600768 宁波富邦...
[2026-06-28 19:32:00] [3255/4876] 处理 600061 国投资本...
[2026-06-28 19:32:00] [3256/4876] 处理 300698 万马科技...
[2026-06-28 19:32:01] [3257/4876] 处理 002765 蓝黛科技...
[2026-06-28 19:32:01]   → 60日跌幅 -30.52%，符合条件！
[2026-06-28 19:32:01] [3258/4876] 处理 601236 红塔证券...
[2026-06-28 19:32:01] [3259/4876] 处理 600521 华海药业...
[2026-06-28 19:32:02] [3260/4876] 处理 688333 铂力特...
[2026-06-28 19:32:02] [3261/4876] 处理 301577 美信科技...
[2026-06-28 19:32:03] [3262/4876] 处理 688118 普元信息...
[2026-06-28 19:32:03] [3263/4876] 处理 600361 创新新材...
[2026-06-28 19:32:04] [3264/4876] 处理 603598 引力传媒...
[2026-06-28 19:32:04] [3265/4876] 处理 002457 青龙管业...
[2026-06-28 19:32:05] [3266/4876] 处理 603786 科博达...
[2026-06-28 19:32:05] [3267/4876] 处理 600721 百花医药...
[2026-06-28 19:32:06] [3268/4876] 处理 603222 济民健康...
[2026-06-28 19:32:06] [3269/4876] 处理 600055 万东医疗...
[2026-06-28 19:32:06]   → 60日跌幅 -31.94%，符合条件！
[2026-06-28 19:32:07] [3270/4876] 处理 300831 ST派瑞...
[2026-06-28 19:32:07] [3271/4876] 处理 300865 大宏立...
[2026-06-28 19:32:08] [3272/4876] 处理 301180 万祥科技...
[2026-06-28 19:32:08]   → 60日跌幅 -39.95%，符合条件！
[2026-06-28 19:32:08] [3273/4876] 处理 603896 寿仙谷...
[2026-06-28 19:32:08]   → 60日跌幅 -31.02%，符合条件！
[2026-06-28 19:32:08] [3274/4876] 处理 600595 中孚实业...
[2026-06-28 19:32:09] [3275/4876] 处理 301378 通达海...
[2026-06-28 19:32:09] [3276/4876] 处理 000890 法尔胜...
[2026-06-28 19:32:10]   → 60日跌幅 -46.53%，符合条件！
[2026-06-28 19:32:10] [3277/4876] 处理 300810 中科海讯...
[2026-06-28 19:32:10] [3278/4876] 处理 300814 中富电路...
[2026-06-28 19:32:11] [3279/4876] 处理 000590 古汉医药...
[2026-06-28 19:32:11] [3280/4876] 处理 000410 沈阳机床...
[2026-06-28 19:32:11]   → 60日跌幅 -30.80%，符合条件！
[2026-06-28 19:32:12] [3281/4876] 处理 688312 燕麦科技...
[2026-06-28 19:32:12] [3282/4876] 处理 000952 广济药业...
[2026-06-28 19:32:13] [3283/4876] 处理 002283 天润工业...
[2026-06-28 19:32:13] [3284/4876] 处理 001373 翔腾新材...
[2026-06-28 19:32:14] [3285/4876] 处理 300633 开立医疗...
[2026-06-28 19:32:14] [3286/4876] 处理 000936 华西股份...
[2026-06-28 19:32:15] [3287/4876] 处理 603367 辰欣药业...
[2026-06-28 19:32:15] [3288/4876] 处理 688510 航亚科技...
[2026-06-28 19:32:15] [3289/4876] 处理 603998 方盛制药...
[2026-06-28 19:32:16] [3290/4876] 处理 600624 ST复华...
[2026-06-28 19:32:16] [3291/4876] 处理 605319 无锡振华...
[2026-06-28 19:32:17] [3292/4876] 处理 300036 超图软件...
[2026-06-28 19:32:17] [3293/4876] 处理 603612 索通发展...
[2026-06-28 19:32:17]   → 60日跌幅 -32.11%，符合条件！
[2026-06-28 19:32:18] [3294/4876] 处理 002049 紫光国微...
[2026-06-28 19:32:18] [3295/4876] 处理 300986 志特新材...
[2026-06-28 19:32:18]   → 60日跌幅 -30.49%，符合条件！
[2026-06-28 19:32:19] [3296/4876] 处理 000153 丰原药业...
[2026-06-28 19:32:19] [3297/4876] 处理 688626 翔宇医疗...
[2026-06-28 19:32:20] [3298/4876] 处理 300600 国瑞科技...
[2026-06-28 19:32:20] [3299/4876] 处理 300191 潜能恒信...
[2026-06-28 19:32:20]   → 60日跌幅 -30.54%，符合条件！
[2026-06-28 19:32:21] [3300/4876] 处理 688789 宏华数科...
[2026-06-28 19:32:21] [3301/4876] 处理 688588 凌志软件...
[2026-06-28 19:32:22] [3302/4876] 处理 301082 久盛电气...
[2026-06-28 19:32:22]   → 60日跌幅 -34.76%，符合条件！
[2026-06-28 19:32:22] [3303/4876] 处理 301622 英思特...
[2026-06-28 19:32:23] [3304/4876] 处理 300864 南大环境...
[2026-06-28 19:32:23] [3305/4876] 处理 688305 科德数控...
[2026-06-28 19:32:23] [3306/4876] 处理 002542 *ST中岩...
[2026-06-28 19:32:24]   → 60日跌幅 -59.66%，符合条件！
[2026-06-28 19:32:24] [3307/4876] 处理 600351 亚宝药业...
[2026-06-28 19:32:24] [3308/4876] 处理 003001 中岩大地...
[2026-06-28 19:32:25] [3309/4876] 处理 300705 九典制药...
[2026-06-28 19:32:25] [3310/4876] 处理 000532 华金资本...
[2026-06-28 19:32:26] [3311/4876] 处理 002913 奥士康...
[2026-06-28 19:32:26] [3312/4876] 处理 000710 贝瑞基因...
[2026-06-28 19:32:27] [3313/4876] 处理 605055 迎丰股份...
[2026-06-28 19:32:27] [3314/4876] 处理 688580 伟思医疗...
[2026-06-28 19:32:28] [3315/4876] 处理 300024 机器人...
[2026-06-28 19:32:28] [3316/4876] 处理 301221 光庭信息...
[2026-06-28 19:32:29] [3317/4876] 处理 002007 华兰生物...
[2026-06-28 19:32:29] [3318/4876] 处理 001221 悍高集团...
[2026-06-28 19:32:29]   → 60日跌幅 -41.09%，符合条件！
[2026-06-28 19:32:29] [3319/4876] 处理 000975 山金国际...
[2026-06-28 19:32:30]   → 60日跌幅 -41.10%，符合条件！
[2026-06-28 19:32:30] [3320/4876] 处理 001325 元创股份...
[2026-06-28 19:32:30]   → 60日跌幅 -34.48%，符合条件！
[2026-06-28 19:32:30] [3321/4876] 处理 301016 雷尔伟...
[2026-06-28 19:32:31] [3322/4876] 处理 002716 湖南白银...
[2026-06-28 19:32:31]   → 60日跌幅 -32.83%，符合条件！
[2026-06-28 19:32:31] [3323/4876] 处理 000655 金岭矿业...
[2026-06-28 19:32:32] [3324/4876] 处理 688326 XD经纬恒-W...
[2026-06-28 19:32:32]   → 60日跌幅 -41.27%，符合条件！
[2026-06-28 19:32:32] [3325/4876] 处理 300546 雄帝科技...
[2026-06-28 19:32:33] [3326/4876] 处理 688177 百奥泰...
[2026-06-28 19:32:33] [3327/4876] 处理 300003 乐普医疗...
[2026-06-28 19:32:34] [3328/4876] 处理 000581 威孚高科...
[2026-06-28 19:32:34] [3329/4876] 处理 000568 泸州老窖...
[2026-06-28 19:32:35] [3330/4876] 处理 601136 首创证券...
[2026-06-28 19:32:35] [3331/4876] 处理 301507 民生健康...
[2026-06-28 19:32:36] [3332/4876] 处理 600955 维远股份...
[2026-06-28 19:32:36] [3333/4876] 处理 300658 延江股份...
[2026-06-28 19:32:36]   → 60日跌幅 -51.99%，符合条件！
[2026-06-28 19:32:36] [3334/4876] 处理 300683 海特生物...
[2026-06-28 19:32:37]   → 60日跌幅 -44.64%，符合条件！
[2026-06-28 19:32:37] [3335/4876] 处理 002927 泰永长征...
[2026-06-28 19:32:37] [3336/4876] 处理 300484 蓝海华腾...
[2026-06-28 19:32:38] [3337/4876] 处理 600211 西藏药业...
[2026-06-28 19:32:38] [3338/4876] 处理 688515 裕太微-U...
[2026-06-28 19:32:39] [3339/4876] 处理 002254 泰和新材...
[2026-06-28 19:32:39] [3340/4876] 处理 600825 新华传媒...
[2026-06-28 19:32:40] [3341/4876] 处理 301261 恒工精密...
[2026-06-28 19:32:40] [3342/4876] 处理 600562 国睿科技...
[2026-06-28 19:32:41] [3343/4876] 处理 300515 三德科技...
[2026-06-28 19:32:41] [3344/4876] 处理 603233 XD大参林...
[2026-06-28 19:32:42] [3345/4876] 处理 600789 鲁抗医药...
[2026-06-28 19:32:42] [3346/4876] 处理 600843 上工申贝...
[2026-06-28 19:32:43] [3347/4876] 处理 600312 平高电气...
[2026-06-28 19:32:43] [3348/4876] 处理 300815 玉禾田...
[2026-06-28 19:32:43] [3349/4876] 处理 605298 必得科技...
[2026-06-28 19:32:44] [3350/4876] 处理 600096 云天化...
[2026-06-28 19:32:44] [3351/4876] 处理 300464 星徽股份...
[2026-06-28 19:32:45] [3352/4876] 处理 605555 德昌股份...
[2026-06-28 19:32:45] [3353/4876] 处理 002801 微光股份...
[2026-06-28 19:32:46] [3354/4876] 处理 300441 鲍斯股份...
[2026-06-28 19:32:46] [3355/4876] 处理 002243 力合科创...
[2026-06-28 19:32:47] [3356/4876] 处理 300781 因赛集团...
[2026-06-28 19:32:47] [3357/4876] 处理 002537 海联金汇...
[2026-06-28 19:32:47]   → 60日跌幅 -32.66%，符合条件！
[2026-06-28 19:32:48] [3358/4876] 处理 605318 法狮龙...
[2026-06-28 19:32:48] [3359/4876] 处理 603967 中创物流...
[2026-06-28 19:32:49] [3360/4876] 处理 300340 科恒股份...
[2026-06-28 19:32:49] [3361/4876] 处理 300767 震安科技...
[2026-06-28 19:32:49] [3362/4876] 处理 002439 启明星辰...
[2026-06-28 19:32:50] [3363/4876] 处理 688232 新点软件...
[2026-06-28 19:32:50] [3364/4876] 处理 688205 德科立...
[2026-06-28 19:32:51] [3365/4876] 处理 603038 华立股份...
[2026-06-28 19:32:51] [3366/4876] 处理 002742 冀衡医药...
[2026-06-28 19:32:52] [3367/4876] 处理 600078 澄星股份...
[2026-06-28 19:32:52] [3368/4876] 处理 002160 常铝股份...
[2026-06-28 19:32:53] [3369/4876] 处理 688188 柏楚电子...
[2026-06-28 19:32:53] [3370/4876] 处理 300933 中辰股份...
[2026-06-28 19:32:54] [3371/4876] 处理 002996 顺博合金...
[2026-06-28 19:32:54] [3372/4876] 处理 688029 南微医学...
[2026-06-28 19:32:55] [3373/4876] 处理 300596 利安隆...
[2026-06-28 19:32:55] [3374/4876] 处理 002500 山西证券...
[2026-06-28 19:32:56] [3375/4876] 处理 002549 凯美特气...
[2026-06-28 19:32:56] [3376/4876] 处理 300349 金卡智能...
[2026-06-28 19:32:56] [3377/4876] 处理 000960 锡业股份...
[2026-06-28 19:32:57] [3378/4876] 处理 603858 步长制药...
[2026-06-28 19:32:57] [3379/4876] 处理 300267 尔康制药...
[2026-06-28 19:32:58] [3380/4876] 处理 300357 我武生物...
[2026-06-28 19:32:58] [3381/4876] 处理 300109 新开源...
[2026-06-28 19:32:59] [3382/4876] 处理 002236 大华股份...
[2026-06-28 19:32:59] [3383/4876] 处理 301314 科瑞思...
[2026-06-28 19:33:00] [3384/4876] 处理 002752 昇兴股份...
[2026-06-28 19:33:00] [3385/4876] 处理 600490 鹏欣资源...
[2026-06-28 19:33:01] [3386/4876] 处理 300276 三丰智能...
[2026-06-28 19:33:01] [3387/4876] 处理 603260 合盛硅业...
[2026-06-28 19:33:02] [3388/4876] 处理 001300 三柏硕...
[2026-06-28 19:33:02] [3389/4876] 处理 002664 信质集团...
[2026-06-28 19:33:03] [3390/4876] 处理 688505 复旦张江...
[2026-06-28 19:33:03] [3391/4876] 处理 002919 名臣健康...
[2026-06-28 19:33:03] [3392/4876] 处理 003030 祖名股份...
[2026-06-28 19:33:04] [3393/4876] 处理 688119 中钢洛耐...
[2026-06-28 19:33:04] [3394/4876] 处理 300959 线上线下...
[2026-06-28 19:33:05] [3395/4876] 处理 001225 和泰机电...
[2026-06-28 19:33:05] [3396/4876] 处理 603418 友升股份...
[2026-06-28 19:33:06] [3397/4876] 处理 603225 新凤鸣...
[2026-06-28 19:33:06] [3398/4876] 处理 600741 华域汽车...
[2026-06-28 19:33:07] [3399/4876] 处理 600800 渤海化学...
[2026-06-28 19:33:07]   → 60日跌幅 -34.15%，符合条件！
[2026-06-28 19:33:07] [3400/4876] 处理 601238 广汽集团...
[2026-06-28 19:33:08] [3401/4876] 处理 000720 新能泰山...
[2026-06-28 19:33:08] [3402/4876] 处理 603175 超颖电子...
[2026-06-28 19:33:09] [3403/4876] 处理 600918 中泰证券...
[2026-06-28 19:33:09] [3404/4876] 处理 301068 大地海洋...
[2026-06-28 19:33:10] [3405/4876] 处理 300012 华测检测...
[2026-06-28 19:33:10] [3406/4876] 处理 301210 金杨精密...
[2026-06-28 19:33:11] [3407/4876] 处理 688185 康希诺...
[2026-06-28 19:33:11]   → 60日跌幅 -30.05%，符合条件！
[2026-06-28 19:33:11] [3408/4876] 处理 301567 贝隆精密...
[2026-06-28 19:33:12] [3409/4876] 处理 300369 绿盟科技...
[2026-06-28 19:33:12]   → 60日跌幅 -38.22%，符合条件！
[2026-06-28 19:33:12] [3410/4876] 处理 000969 安泰科技...
[2026-06-28 19:33:13] [3411/4876] 处理 000788 北大医药...
[2026-06-28 19:33:13] [3412/4876] 处理 688790 昂瑞微-UW...
[2026-06-28 19:33:14] [3413/4876] 处理 300261 雅本化学...
[2026-06-28 19:33:14]   → 60日跌幅 -32.77%，符合条件！
[2026-06-28 19:33:14] [3414/4876] 处理 003040 楚天龙...
[2026-06-28 19:33:14]   → 60日跌幅 -33.60%，符合条件！
[2026-06-28 19:33:15] [3415/4876] 处理 000937 冀中能源...
[2026-06-28 19:33:15] [3416/4876] 处理 002471 中超控股...
[2026-06-28 19:33:15]   → 60日跌幅 -35.19%，符合条件！
[2026-06-28 19:33:15] [3417/4876] 处理 002890 弘宇股份...
[2026-06-28 19:33:16] [3418/4876] 处理 301225 恒勃股份...
[2026-06-28 19:33:16] [3419/4876] 处理 601888 中国中免...
[2026-06-28 19:33:17] [3420/4876] 处理 002827 高争民爆...
[2026-06-28 19:33:17] [3421/4876] 处理 002476 新叶股份...
[2026-06-28 19:33:18] [3422/4876] 处理 603707 健友股份...
[2026-06-28 19:33:18] [3423/4876] 处理 300615 欣天科技...
[2026-06-28 19:33:19] [3424/4876] 处理 601318 中国平安...
[2026-06-28 19:33:19] [3425/4876] 处理 000533 顺钠股份...
[2026-06-28 19:33:19]   → 60日跌幅 -35.88%，符合条件！
[2026-06-28 19:33:20] [3426/4876] 处理 688608 恒玄科技...
[2026-06-28 19:33:20] [3427/4876] 处理 600067 冠城新材...
[2026-06-28 19:33:21] [3428/4876] 处理 002864 盘龙药业...
[2026-06-28 19:33:21] [3429/4876] 处理 300702 天宇股份...
[2026-06-28 19:33:21] [3430/4876] 处理 603072 天和磁材...
[2026-06-28 19:33:22] [3431/4876] 处理 000948 南天信息...
[2026-06-28 19:33:22] [3432/4876] 处理 300579 数字认证...
[2026-06-28 19:33:23] [3433/4876] 处理 300100 双林股份...
[2026-06-28 19:33:23] [3434/4876] 处理 002857 三晖电气...
[2026-06-28 19:33:24] [3435/4876] 处理 688475 萤石网络...
[2026-06-28 19:33:24] [3436/4876] 处理 920188 悦龙科技...
[2026-06-28 19:33:25] [3437/4876] 处理 000733 振华科技...
[2026-06-28 19:33:25] [3438/4876] 处理 001376 百通能源...
[2026-06-28 19:33:25]   → 60日跌幅 -34.81%，符合条件！
[2026-06-28 19:33:26] [3439/4876] 处理 603808 歌力思...
[2026-06-28 19:33:26] [3440/4876] 处理 002279 久其软件...
[2026-06-28 19:33:26]   → 60日跌幅 -31.36%，符合条件！
[2026-06-28 19:33:27] [3441/4876] 处理 600845 宝信软件...
[2026-06-28 19:33:27]   → 60日跌幅 -30.62%，符合条件！
[2026-06-28 19:33:27] [3442/4876] 处理 600651 飞乐音响...
[2026-06-28 19:33:28] [3443/4876] 处理 002405 四维图新...
[2026-06-28 19:33:28]   → 60日跌幅 -30.87%，符合条件！
[2026-06-28 19:33:28] [3444/4876] 处理 300143 盈康生命...
[2026-06-28 19:33:28]   → 60日跌幅 -35.14%，符合条件！
[2026-06-28 19:33:28] [3445/4876] 处理 300002 神州泰岳...
[2026-06-28 19:33:29] [3446/4876] 处理 605389 长龄液压...
[2026-06-28 19:33:29] [3447/4876] 处理 002244 滨江集团...
[2026-06-28 19:33:30] [3448/4876] 处理 300817 双飞集团...
[2026-06-28 19:33:30] [3449/4876] 处理 002662 峰璟股份...
[2026-06-28 19:33:31] [3450/4876] 处理 000688 国城矿业...
[2026-06-28 19:33:31] [3451/4876] 处理 000678 襄阳轴承...
[2026-06-28 19:33:32] [3452/4876] 处理 002597 金禾实业...
[2026-06-28 19:33:32] [3453/4876] 处理 002420 毅昌科技...
[2026-06-28 19:33:33] [3454/4876] 处理 600618 氯碱化工...
[2026-06-28 19:33:33] [3455/4876] 处理 301091 深城交...
[2026-06-28 19:33:34] [3456/4876] 处理 003027 同兴科技...
[2026-06-28 19:33:34] [3457/4876] 处理 002042 华孚时尚...
[2026-06-28 19:33:34] [3458/4876] 处理 002727 一心堂...
[2026-06-28 19:33:35] [3459/4876] 处理 300835 龙磁科技...
[2026-06-28 19:33:35] [3460/4876] 处理 300290 荣科科技...
[2026-06-28 19:33:36]   → 60日跌幅 -42.13%，符合条件！
[2026-06-28 19:33:36] [3461/4876] 处理 300494 盛天网络...
[2026-06-28 19:33:36] [3462/4876] 处理 688212 澳华内镜...
[2026-06-28 19:33:37] [3463/4876] 处理 000737 北方铜业...
[2026-06-28 19:33:37] [3464/4876] 处理 603586 金麒麟...
[2026-06-28 19:33:37]   → 60日跌幅 -30.13%，符合条件！
[2026-06-28 19:33:38] [3465/4876] 处理 601399 国机重装...
[2026-06-28 19:33:38] [3466/4876] 处理 688619 罗普特...
[2026-06-28 19:33:39] [3467/4876] 处理 002075 沙钢股份...
[2026-06-28 19:33:39]   → 60日跌幅 -30.00%，符合条件！
[2026-06-28 19:33:39] [3468/4876] 处理 301251 威尔高...
[2026-06-28 19:33:40] [3469/4876] 处理 002374 中锐股份...
[2026-06-28 19:33:40] [3470/4876] 处理 688298 东方生物...
[2026-06-28 19:33:40] [3471/4876] 处理 603868 飞科电器...
[2026-06-28 19:33:41] [3472/4876] 处理 688041 海光信息...
[2026-06-28 19:33:41] [3473/4876] 处理 688023 安恒信息...
[2026-06-28 19:33:42] [3474/4876] 处理 300534 陇神戎发...
[2026-06-28 19:33:42] [3475/4876] 处理 300171 东富龙...
[2026-06-28 19:33:43] [3476/4876] 处理 000661 长春高新...
[2026-06-28 19:33:43] [3477/4876] 处理 300613 富瀚微...
[2026-06-28 19:33:44] [3478/4876] 处理 600379 宝光股份...
[2026-06-28 19:33:44] [3479/4876] 处理 001207 联科科技...
[2026-06-28 19:33:44]   → 60日跌幅 -31.60%，符合条件！
[2026-06-28 19:33:45] [3480/4876] 处理 920247 华密新材...
[2026-06-28 19:33:45] [3481/4876] 处理 600030 中信证券...
[2026-06-28 19:33:46] [3482/4876] 处理 002788 鹭燕医药...
[2026-06-28 19:33:46]   → 60日跌幅 -31.63%，符合条件！
[2026-06-28 19:33:46] [3483/4876] 处理 000158 常山北明...
[2026-06-28 19:33:46] [3484/4876] 处理 601319 中国人保...
[2026-06-28 19:33:47] [3485/4876] 处理 688327 云从科技-UW...
[2026-06-28 19:33:47] [3486/4876] 处理 600516 XD方大炭...
[2026-06-28 19:33:48] [3487/4876] 处理 688238 和元生物...
[2026-06-28 19:33:48] [3488/4876] 处理 688816 易思维...
[2026-06-28 19:33:49] [3489/4876] 处理 603025 大豪科技...
[2026-06-28 19:33:49] [3490/4876] 处理 603015 弘讯科技...
[2026-06-28 19:33:50] [3491/4876] 处理 002718 友邦吊顶...
[2026-06-28 19:33:50] [3492/4876] 处理 002841 视源股份...
[2026-06-28 19:33:51] [3493/4876] 处理 300541 先进数通...
[2026-06-28 19:33:51]   → 60日跌幅 -30.42%，符合条件！
[2026-06-28 19:33:51] [3494/4876] 处理 603108 润达医疗...
[2026-06-28 19:33:52] [3495/4876] 处理 301231 荣信文化...
[2026-06-28 19:33:52] [3496/4876] 处理 603392 万泰生物...
[2026-06-28 19:33:52]   → 60日跌幅 -34.94%，符合条件！
[2026-06-28 19:33:53] [3497/4876] 处理 600668 尖峰集团...
[2026-06-28 19:33:53] [3498/4876] 处理 000039 中集集团...
[2026-06-28 19:33:53] [3499/4876] 处理 688267 中触媒...
[2026-06-28 19:33:54] [3500/4876] 处理 300511 雪榕生物...
[2026-06-28 19:33:54] [3501/4876] 处理 002399 海普瑞...
[2026-06-28 19:33:55] [3502/4876] 处理 600633 浙数文化...
[2026-06-28 19:33:55] [3503/4876] 处理 002545 东方铁塔...
[2026-06-28 19:33:56] [3504/4876] 处理 300685 艾德生物...
[2026-06-28 19:33:56] [3505/4876] 处理 002026 山东威达...
[2026-06-28 19:33:57] [3506/4876] 处理 300061 旗天科技...
[2026-06-28 19:33:57] [3507/4876] 处理 301200 大族数控...
[2026-06-28 19:33:58] [3508/4876] 处理 603400 华之杰...
[2026-06-28 19:33:58] [3509/4876] 处理 605086 龙高股份...
[2026-06-28 19:33:58] [3510/4876] 处理 601388 怡球资源...
[2026-06-28 19:33:59] [3511/4876] 处理 300818 耐普矿机...
[2026-06-28 19:33:59] [3512/4876] 处理 300946 恒而达...
[2026-06-28 19:34:00] [3513/4876] 处理 002317 众生药业...
[2026-06-28 19:34:00] [3514/4876] 处理 688259 创耀科技...
[2026-06-28 19:34:01] [3515/4876] 处理 002533 金杯电工...
[2026-06-28 19:34:01] [3516/4876] 处理 300046 台基股份...
[2026-06-28 19:34:02] [3517/4876] 处理 002467 二六三...
[2026-06-28 19:34:02]   → 60日跌幅 -37.21%，符合条件！
[2026-06-28 19:34:02] [3518/4876] 处理 603703 盛洋科技...
[2026-06-28 19:34:03] [3519/4876] 处理 300310 宜通世纪...
[2026-06-28 19:34:03] [3520/4876] 处理 300665 飞鹿股份...
[2026-06-28 19:34:04] [3521/4876] 处理 300737 科顺股份...
[2026-06-28 19:34:04] [3522/4876] 处理 300845 捷安高科...
[2026-06-28 19:34:05] [3523/4876] 处理 002197 证通电子...
[2026-06-28 19:34:05] [3524/4876] 处理 603088 宁波精达...
[2026-06-28 19:34:06] [3525/4876] 处理 300663 科蓝软件...
[2026-06-28 19:34:06]   → 60日跌幅 -50.41%，符合条件！
[2026-06-28 19:34:06] [3526/4876] 处理 300993 玉马科技...
[2026-06-28 19:34:06] [3527/4876] 处理 600998 九州通...
[2026-06-28 19:34:07] [3528/4876] 处理 688390 固德威...
[2026-06-28 19:34:07] [3529/4876] 处理 000166 申万宏源...
[2026-06-28 19:34:08] [3530/4876] 处理 300334 津膜科技...
[2026-06-28 19:34:08] [3531/4876] 处理 603819 神力股份...
[2026-06-28 19:34:09] [3532/4876] 处理 301216 万凯新材...
[2026-06-28 19:34:09] [3533/4876] 处理 601990 南京证券...
[2026-06-28 19:34:10] [3534/4876] 处理 002009 天奇股份...
[2026-06-28 19:34:10] [3535/4876] 处理 301320 豪江智能...
[2026-06-28 19:34:11] [3536/4876] 处理 688114 华大智造...
[2026-06-28 19:34:11] [3537/4876] 处理 003038 鑫铂股份...
[2026-06-28 19:34:12] [3538/4876] 处理 002773 康弘药业...
[2026-06-28 19:34:12] [3539/4876] 处理 603171 税友股份...
[2026-06-28 19:34:13] [3540/4876] 处理 600196 复星医药...
[2026-06-28 19:34:13] [3541/4876] 处理 920207 众诚科技...
[2026-06-28 19:34:13] [3542/4876] 处理 000792 盐湖股份...
[2026-06-28 19:34:14] [3543/4876] 处理 000778 新兴铸管...
[2026-06-28 19:34:14] [3544/4876] 处理 688235 百济神州...
[2026-06-28 19:34:15] [3545/4876] 处理 300250 初灵信息...
[2026-06-28 19:34:15]   → 60日跌幅 -34.27%，符合条件！
[2026-06-28 19:34:15] [3546/4876] 处理 688152 麒麟信安...
[2026-06-28 19:34:16] [3547/4876] 处理 300233 金城医药...
[2026-06-28 19:34:16] [3548/4876] 处理 300830 金现代...
[2026-06-28 19:34:17] [3549/4876] 处理 600319 亚星化学...
[2026-06-28 19:34:17] [3550/4876] 处理 301110 青木科技...
[2026-06-28 19:34:18] [3551/4876] 处理 688122 西部超导...
[2026-06-28 19:34:18] [3552/4876] 处理 301098 金埔园林...
[2026-06-28 19:34:19] [3553/4876] 处理 300508 维宏股份...
[2026-06-28 19:34:19] [3554/4876] 处理 603178 圣龙股份...
[2026-06-28 19:34:20] [3555/4876] 处理 600021 XD上海电...
[2026-06-28 19:34:20] [3556/4876] 处理 301396 宏景科技...
[2026-06-28 19:34:21] [3557/4876] 处理 920002 万达轴承...
[2026-06-28 19:34:21] [3558/4876] 处理 603936 博敏电子...
[2026-06-28 19:34:21] [3559/4876] 处理 002362 汉王科技...
[2026-06-28 19:34:22] [3560/4876] 处理 300111 向日葵...
[2026-06-28 19:34:22]   → 60日跌幅 -31.64%，符合条件！
[2026-06-28 19:34:22] [3561/4876] 处理 300496 中科创达...
[2026-06-28 19:34:23] [3562/4876] 处理 300403 汉宇集团...
[2026-06-28 19:34:23] [3563/4876] 处理 002090 金智科技...
[2026-06-28 19:34:24] [3564/4876] 处理 300521 爱司凯...
[2026-06-28 19:34:24] [3565/4876] 处理 300953 震裕科技...
[2026-06-28 19:34:25] [3566/4876] 处理 002823 凯中精密...
[2026-06-28 19:34:25] [3567/4876] 处理 300841 康华生物...
[2026-06-28 19:34:26] [3568/4876] 处理 300573 兴齐眼药...
[2026-06-28 19:34:26] [3569/4876] 处理 605177 东亚药业...
[2026-06-28 19:34:27] [3570/4876] 处理 688088 XD虹软科...
[2026-06-28 19:34:27] [3571/4876] 处理 002410 广联达...
[2026-06-28 19:34:28] [3572/4876] 处理 000623 吉林敖东...
[2026-06-28 19:34:28] [3573/4876] 处理 300222 科大智能...
[2026-06-28 19:34:29] [3574/4876] 处理 603300 海南华铁...
[2026-06-28 19:34:29]   → 60日跌幅 -33.72%，符合条件！
[2026-06-28 19:34:29] [3575/4876] 处理 002455 百川股份...
[2026-06-28 19:34:29]   → 60日跌幅 -50.40%，符合条件！
[2026-06-28 19:34:29] [3576/4876] 处理 001332 锡装股份...
[2026-06-28 19:34:30] [3577/4876] 处理 300660 江苏雷利...
[2026-06-28 19:34:30] [3578/4876] 处理 688798 艾为电子...
[2026-06-28 19:34:31] [3579/4876] 处理 301157 华塑科技...
[2026-06-28 19:34:31] [3580/4876] 处理 002675 东诚药业...
[2026-06-28 19:34:32] [3581/4876] 处理 002583 海能达...
[2026-06-28 19:34:32] [3582/4876] 处理 000750 国海证券...
[2026-06-28 19:34:33] [3583/4876] 处理 300271 华宇软件...
[2026-06-28 19:34:33] [3584/4876] 处理 301052 果麦文化...
[2026-06-28 19:34:33]   → 60日跌幅 -34.20%，符合条件！
[2026-06-28 19:34:34] [3585/4876] 处理 300988 津荣天宇...
[2026-06-28 19:34:34] [3586/4876] 处理 002673 西部证券...
[2026-06-28 19:34:35] [3587/4876] 处理 688609 九联科技...
[2026-06-28 19:34:35] [3588/4876] 处理 601555 东吴证券...
[2026-06-28 19:34:36] [3589/4876] 处理 688098 申联生物...
[2026-06-28 19:34:36] [3590/4876] 处理 603000 人民网...
[2026-06-28 19:34:37] [3591/4876] 处理 002988 豪美新材...
[2026-06-28 19:34:37] [3592/4876] 处理 601881 中国银河...
[2026-06-28 19:34:37] [3593/4876] 处理 301379 天山电子...
[2026-06-28 19:34:38] [3594/4876] 处理 002703 浙江世宝...
[2026-06-28 19:34:38] [3595/4876] 处理 600550 保变电气...
[2026-06-28 19:34:39] [3596/4876] 处理 300258 精锻科技...
[2026-06-28 19:34:39] [3597/4876] 处理 688065 凯赛生物...
[2026-06-28 19:34:40] [3598/4876] 处理 300265 通光线缆...
[2026-06-28 19:34:40] [3599/4876] 处理 603055 台华新材...
[2026-06-28 19:34:41] [3600/4876] 处理 601616 广电电气...
[2026-06-28 19:34:41]   → 60日跌幅 -30.57%，符合条件！
[2026-06-28 19:34:41] [3601/4876] 处理 300572 安车检测...
[2026-06-28 19:34:42] [3602/4876] 处理 000887 中鼎股份...
[2026-06-28 19:34:42] [3603/4876] 处理 300779 惠城环保...
[2026-06-28 19:34:43] [3604/4876] 处理 600986 浙文互联...
[2026-06-28 19:34:43] [3605/4876] 处理 688775 影石创新...
[2026-06-28 19:34:43]   → 60日跌幅 -30.72%，符合条件！
[2026-06-28 19:34:44] [3606/4876] 处理 688315 诺禾致源...
[2026-06-28 19:34:44] [3607/4876] 处理 301446 福事特...
[2026-06-28 19:34:44] [3608/4876] 处理 000695 滨海能源...
[2026-06-28 19:34:45] [3609/4876] 处理 001360 南矿集团...
[2026-06-28 19:34:45] [3610/4876] 处理 301592 六九一二...
[2026-06-28 19:34:46] [3611/4876] 处理 301486 致尚科技...
[2026-06-28 19:34:46] [3612/4876] 处理 300404 博济医药...
[2026-06-28 19:34:47] [3613/4876] 处理 688279 峰岹科技...
[2026-06-28 19:34:47] [3614/4876] 处理 603499 翔港科技...
[2026-06-28 19:34:48] [3615/4876] 处理 002708 光洋股份...
[2026-06-28 19:34:48] [3616/4876] 处理 301668 昊创瑞通...
[2026-06-28 19:34:48]   → 60日跌幅 -35.41%，符合条件！
[2026-06-28 19:34:49] [3617/4876] 处理 301665 泰禾股份...
[2026-06-28 19:34:49] [3618/4876] 处理 600645 中源协和...
[2026-06-28 19:34:49]   → 60日跌幅 -47.44%，符合条件！
[2026-06-28 19:34:50] [3619/4876] 处理 300247 融捷健康...
[2026-06-28 19:34:50] [3620/4876] 处理 300224 正海磁材...
[2026-06-28 19:34:51] [3621/4876] 处理 000567 海德股份...
[2026-06-28 19:34:51] [3622/4876] 处理 002560 通达股份...
[2026-06-28 19:34:51] [3623/4876] 处理 300595 欧普康视...
[2026-06-28 19:34:52] [3624/4876] 处理 301309 万得凯...
[2026-06-28 19:34:52] [3625/4876] 处理 300366 ST创意...
[2026-06-28 19:34:53] [3626/4876] 处理 600360 华微电子...
[2026-06-28 19:34:53] [3627/4876] 处理 601099 太平洋...
[2026-06-28 19:34:54] [3628/4876] 处理 301171 易点天下...
[2026-06-28 19:34:54] [3629/4876] 处理 000989 九芝堂...
[2026-06-28 19:34:55] [3630/4876] 处理 301560 众捷汽车...
[2026-06-28 19:34:55] [3631/4876] 处理 688169 石头科技...
[2026-06-28 19:34:56] [3632/4876] 处理 603375 盛景微...
[2026-06-28 19:34:56] [3633/4876] 处理 300676 华大基因...
[2026-06-28 19:34:57] [3634/4876] 处理 300166 东方国信...
[2026-06-28 19:34:57] [3635/4876] 处理 605056 咸亨国际...
[2026-06-28 19:34:57]   → 60日跌幅 -30.58%，符合条件！
[2026-06-28 19:34:57] [3636/4876] 处理 300811 铂科新材...
[2026-06-28 19:34:58] [3637/4876] 处理 600106 重庆路桥...
[2026-06-28 19:34:58] [3638/4876] 处理 300619 金银河...
[2026-06-28 19:34:59] [3639/4876] 处理 002165 红 宝 丽...
[2026-06-28 19:34:59]   → 60日跌幅 -35.26%，符合条件！
[2026-06-28 19:34:59] [3640/4876] 处理 301376 致欧科技...
[2026-06-28 19:35:00] [3641/4876] 处理 000682 东方电子...
[2026-06-28 19:35:00] [3642/4876] 处理 601600 中国铝业...
[2026-06-28 19:35:01] [3643/4876] 处理 002657 中科金财...
[2026-06-28 19:35:01] [3644/4876] 处理 002328 新朋股份...
[2026-06-28 19:35:02] [3645/4876] 处理 920021 流金科技...
[2026-06-28 19:35:02] [3646/4876] 处理 688589 力合微...
[2026-06-28 19:35:02] [3647/4876] 处理 002843 泰嘉股份...
[2026-06-28 19:35:03] [3648/4876] 处理 601969 海南矿业...
[2026-06-28 19:35:03]   → 60日跌幅 -33.53%，符合条件！
[2026-06-28 19:35:03] [3649/4876] 处理 301280 珠城科技...
[2026-06-28 19:35:04] [3650/4876] 处理 688183 生益电子...
[2026-06-28 19:35:04] [3651/4876] 处理 603016 新宏泰...
[2026-06-28 19:35:05] [3652/4876] 处理 603915 国茂股份...
[2026-06-28 19:35:05] [3653/4876] 处理 002400 省广集团...
[2026-06-28 19:35:06] [3654/4876] 处理 688277 天智航-U...
[2026-06-28 19:35:06] [3655/4876] 处理 603927 中科软...
[2026-06-28 19:35:07] [3656/4876] 处理 002778 中晟高科...
[2026-06-28 19:35:07] [3657/4876] 处理 603275 众辰科技...
[2026-06-28 19:35:08] [3658/4876] 处理 600970 中材国际...
[2026-06-28 19:35:08] [3659/4876] 处理 002736 国信证券...
[2026-06-28 19:35:08] [3660/4876] 处理 688597 煜邦电力...
[2026-06-28 19:35:09] [3661/4876] 处理 600540 新赛股份...
[2026-06-28 19:35:09]   → 60日跌幅 -34.71%，符合条件！
[2026-06-28 19:35:09] [3662/4876] 处理 002512 ST达华...
[2026-06-28 19:35:10] [3663/4876] 处理 601216 君正集团...
[2026-06-28 19:35:10] [3664/4876] 处理 600536 中国软件...
[2026-06-28 19:35:11] [3665/4876] 处理 601858 中国科传...
[2026-06-28 19:35:11] [3666/4876] 处理 688709 成都华微...
[2026-06-28 19:35:12] [3667/4876] 处理 688455 科捷智能...
[2026-06-28 19:35:12] [3668/4876] 处理 300718 长盛轴承...
[2026-06-28 19:35:13] [3669/4876] 处理 301365 矩阵股份...
[2026-06-28 19:35:13] [3670/4876] 处理 603993 洛阳钼业...
[2026-06-28 19:35:13] [3671/4876] 处理 300855 图南股份...
[2026-06-28 19:35:14] [3672/4876] 处理 300682 朗新科技...
[2026-06-28 19:35:14]   → 60日跌幅 -37.08%，符合条件！
[2026-06-28 19:35:14] [3673/4876] 处理 603095 越剑智能...
[2026-06-28 19:35:15] [3674/4876] 处理 600577 精达股份...
[2026-06-28 19:35:15] [3675/4876] 处理 002547 *ST春兴...
[2026-06-28 19:35:16] [3676/4876] 处理 600816 建元信托...
[2026-06-28 19:35:16] [3677/4876] 处理 001237 惠康科技...
[2026-06-28 19:35:17] [3678/4876] 处理 600826 兰生股份...
[2026-06-28 19:35:17] [3679/4876] 处理 920011 晨光电机...
[2026-06-28 19:35:17] [3680/4876] 处理 301020 密封科技...
[2026-06-28 19:35:18] [3681/4876] 处理 688253 英诺特...
[2026-06-28 19:35:18] [3682/4876] 处理 000155 川能动力...
[2026-06-28 19:35:19] [3683/4876] 处理 601678 滨化股份...
[2026-06-28 19:35:19] [3684/4876] 处理 688255 凯尔达...
[2026-06-28 19:35:20] [3685/4876] 处理 688011 新光光电...
[2026-06-28 19:35:20] [3686/4876] 处理 002017 东信和平...
[2026-06-28 19:35:21] [3687/4876] 处理 300659 中孚信息...
[2026-06-28 19:35:21] [3688/4876] 处理 603009 北特科技...
[2026-06-28 19:35:21] [3689/4876] 处理 301033 迈普医学...
[2026-06-28 19:35:22] [3690/4876] 处理 301153 中科江南...
[2026-06-28 19:35:22]   → 60日跌幅 -33.18%，符合条件！
[2026-06-28 19:35:22] [3691/4876] 处理 600578 京能电力...
[2026-06-28 19:35:23] [3692/4876] 处理 600779 水井坊...
[2026-06-28 19:35:23] [3693/4876] 处理 600590 泰豪科技...
[2026-06-28 19:35:24] [3694/4876] 处理 603103 横店影视...
[2026-06-28 19:35:24]   → 60日跌幅 -38.67%，符合条件！
[2026-06-28 19:35:24] [3695/4876] 处理 601688 华泰证券...
[2026-06-28 19:35:25] [3696/4876] 处理 601127 赛力斯...
[2026-06-28 19:35:25]   → 60日跌幅 -36.00%，符合条件！
[2026-06-28 19:35:25] [3697/4876] 处理 600215 派斯林...
[2026-06-28 19:35:26] [3698/4876] 处理 300871 回盛生物...
[2026-06-28 19:35:26] [3699/4876] 处理 601718 ST际华...
[2026-06-28 19:35:26]   → 60日跌幅 -53.25%，符合条件！
[2026-06-28 19:35:27] [3700/4876] 处理 002685 华东重机...
[2026-06-28 19:35:27] [3701/4876] 处理 688628 优利德...
[2026-06-28 19:35:27] [3702/4876] 处理 002532 天山铝业...
[2026-06-28 19:35:28]   → 60日跌幅 -36.61%，符合条件！
[2026-06-28 19:35:28] [3703/4876] 处理 600183 生益科技...
[2026-06-28 19:35:28] [3704/4876] 处理 601020 华钰矿业...
[2026-06-28 19:35:29] [3705/4876] 处理 000612 焦作万方...
[2026-06-28 19:35:29] [3706/4876] 处理 600996 贵广网络...
[2026-06-28 19:35:30] [3707/4876] 处理 688561 奇安信-U...
[2026-06-28 19:35:30] [3708/4876] 处理 002442 龙星科技...
[2026-06-28 19:35:31] [3709/4876] 处理 000411 英特集团...
[2026-06-28 19:35:31] [3710/4876] 处理 601038 一拖股份...
[2026-06-28 19:35:31] [3711/4876] 处理 600219 南山铝业...
[2026-06-28 19:35:32]   → 60日跌幅 -35.59%，符合条件！
[2026-06-28 19:35:32] [3712/4876] 处理 000981 山子高科...
[2026-06-28 19:35:32]   → 60日跌幅 -34.40%，符合条件！
[2026-06-28 19:35:32] [3713/4876] 处理 920510 丰光精密...
[2026-06-28 19:35:33] [3714/4876] 处理 920181 赛英电子...
[2026-06-28 19:35:33] [3715/4876] 处理 688799 华纳药厂...
[2026-06-28 19:35:34] [3716/4876] 处理 002086 东方海洋...
[2026-06-28 19:35:34] [3717/4876] 处理 001282 三联锻造...
[2026-06-28 19:35:35] [3718/4876] 处理 600546 山煤国际...
[2026-06-28 19:35:35] [3719/4876] 处理 300380 安硕信息...
[2026-06-28 19:35:36] [3720/4876] 处理 301336 趣睡科技...
[2026-06-28 19:35:36] [3721/4876] 处理 688488 艾迪药业...
[2026-06-28 19:35:36] [3722/4876] 处理 600439 瑞贝卡...
[2026-06-28 19:35:37] [3723/4876] 处理 600191 华资实业...
[2026-06-28 19:35:37] [3724/4876] 处理 301607 富特科技...
[2026-06-28 19:35:38] [3725/4876] 处理 300601 康泰生物...
[2026-06-28 19:35:38] [3726/4876] 处理 002051 中工国际...
[2026-06-28 19:35:39] [3727/4876] 处理 300412 迦南科技...
[2026-06-28 19:35:39] [3728/4876] 处理 688699 明微电子...
[2026-06-28 19:35:40] [3729/4876] 处理 300270 中威电子...
[2026-06-28 19:35:40] [3730/4876] 处理 002658 雪迪龙...
[2026-06-28 19:35:40] [3731/4876] 处理 000807 云铝股份...
[2026-06-28 19:35:41] [3732/4876] 处理 301007 德迈仕...
[2026-06-28 19:35:41] [3733/4876] 处理 600155 华创云信...
[2026-06-28 19:35:42] [3734/4876] 处理 002730 电光科技...
[2026-06-28 19:35:42] [3735/4876] 处理 603319 美湖股份...
[2026-06-28 19:35:43] [3736/4876] 处理 300981 中红医疗...
[2026-06-28 19:35:43] [3737/4876] 处理 688633 星球石墨...
[2026-06-28 19:35:44] [3738/4876] 处理 000669 ST金鸿...
[2026-06-28 19:35:44] [3739/4876] 处理 000825 太钢不锈...
[2026-06-28 19:35:45] [3740/4876] 处理 000679 大连友谊...
[2026-06-28 19:35:45] [3741/4876] 处理 000034 神州数码...
[2026-06-28 19:35:45] [3742/4876] 处理 301057 汇隆新材...
[2026-06-28 19:35:46]   → 60日跌幅 -30.92%，符合条件！
[2026-06-28 19:35:46] [3743/4876] 处理 600685 中船防务...
[2026-06-28 19:35:46] [3744/4876] 处理 300151 昌红科技...
[2026-06-28 19:35:47] [3745/4876] 处理 300142 沃森生物...
[2026-06-28 19:35:47] [3746/4876] 处理 605155 西大门...
[2026-06-28 19:35:48] [3747/4876] 处理 002987 京北方...
[2026-06-28 19:35:48] [3748/4876] 处理 002818 富森美...
[2026-06-28 19:35:49] [3749/4876] 处理 002846 英联股份...
[2026-06-28 19:35:49] [3750/4876] 处理 002916 深南电路...
[2026-06-28 19:35:50] [3751/4876] 处理 002123 梦网科技...
[2026-06-28 19:35:50] [3752/4876] 处理 300244 迪安诊断...
[2026-06-28 19:35:50] [3753/4876] 处理 603596 伯特利...
[2026-06-28 19:35:51] [3754/4876] 处理 003020 立方制药...
[2026-06-28 19:35:51] [3755/4876] 处理 603798 XD康普顿...
[2026-06-28 19:35:52] [3756/4876] 处理 300378 鼎捷数智...
[2026-06-28 19:35:52] [3757/4876] 处理 688051 佳华科技...
[2026-06-28 19:35:53] [3758/4876] 处理 300766 每日互动...
[2026-06-28 19:35:53]   → 60日跌幅 -40.02%，符合条件！
[2026-06-28 19:35:53] [3759/4876] 处理 301327 华宝新能...
[2026-06-28 19:35:53]   → 60日跌幅 -38.65%，符合条件！
[2026-06-28 19:35:54] [3760/4876] 处理 688172 燕东微...
[2026-06-28 19:35:54] [3761/4876] 处理 600203 福日电子...
[2026-06-28 19:35:55] [3762/4876] 处理 300407 凯发电气...
[2026-06-28 19:35:55] [3763/4876] 处理 600739 辽宁成大...
[2026-06-28 19:35:56] [3764/4876] 处理 600906 财达证券...
[2026-06-28 19:35:56] [3765/4876] 处理 301510 固高科技...
[2026-06-28 19:35:57] [3766/4876] 处理 300490 华自科技...
[2026-06-28 19:35:57] [3767/4876] 处理 603889 新澳股份...
[2026-06-28 19:35:58] [3768/4876] 处理 600284 浦东建设...
[2026-06-28 19:35:58]   → 60日跌幅 -33.33%，符合条件！
[2026-06-28 19:35:58] [3769/4876] 处理 300586 美联新材...
[2026-06-28 19:35:58] [3770/4876] 处理 300980 祥源新材...
[2026-06-28 19:35:59]   → 60日跌幅 -33.80%，符合条件！
[2026-06-28 19:35:59] [3771/4876] 处理 002212 天融信...
[2026-06-28 19:35:59] [3772/4876] 处理 300428 立中集团...
[2026-06-28 19:36:00] [3773/4876] 处理 001266 宏英智能...
[2026-06-28 19:36:00] [3774/4876] 处理 688047 龙芯中科...
[2026-06-28 19:36:01] [3775/4876] 处理 688229 博睿数据...
[2026-06-28 19:36:01] [3776/4876] 处理 301359 东南电子...
[2026-06-28 19:36:02] [3777/4876] 处理 688091 上海谊众...
[2026-06-28 19:36:02]   → 60日跌幅 -33.96%，符合条件！
[2026-06-28 19:36:02] [3778/4876] 处理 600278 东方创业...
[2026-06-28 19:36:03] [3779/4876] 处理 603344 星德胜...
[2026-06-28 19:36:03] [3780/4876] 处理 920394 民士达...
[2026-06-28 19:36:04] [3781/4876] 处理 300859 西域旅游...
[2026-06-28 19:36:04] [3782/4876] 处理 000831 中国稀土...
[2026-06-28 19:36:04] [3783/4876] 处理 301449 天溯计量...
[2026-06-28 19:36:05]   → 60日跌幅 -31.02%，符合条件！
[2026-06-28 19:36:05] [3784/4876] 处理 301587 中瑞股份...
[2026-06-28 19:36:05] [3785/4876] 处理 688363 华熙生物...
[2026-06-28 19:36:06] [3786/4876] 处理 002131 利欧股份...
[2026-06-28 19:36:06]   → 60日跌幅 -38.18%，符合条件！
[2026-06-28 19:36:06] [3787/4876] 处理 301330 熵基科技...
[2026-06-28 19:36:07] [3788/4876] 处理 300891 惠云钛业...
[2026-06-28 19:36:07] [3789/4876] 处理 002345 潮宏基...
[2026-06-28 19:36:08] [3790/4876] 处理 601778 晶科科技...
[2026-06-28 19:36:08] [3791/4876] 处理 301078 孩子王...
[2026-06-28 19:36:09] [3792/4876] 处理 300869 康泰医学...
[2026-06-28 19:36:09] [3793/4876] 处理 301282 金禄电子...
[2026-06-28 19:36:10] [3794/4876] 处理 002181 粤 传 媒...
[2026-06-28 19:36:10] [3795/4876] 处理 688601 力芯微...
[2026-06-28 19:36:11] [3796/4876] 处理 300145 南方泵业...
[2026-06-28 19:36:11] [3797/4876] 处理 600131 国网信通...
[2026-06-28 19:36:11] [3798/4876] 处理 000050 深天马Ａ...
[2026-06-28 19:36:12] [3799/4876] 处理 688306 均普智能...
[2026-06-28 19:36:12] [3800/4876] 处理 002939 长城证券...
[2026-06-28 19:36:13] [3801/4876] 处理 300139 晓程科技...
[2026-06-28 19:36:13]   → 60日跌幅 -39.14%，符合条件！
[2026-06-28 19:36:13] [3802/4876] 处理 002725 跃岭股份...
[2026-06-28 19:36:14] [3803/4876] 处理 300058 蓝色光标...
[2026-06-28 19:36:14] [3804/4876] 处理 603130 云中马...
[2026-06-28 19:36:15] [3805/4876] 处理 688403 汇成股份...
[2026-06-28 19:36:15] [3806/4876] 处理 688085 三友医疗...
[2026-06-28 19:36:15]   → 60日跌幅 -33.12%，符合条件！
[2026-06-28 19:36:16] [3807/4876] 处理 300235 方直科技...
[2026-06-28 19:36:16] [3808/4876] 处理 603613 国联股份...
[2026-06-28 19:36:17] [3809/4876] 处理 300180 华峰超纤...
[2026-06-28 19:36:17]   → 60日跌幅 -34.50%，符合条件！
[2026-06-28 19:36:17] [3810/4876] 处理 002886 沃特股份...
[2026-06-28 19:36:17] [3811/4876] 处理 001301 尚太科技...
[2026-06-28 19:36:18] [3812/4876] 处理 002757 南兴股份...
[2026-06-28 19:36:18] [3813/4876] 处理 688651 盛邦安全...
[2026-06-28 19:36:19] [3814/4876] 处理 300890 翔丰华...
[2026-06-28 19:36:19] [3815/4876] 处理 002255 海陆重工...
[2026-06-28 19:36:20] [3816/4876] 处理 300161 华中数控...
[2026-06-28 19:36:20] [3817/4876] 处理 000659 珠海中富...
[2026-06-28 19:36:20]   → 60日跌幅 -30.60%，符合条件！
[2026-06-28 19:36:21] [3818/4876] 处理 300154 瑞凌股份...
[2026-06-28 19:36:21] [3819/4876] 处理 002907 华森制药...
[2026-06-28 19:36:22] [3820/4876] 处理 301383 天键股份...
[2026-06-28 19:36:22] [3821/4876] 处理 002594 比亚迪...
[2026-06-28 19:36:23] [3822/4876] 处理 002153 石基信息...
[2026-06-28 19:36:23] [3823/4876] 处理 688157 松井股份...
[2026-06-28 19:36:23]   → 60日跌幅 -36.09%，符合条件！
[2026-06-28 19:36:24] [3824/4876] 处理 603888 新华网...
[2026-06-28 19:36:24] [3825/4876] 处理 688176 亚虹医药-U...
[2026-06-28 19:36:24]   → 60日跌幅 -31.32%，符合条件！
[2026-06-28 19:36:24] [3826/4876] 处理 300639 凯普生物...
[2026-06-28 19:36:25] [3827/4876] 处理 300661 圣邦股份...
[2026-06-28 19:36:25] [3828/4876] 处理 000518 四环生物...
[2026-06-28 19:36:26] [3829/4876] 处理 002881 美格智能...
[2026-06-28 19:36:26] [3830/4876] 处理 002034 旺能环境...
[2026-06-28 19:36:27] [3831/4876] 处理 600682 南京新百...
[2026-06-28 19:36:27] [3832/4876] 处理 000036 华联控股...
[2026-06-28 19:36:28] [3833/4876] 处理 301538 骏鼎达...
[2026-06-28 19:36:28] [3834/4876] 处理 300679 电连技术...
[2026-06-28 19:36:29] [3835/4876] 处理 600790 轻纺城...
[2026-06-28 19:36:29] [3836/4876] 处理 603258 电魂网络...
[2026-06-28 19:36:30] [3837/4876] 处理 002324 普利特...
[2026-06-28 19:36:30] [3838/4876] 处理 300292 吴通控股...
[2026-06-28 19:36:31] [3839/4876] 处理 300457 赢合科技...
[2026-06-28 19:36:31] [3840/4876] 处理 688765 禾元生物-U...
[2026-06-28 19:36:31]   → 60日跌幅 -33.67%，符合条件！
[2026-06-28 19:36:32] [3841/4876] 处理 300461 田中精机...
[2026-06-28 19:36:32]   → 60日跌幅 -34.96%，符合条件！
[2026-06-28 19:36:32] [3842/4876] 处理 300075 数字政通...
[2026-06-28 19:36:32] [3843/4876] 处理 300768 迪普科技...
[2026-06-28 19:36:33] [3844/4876] 处理 300231 银信科技...
[2026-06-28 19:36:33]   → 60日跌幅 -33.67%，符合条件！
[2026-06-28 19:36:33] [3845/4876] 处理 688225 亚信安全...
[2026-06-28 19:36:34] [3846/4876] 处理 601901 方正证券...
[2026-06-28 19:36:34] [3847/4876] 处理 300253 卫宁健康...
[2026-06-28 19:36:35] [3848/4876] 处理 301076 新瀚新材...
[2026-06-28 19:36:35] [3849/4876] 处理 002158 汉钟精机...
[2026-06-28 19:36:36] [3850/4876] 处理 002771 真视通...
[2026-06-28 19:36:36] [3851/4876] 处理 688768 容知日新...
[2026-06-28 19:36:37] [3852/4876] 处理 688416 恒烁股份...
[2026-06-28 19:36:37] [3853/4876] 处理 300059 东方财富...
[2026-06-28 19:36:38] [3854/4876] 处理 688218 江苏北人...
[2026-06-28 19:36:38] [3855/4876] 处理 300844 山水比德...
[2026-06-28 19:36:38]   → 60日跌幅 -36.84%，符合条件！
[2026-06-28 19:36:38] [3856/4876] 处理 301023 奕帆传动...
[2026-06-28 19:36:39] [3857/4876] 处理 301150 中一科技...
[2026-06-28 19:36:39] [3858/4876] 处理 300055 万邦达...
[2026-06-28 19:36:40]   → 60日跌幅 -43.76%，符合条件！
[2026-06-28 19:36:40] [3859/4876] 处理 688687 凯因科技...
[2026-06-28 19:36:40] [3860/4876] 处理 000949 新乡化纤...
[2026-06-28 19:36:41] [3861/4876] 处理 301089 拓新药业...
[2026-06-28 19:36:41] [3862/4876] 处理 300184 力源信息...
[2026-06-28 19:36:42] [3863/4876] 处理 002082 ST万邦...
[2026-06-28 19:36:42]   → 60日跌幅 -57.26%，符合条件！
[2026-06-28 19:36:42] [3864/4876] 处理 002638 勤上股份...
[2026-06-28 19:36:43] [3865/4876] 处理 002951 金时科技...
[2026-06-28 19:36:43] [3866/4876] 处理 603355 莱克电气...
[2026-06-28 19:36:44] [3867/4876] 处理 920953 国子软件...
[2026-06-28 19:36:44] [3868/4876] 处理 301122 采纳股份...
[2026-06-28 19:36:45] [3869/4876] 处理 688630 芯碁微装...
[2026-06-28 19:36:45] [3870/4876] 处理 603138 海量数据...
[2026-06-28 19:36:45] [3871/4876] 处理 688049 炬芯科技...
[2026-06-28 19:36:46] [3872/4876] 处理 920184 国源科技...
[2026-06-28 19:36:46] [3873/4876] 处理 300608 思特奇...
[2026-06-28 19:36:47] [3874/4876] 处理 300983 尤安设计...
[2026-06-28 19:36:47] [3875/4876] 处理 605336 *ST帅电...
[2026-06-28 19:36:48] [3876/4876] 处理 000531 穗恒运Ａ...
[2026-06-28 19:36:48] [3877/4876] 处理 603630 拉芳家化...
[2026-06-28 19:36:49] [3878/4876] 处理 002463 沪电股份...
[2026-06-28 19:36:49] [3879/4876] 处理 300327 中颖电子...
[2026-06-28 19:36:50] [3880/4876] 处理 301626 苏州天脉...
[2026-06-28 19:36:50] [3881/4876] 处理 600580 卧龙电驱...
[2026-06-28 19:36:51] [3882/4876] 处理 600267 海正药业...
[2026-06-28 19:36:51] [3883/4876] 处理 603272 *ST联翔...
[2026-06-28 19:36:51] [3884/4876] 处理 002832 比音勒芬...
[2026-06-28 19:36:52] [3885/4876] 处理 601118 海南橡胶...
[2026-06-28 19:36:52] [3886/4876] 处理 002095 生 意 宝...
[2026-06-28 19:36:53] [3887/4876] 处理 002191 劲嘉股份...
[2026-06-28 19:36:53] [3888/4876] 处理 300474 景嘉微...
[2026-06-28 19:36:54] [3889/4876] 处理 000752 *ST西发...
[2026-06-28 19:36:54] [3890/4876] 处理 603161 科华控股...
[2026-06-28 19:36:55] [3891/4876] 处理 301491 汉桑科技...
[2026-06-28 19:36:55] [3892/4876] 处理 603822 ST嘉澳...
[2026-06-28 19:36:56] [3893/4876] 处理 688499 利元亨...
[2026-06-28 19:36:56] [3894/4876] 处理 300943 春晖智控...
[2026-06-28 19:36:57] [3895/4876] 处理 601001 晋控煤业...
[2026-06-28 19:36:57] [3896/4876] 处理 600643 爱建集团...
[2026-06-28 19:36:57] [3897/4876] 处理 605166 聚合顺...
[2026-06-28 19:36:58] [3898/4876] 处理 002810 山东赫达...
[2026-06-28 19:36:58] [3899/4876] 处理 301000 肇民科技...
[2026-06-28 19:36:59] [3900/4876] 处理 601162 天风证券...
[2026-06-28 19:36:59] [3901/4876] 处理 002177 御银股份...
[2026-06-28 19:37:00] [3902/4876] 处理 000711 ST京蓝...
[2026-06-28 19:37:00] [3903/4876] 处理 688018 乐鑫科技...
[2026-06-28 19:37:01] [3904/4876] 处理 301290 东星医疗...
[2026-06-28 19:37:01] [3905/4876] 处理 603293 埃泰克...
[2026-06-28 19:37:02] [3906/4876] 处理 300418 昆仑万维...
[2026-06-28 19:37:02] [3907/4876] 处理 920171 志晟信息...
[2026-06-28 19:37:02] [3908/4876] 处理 605196 华通线缆...
[2026-06-28 19:37:03]   → 60日跌幅 -46.38%，符合条件！
[2026-06-28 19:37:03] [3909/4876] 处理 688262 国芯科技...
[2026-06-28 19:37:03] [3910/4876] 处理 600381 *ST春天...
[2026-06-28 19:37:04] [3911/4876] 处理 000995 皇台酒业...
[2026-06-28 19:37:04]   → 60日跌幅 -33.17%，符合条件！
[2026-06-28 19:37:04] [3912/4876] 处理 002667 *ST威领...
[2026-06-28 19:37:04]   → 60日跌幅 -55.68%，符合条件！
[2026-06-28 19:37:05] [3913/4876] 处理 301628 强达电路...
[2026-06-28 19:37:05] [3914/4876] 处理 600850 DR电科数...
[2026-06-28 19:37:06] [3915/4876] 处理 300561 汇金科技...
[2026-06-28 19:37:06] [3916/4876] 处理 300128 锦富技术...
[2026-06-28 19:37:07] [3917/4876] 处理 002789 *ST建艺...
[2026-06-28 19:37:07] [3918/4876] 处理 300991 创益通...
[2026-06-28 19:37:07]   → 60日跌幅 -30.97%，符合条件！
[2026-06-28 19:37:07] [3919/4876] 处理 603271 永杰新材...
[2026-06-28 19:37:08] [3920/4876] 处理 300146 汤臣倍健...
[2026-06-28 19:37:08] [3921/4876] 处理 301630 同宇新材...
[2026-06-28 19:37:09] [3922/4876] 处理 300449 汉邦高科...
[2026-06-28 19:37:09] [3923/4876] 处理 605186 健麾信息...
[2026-06-28 19:37:10] [3924/4876] 处理 603429 *ST集友...
[2026-06-28 19:37:10] [3925/4876] 处理 300580 贝斯特...
[2026-06-28 19:37:11] [3926/4876] 处理 603890 春秋电子...
[2026-06-28 19:37:11] [3927/4876] 处理 300341 麦克奥迪...
[2026-06-28 19:37:12] [3928/4876] 处理 301105 鸿铭股份...
[2026-06-28 19:37:12] [3929/4876] 处理 600737 中粮糖业...
[2026-06-28 19:37:13] [3930/4876] 处理 300133 华策影视...
[2026-06-28 19:37:13] [3931/4876] 处理 605066 天正电气...
[2026-06-28 19:37:13] [3932/4876] 处理 002062 宏润建设...
[2026-06-28 19:37:14] [3933/4876] 处理 002514 *ST宝馨...
[2026-06-28 19:37:14]   → 60日跌幅 -52.13%，符合条件！
[2026-06-28 19:37:14] [3934/4876] 处理 300187 永清环保...
[2026-06-28 19:37:15] [3935/4876] 处理 000534 万泽股份...
[2026-06-28 19:37:15] [3936/4876] 处理 300925 法本信息...
[2026-06-28 19:37:16] [3937/4876] 处理 002031 巨轮智能...
[2026-06-28 19:37:16] [3938/4876] 处理 600478 科力远...
[2026-06-28 19:37:16]   → 60日跌幅 -32.80%，符合条件！
[2026-06-28 19:37:17] [3939/4876] 处理 603305 旭升集团...
[2026-06-28 19:37:17] [3940/4876] 处理 601208 东材科技...
[2026-06-28 19:37:18] [3941/4876] 处理 688321 微芯生物...
[2026-06-28 19:37:18] [3942/4876] 处理 002195 岩山科技...
[2026-06-28 19:37:18] [3943/4876] 处理 600063 皖维高新...
[2026-06-28 19:37:19] [3944/4876] 处理 603007 顺景科技...
[2026-06-28 19:37:19] [3945/4876] 处理 603728 鸣志电器...
[2026-06-28 19:37:20] [3946/4876] 处理 920522 纳科诺尔...
[2026-06-28 19:37:20] [3947/4876] 处理 600292 电投水电...
[2026-06-28 19:37:21] [3948/4876] 处理 002837 英维克...
[2026-06-28 19:37:21] [3949/4876] 处理 300226 上海钢联...
[2026-06-28 19:37:22] [3950/4876] 处理 603216 梦天家居...
[2026-06-28 19:37:22]   → 60日跌幅 -35.22%，符合条件！
[2026-06-28 19:37:22] [3951/4876] 处理 002906 华阳集团...
[2026-06-28 19:37:23] [3952/4876] 处理 300049 福瑞医科...
[2026-06-28 19:37:23]   → 60日跌幅 -36.73%，符合条件！
[2026-06-28 19:37:23] [3953/4876] 处理 603777 来伊份...
[2026-06-28 19:37:24] [3954/4876] 处理 300681 英搏尔...
[2026-06-28 19:37:24] [3955/4876] 处理 600100 同方股份...
[2026-06-28 19:37:25] [3956/4876] 处理 601699 潞安环能...
[2026-06-28 19:37:25] [3957/4876] 处理 688484 南芯科技...
[2026-06-28 19:37:25] [3958/4876] 处理 300686 智动力...
[2026-06-28 19:37:26] [3959/4876] 处理 688025 杰普特...
[2026-06-28 19:37:26] [3960/4876] 处理 300964 本川智能...
[2026-06-28 19:37:27] [3961/4876] 处理 688797 C臻宝...
[2026-06-28 19:37:27] [3962/4876] 处理 300287 飞利信...
[2026-06-28 19:37:28] [3963/4876] 处理 002152 广电运通...
[2026-06-28 19:37:28] [3964/4876] 处理 300047 天源迪科...
[2026-06-28 19:37:29] [3965/4876] 处理 600259 中稀有色...
[2026-06-28 19:37:29] [3966/4876] 处理 300131 英唐智控...
[2026-06-28 19:37:30] [3967/4876] 处理 600797 浙大网新...
[2026-06-28 19:37:30]   → 60日跌幅 -30.65%，符合条件！
[2026-06-28 19:37:30] [3968/4876] 处理 300715 凯伦股份...
[2026-06-28 19:37:30] [3969/4876] 处理 002011 盾安环境...
[2026-06-28 19:37:31] [3970/4876] 处理 300348 长亮科技...
[2026-06-28 19:37:31]   → 60日跌幅 -32.68%，符合条件！
[2026-06-28 19:37:31] [3971/4876] 处理 000403 派林生物...
[2026-06-28 19:37:32]   → 60日跌幅 -31.90%，符合条件！
[2026-06-28 19:37:32] [3972/4876] 处理 000802 北京文化...
[2026-06-28 19:37:32] [3973/4876] 处理 920748 路桥信息...
[2026-06-28 19:37:32]   → 60日跌幅 -34.78%，符合条件！
[2026-06-28 19:37:33] [3974/4876] 处理 002422 科伦药业...
[2026-06-28 19:37:33] [3975/4876] 处理 300254 仟源医药...
[2026-06-28 19:37:33]   → 60日跌幅 -31.96%，符合条件！
[2026-06-28 19:37:34] [3976/4876] 处理 688027 国盾量子...
[2026-06-28 19:37:34] [3977/4876] 处理 002971 和远气体...
[2026-06-28 19:37:35] [3978/4876] 处理 688621 阳光诺和...
[2026-06-28 19:37:35] [3979/4876] 处理 688257 新锐股份...
[2026-06-28 19:37:36] [3980/4876] 处理 300624 万兴科技...
[2026-06-28 19:37:36] [3981/4876] 处理 301135 瑞德智能...
[2026-06-28 19:37:37] [3982/4876] 处理 300678 中科信息...
[2026-06-28 19:37:37] [3983/4876] 处理 603087 甘李药业...
[2026-06-28 19:37:38] [3984/4876] 处理 688981 中芯国际...
[2026-06-28 19:37:38] [3985/4876] 处理 600449 宁夏建材...
[2026-06-28 19:37:38] [3986/4876] 处理 300122 智飞生物...
[2026-06-28 19:37:39] [3987/4876] 处理 600977 中国电影...
[2026-06-28 19:37:39] [3988/4876] 处理 001358 兴欣新材...
[2026-06-28 19:37:40] [3989/4876] 处理 688117 圣诺生物...
[2026-06-28 19:37:40] [3990/4876] 处理 300695 兆丰股份...
[2026-06-28 19:37:41] [3991/4876] 处理 600222 太龙药业...
[2026-06-28 19:37:41] [3992/4876] 处理 301458 钧崴电子...
[2026-06-28 19:37:42] [3993/4876] 处理 301363 美好医疗...
[2026-06-28 19:37:42] [3994/4876] 处理 000829 天音控股...
[2026-06-28 19:37:42]   → 60日跌幅 -30.01%，符合条件！
[2026-06-28 19:37:43] [3995/4876] 处理 002782 可立克...
[2026-06-28 19:37:43] [3996/4876] 处理 300750 宁德时代...
[2026-06-28 19:37:44] [3997/4876] 处理 688209 英集芯...
[2026-06-28 19:37:44] [3998/4876] 处理 300930 屹通新材...
[2026-06-28 19:37:44] [3999/4876] 处理 301631 壹连科技...
[2026-06-28 19:37:45] [4000/4876] 处理 603960 克来机电...
[2026-06-28 19:37:45] [4001/4876] 处理 600751 海航科技...
[2026-06-28 19:37:46] [4002/4876] 处理 688718 唯赛勃...
[2026-06-28 19:37:46] [4003/4876] 处理 301071 力量钻石...
[2026-06-28 19:37:47] [4004/4876] 处理 920821 则成电子...
[2026-06-28 19:37:47] [4005/4876] 处理 688802 沐曦股份-U...
[2026-06-28 19:37:48] [4006/4876] 处理 002407 多氟多...
[2026-06-28 19:37:48] [4007/4876] 处理 600927 永安期货...
[2026-06-28 19:37:49] [4008/4876] 处理 603116 红蜻蜓...
[2026-06-28 19:37:49] [4009/4876] 处理 300368 汇金股份...
[2026-06-28 19:37:50] [4010/4876] 处理 688302 海创药业-U...
[2026-06-28 19:37:50] [4011/4876] 处理 300209 行云科技...
[2026-06-28 19:37:50] [4012/4876] 处理 600777 新潮能源...
[2026-06-28 19:37:51] [4013/4876] 处理 688498 源杰科技...
[2026-06-28 19:37:51] [4014/4876] 处理 000878 云南铜业...
[2026-06-28 19:37:52] [4015/4876] 处理 300603 立昂技术...
[2026-06-28 19:37:52]   → 60日跌幅 -35.90%，符合条件！
[2026-06-28 19:37:52] [4016/4876] 处理 688293 奥浦迈...
[2026-06-28 19:37:53] [4017/4876] 处理 601360 三六零...
[2026-06-28 19:37:53] [4018/4876] 处理 300308 中际旭创...
[2026-06-28 19:37:54] [4019/4876] 处理 000559 万向钱潮...
[2026-06-28 19:37:54] [4020/4876] 处理 002414 高德红外...
[2026-06-28 19:37:55] [4021/4876] 处理 002426 胜利精密...
[2026-06-28 19:37:55] [4022/4876] 处理 688809 强一股份...
[2026-06-28 19:37:56] [4023/4876] 处理 300636 同和药业...
[2026-06-28 19:37:56] [4024/4876] 处理 002797 第一创业...
[2026-06-28 19:37:56] [4025/4876] 处理 603626 科森科技...
[2026-06-28 19:37:57] [4026/4876] 处理 300206 理邦仪器...
[2026-06-28 19:37:57] [4027/4876] 处理 688001 华兴源创...
[2026-06-28 19:37:58] [4028/4876] 处理 600726 华电能源...
[2026-06-28 19:37:58] [4029/4876] 处理 301315 威士顿...
[2026-06-28 19:37:59] [4030/4876] 处理 300672 国科微...
[2026-06-28 19:37:59] [4031/4876] 处理 688180 君实生物-U...
[2026-06-28 19:38:00] [4032/4876] 处理 002980 华盛昌...
[2026-06-28 19:38:00] [4033/4876] 处理 600864 哈投股份...
[2026-06-28 19:38:01] [4034/4876] 处理 603979 金诚信...
[2026-06-28 19:38:01] [4035/4876] 处理 000026 飞亚达...
[2026-06-28 19:38:01] [4036/4876] 处理 601375 中原证券...
[2026-06-28 19:38:02] [4037/4876] 处理 301479 弘景光电...
[2026-06-28 19:38:02] [4038/4876] 处理 000681 视觉中国...
[2026-06-28 19:38:03] [4039/4876] 处理 000721 西安饮食...
[2026-06-28 19:38:03] [4040/4876] 处理 688813 泰金新能...
[2026-06-28 19:38:04] [4041/4876] 处理 600503 华丽家族...
[2026-06-28 19:38:04] [4042/4876] 处理 600201 生物股份...
[2026-06-28 19:38:05] [4043/4876] 处理 920047 诺思兰德...
[2026-06-28 19:38:05] [4044/4876] 处理 301600 慧翰股份...
[2026-06-28 19:38:06] [4045/4876] 处理 688269 凯立新材...
[2026-06-28 19:38:06] [4046/4876] 处理 600199 金种子酒...
[2026-06-28 19:38:06] [4047/4876] 处理 000963 华东医药...
[2026-06-28 19:38:07] [4048/4876] 处理 688693 锴威特...
[2026-06-28 19:38:07] [4049/4876] 处理 002167 东方锆业...
[2026-06-28 19:38:08] [4050/4876] 处理 600208 衢州发展...
[2026-06-28 19:38:08] [4051/4876] 处理 920019 铜冠矿建...
[2026-06-28 19:38:09] [4052/4876] 处理 920223 荣亿精密...
[2026-06-28 19:38:09] [4053/4876] 处理 603667 五洲新春...
[2026-06-28 19:38:10] [4054/4876] 处理 600571 信雅达...
[2026-06-28 19:38:10] [4055/4876] 处理 002848 高斯贝尔...
[2026-06-28 19:38:11] [4056/4876] 处理 300124 汇川技术...
[2026-06-28 19:38:11] [4057/4876] 处理 300324 旋极信息...
[2026-06-28 19:38:11] [4058/4876] 处理 301584 建发致新...
[2026-06-28 19:38:12] [4059/4876] 处理 002515 金字火腿...
[2026-06-28 19:38:12] [4060/4876] 处理 301662 宏工科技...
[2026-06-28 19:38:13] [4061/4876] 处理 002334 英威腾...
[2026-06-28 19:38:13] [4062/4876] 处理 600506 统一股份...
[2026-06-28 19:38:13] [4063/4876] 处理 002396 星网锐捷...
[2026-06-28 19:38:14] [4064/4876] 处理 600126 杭钢股份...
[2026-06-28 19:38:14] [4065/4876] 处理 000715 中兴商业...
[2026-06-28 19:38:15] [4066/4876] 处理 301513 尚水智能...
[2026-06-28 19:38:15] [4067/4876] 处理 603919 金徽酒...
[2026-06-28 19:38:16] [4068/4876] 处理 301173 毓恬冠佳...
[2026-06-28 19:38:16]   → 60日跌幅 -30.69%，符合条件！
[2026-06-28 19:38:16] [4069/4876] 处理 603033 三维股份...
[2026-06-28 19:38:17] [4070/4876] 处理 600839 四川长虹...
[2026-06-28 19:38:17] [4071/4876] 处理 603439 三力制药...
[2026-06-28 19:38:18] [4072/4876] 处理 300709 精研科技...
[2026-06-28 19:38:18] [4073/4876] 处理 300852 四会富仕...
[2026-06-28 19:38:19] [4074/4876] 处理 600733 北汽蓝谷...
[2026-06-28 19:38:19]   → 60日跌幅 -31.72%，符合条件！
[2026-06-28 19:38:19] [4075/4876] 处理 002429 兆驰股份...
[2026-06-28 19:38:19] [4076/4876] 处理 300493 润欣科技...
[2026-06-28 19:38:20] [4077/4876] 处理 603610 麒盛科技...
[2026-06-28 19:38:20] [4078/4876] 处理 688611 杭州柯林...
[2026-06-28 19:38:21] [4079/4876] 处理 300251 光线传媒...
[2026-06-28 19:38:21] [4080/4876] 处理 600588 用友网络...
[2026-06-28 19:38:22] [4081/4876] 处理 603578 三星新材...
[2026-06-28 19:38:22] [4082/4876] 处理 688208 道通科技...
[2026-06-28 19:38:23] [4083/4876] 处理 300411 金盾股份...
[2026-06-28 19:38:23]   → 60日跌幅 -30.11%，符合条件！
[2026-06-28 19:38:23] [4084/4876] 处理 300973 立高食品...
[2026-06-28 19:38:24] [4085/4876] 处理 688112 鼎阳科技...
[2026-06-28 19:38:24] [4086/4876] 处理 300647 超频三...
[2026-06-28 19:38:25] [4087/4876] 处理 603124 江南新材...
[2026-06-28 19:38:25] [4088/4876] 处理 301222 浙江恒威...
[2026-06-28 19:38:25] [4089/4876] 处理 002190 成飞集成...
[2026-06-28 19:38:26] [4090/4876] 处理 300674 宇信科技...
[2026-06-28 19:38:26] [4091/4876] 处理 688280 精进电动-W...
[2026-06-28 19:38:26]   → 60日跌幅 -44.94%，符合条件！
[2026-06-28 19:38:27] [4092/4876] 处理 688331 荣昌生物...
[2026-06-28 19:38:27] [4093/4876] 处理 601212 白银有色...
[2026-06-28 19:38:27]   → 60日跌幅 -38.39%，符合条件！
[2026-06-28 19:38:28] [4094/4876] 处理 002957 科瑞技术...
[2026-06-28 19:38:28] [4095/4876] 处理 301097 天益医疗...
[2026-06-28 19:38:29] [4096/4876] 处理 000415 渤海租赁...
[2026-06-28 19:38:29] [4097/4876] 处理 600150 中国船舶...
[2026-06-28 19:38:30] [4098/4876] 处理 300816 艾可蓝...
[2026-06-28 19:38:30] [4099/4876] 处理 000970 中科三环...
[2026-06-28 19:38:30] [4100/4876] 处理 920735 德源药业...
[2026-06-28 19:38:31] [4101/4876] 处理 301408 华人健康...
[2026-06-28 19:38:31] [4102/4876] 处理 300182 捷成股份...
[2026-06-28 19:38:32] [4103/4876] 处理 603516 淳中科技...
[2026-06-28 19:38:32] [4104/4876] 处理 002402 和而泰...
[2026-06-28 19:38:33] [4105/4876] 处理 300618 寒锐钴业...
[2026-06-28 19:38:33] [4106/4876] 处理 603976 正川股份...
[2026-06-28 19:38:34] [4107/4876] 处理 300501 海顺新材...
[2026-06-28 19:38:34] [4108/4876] 处理 002155 湖南黄金...
[2026-06-28 19:38:34] [4109/4876] 处理 688017 绿的谐波...
[2026-06-28 19:38:35] [4110/4876] 处理 600875 东方电气...
[2026-06-28 19:38:35] [4111/4876] 处理 301413 安培龙...
[2026-06-28 19:38:36] [4112/4876] 处理 000751 锌业股份...
[2026-06-28 19:38:36] [4113/4876] 处理 300375 鹏翎股份...
[2026-06-28 19:38:37] [4114/4876] 处理 600103 青山纸业...
[2026-06-28 19:38:37] [4115/4876] 处理 920505 九菱科技...
[2026-06-28 19:38:38] [4116/4876] 处理 002261 拓维信息...
[2026-06-28 19:38:38] [4117/4876] 处理 301165 锐捷网络...
[2026-06-28 19:38:39] [4118/4876] 处理 300839 博汇股份...
[2026-06-28 19:38:39] [4119/4876] 处理 301361 众智科技...
[2026-06-28 19:38:40] [4120/4876] 处理 300238 冠昊生物...
[2026-06-28 19:38:40] [4121/4876] 处理 300086 康芝药业...
[2026-06-28 19:38:40]   → 60日跌幅 -33.53%，符合条件！
[2026-06-28 19:38:40] [4122/4876] 处理 601601 中国太保...
[2026-06-28 19:38:41] [4123/4876] 处理 002050 三花智控...
[2026-06-28 19:38:41] [4124/4876] 处理 601101 昊华能源...
[2026-06-28 19:38:42] [4125/4876] 处理 920592 华信永道...
[2026-06-28 19:38:42] [4126/4876] 处理 688805 健信超导...
[2026-06-28 19:38:43] [4127/4876] 处理 300504 天邑股份...
[2026-06-28 19:38:43] [4128/4876] 处理 600980 北矿科技...
[2026-06-28 19:38:43] [4129/4876] 处理 603083 剑桥科技...
[2026-06-28 19:38:44] [4130/4876] 处理 920017 星昊医药...
[2026-06-28 19:38:44] [4131/4876] 处理 601869 长飞光纤...
[2026-06-28 19:38:45] [4132/4876] 处理 603648 畅联股份...
[2026-06-28 19:38:45] [4133/4876] 处理 002819 东方中科...
[2026-06-28 19:38:46] [4134/4876] 处理 002608 江苏国信...
[2026-06-28 19:38:46] [4135/4876] 处理 300525 博思软件...
[2026-06-28 19:38:47] [4136/4876] 处理 301176 逸豪新材...
[2026-06-28 19:38:47] [4137/4876] 处理 300774 倍杰特...
[2026-06-28 19:38:47]   → 60日跌幅 -37.56%，符合条件！
[2026-06-28 19:38:48] [4138/4876] 处理 003043 华亚智能...
[2026-06-28 19:38:48] [4139/4876] 处理 688261 东微半导...
[2026-06-28 19:38:48] [4140/4876] 处理 301683 慧谷新材...
[2026-06-28 19:38:49] [4141/4876] 处理 002384 东山精密...
[2026-06-28 19:38:49] [4142/4876] 处理 002370 亚太药业...
[2026-06-28 19:38:49]   → 60日跌幅 -32.03%，符合条件！
[2026-06-28 19:38:50] [4143/4876] 处理 603995 甬金股份...
[2026-06-28 19:38:50] [4144/4876] 处理 002815 崇达技术...
[2026-06-28 19:38:51] [4145/4876] 处理 688478 晶升股份...
[2026-06-28 19:38:51] [4146/4876] 处理 301265 华新科技...
[2026-06-28 19:38:52] [4147/4876] 处理 603121 华培动力...
[2026-06-28 19:38:52] [4148/4876] 处理 920100 三协电机...
[2026-06-28 19:38:53] [4149/4876] 处理 600743 华远控股...
[2026-06-28 19:38:53] [4150/4876] 处理 688068 热景生物...
[2026-06-28 19:38:53]   → 60日跌幅 -40.02%，符合条件！
[2026-06-28 19:38:54] [4151/4876] 处理 600513 联环药业...
[2026-06-28 19:38:54]   → 60日跌幅 -49.49%，符合条件！
[2026-06-28 19:38:54] [4152/4876] 处理 601609 金田股份...
[2026-06-28 19:38:55] [4153/4876] 处理 688719 爱科赛博...
[2026-06-28 19:38:55] [4154/4876] 处理 002379 宏桥控股...
[2026-06-28 19:38:56]   → 60日跌幅 -46.08%，符合条件！
[2026-06-28 19:38:56] [4155/4876] 处理 300249 依米康...
[2026-06-28 19:38:56] [4156/4876] 处理 301270 汉仪股份...
[2026-06-28 19:38:57] [4157/4876] 处理 688767 博拓生物...
[2026-06-28 19:38:57] [4158/4876] 处理 688297 中无人机...
[2026-06-28 19:38:58] [4159/4876] 处理 000818 航锦科技...
[2026-06-28 19:38:58]   → 60日跌幅 -34.87%，符合条件！
[2026-06-28 19:38:58] [4160/4876] 处理 688692 达梦数据...
[2026-06-28 19:38:59] [4161/4876] 处理 603897 长城科技...
[2026-06-28 19:38:59] [4162/4876] 处理 300907 康平科技...
[2026-06-28 19:39:00] [4163/4876] 处理 000617 中油资本...
[2026-06-28 19:39:00]   → 60日跌幅 -34.65%，符合条件！
[2026-06-28 19:39:00] [4164/4876] 处理 300113 顺网科技...
[2026-06-28 19:39:01]   → 60日跌幅 -35.05%，符合条件！
[2026-06-28 19:39:01] [4165/4876] 处理 603122 合富中国...
[2026-06-28 19:39:01]   → 60日跌幅 -36.17%，符合条件！
[2026-06-28 19:39:01] [4166/4876] 处理 002114 罗平锌电...
[2026-06-28 19:39:02] [4167/4876] 处理 000032 深桑达Ａ...
[2026-06-28 19:39:02] [4168/4876] 处理 688520 神州细胞...
[2026-06-28 19:39:03] [4169/4876] 处理 603063 禾望电气...
[2026-06-28 19:39:03] [4170/4876] 处理 000628 高新发展...
[2026-06-28 19:39:04] [4171/4876] 处理 688567 孚能科技...
[2026-06-28 19:39:04] [4172/4876] 处理 688509 正元地信...
[2026-06-28 19:39:05] [4173/4876] 处理 300252 金信诺...
[2026-06-28 19:39:05] [4174/4876] 处理 600293 三峡新材...
[2026-06-28 19:39:06] [4175/4876] 处理 301360 荣旗科技...
[2026-06-28 19:39:06] [4176/4876] 处理 688707 振华新材...
[2026-06-28 19:39:07] [4177/4876] 处理 300305 裕兴股份...
[2026-06-28 19:39:07] [4178/4876] 处理 301312 智立方...
[2026-06-28 19:39:08] [4179/4876] 处理 603123 翠微股份...
[2026-06-28 19:39:08] [4180/4876] 处理 002378 章源钨业...
[2026-06-28 19:39:09] [4181/4876] 处理 688155 先惠技术...
[2026-06-28 19:39:09] [4182/4876] 处理 688128 中国电研...
[2026-06-28 19:39:10] [4183/4876] 处理 600673 东阳光...
[2026-06-28 19:39:10] [4184/4876] 处理 300693 盛弘股份...
[2026-06-28 19:39:11] [4185/4876] 处理 920225 利通科技...
[2026-06-28 19:39:11] [4186/4876] 处理 603567 珍宝岛...
[2026-06-28 19:39:12]   → 60日跌幅 -40.06%，符合条件！
[2026-06-28 19:39:12] [4187/4876] 处理 603955 大千生态...
[2026-06-28 19:39:12] [4188/4876] 处理 688071 华依科技...
[2026-06-28 19:39:13] [4189/4876] 处理 688133 泰坦科技...
[2026-06-28 19:39:13] [4190/4876] 处理 002423 中粮资本...
[2026-06-28 19:39:14] [4191/4876] 处理 301591 肯特股份...
[2026-06-28 19:39:14] [4192/4876] 处理 301609 山大电力...
[2026-06-28 19:39:15]   → 60日跌幅 -36.04%，符合条件！
[2026-06-28 19:39:15] [4193/4876] 处理 301230 泓博医药...
[2026-06-28 19:39:15] [4194/4876] 处理 300434 金石亚药...
[2026-06-28 19:39:16] [4195/4876] 处理 002472 双环传动...
[2026-06-28 19:39:16] [4196/4876] 处理 002038 双鹭药业...
[2026-06-28 19:39:17]   → 60日跌幅 -30.26%，符合条件！
[2026-06-28 19:39:17] [4197/4876] 处理 603519 立霸股份...
[2026-06-28 19:39:17] [4198/4876] 处理 002154 报 喜 鸟...
[2026-06-28 19:39:18] [4199/4876] 处理 300611 美力科技...
[2026-06-28 19:39:18] [4200/4876] 处理 301509 金凯生科...
[2026-06-28 19:39:19]   → 60日跌幅 -35.95%，符合条件！
[2026-06-28 19:39:19] [4201/4876] 处理 300402 宝色股份...
[2026-06-28 19:39:19] [4202/4876] 处理 600318 新力金融...
[2026-06-28 19:39:20] [4203/4876] 处理 301328 维峰电子...
[2026-06-28 19:39:20] [4204/4876] 处理 688793 倍轻松...
[2026-06-28 19:39:21]   → 60日跌幅 -34.95%，符合条件！
[2026-06-28 19:39:21] [4205/4876] 处理 605208 永茂泰...
[2026-06-28 19:39:21] [4206/4876] 处理 688166 博瑞医药...
[2026-06-28 19:39:22]   → 60日跌幅 -30.73%，符合条件！
[2026-06-28 19:39:22] [4207/4876] 处理 688658 悦康药业...
[2026-06-28 19:39:22] [4208/4876] 处理 920086 科马材料...
[2026-06-28 19:39:23] [4209/4876] 处理 300115 长盈精密...
[2026-06-28 19:39:23] [4210/4876] 处理 300229 拓尔思...
[2026-06-28 19:39:24] [4211/4876] 处理 603533 掌阅科技...
[2026-06-28 19:39:24] [4212/4876] 处理 300011 鼎汉技术...
[2026-06-28 19:39:25] [4213/4876] 处理 603826 坤彩科技...
[2026-06-28 19:39:25] [4214/4876] 处理 920119 美德乐...
[2026-06-28 19:39:26] [4215/4876] 处理 000530 冰山冷热...
[2026-06-28 19:39:26] [4216/4876] 处理 688690 纳微科技...
[2026-06-28 19:39:27] [4217/4876] 处理 002437 誉衡药业...
[2026-06-28 19:39:27]   → 60日跌幅 -30.37%，符合条件！
[2026-06-28 19:39:27] [4218/4876] 处理 300616 尚品宅配...
[2026-06-28 19:39:28] [4219/4876] 处理 688109 品茗科技...
[2026-06-28 19:39:28]   → 60日跌幅 -41.14%，符合条件！
[2026-06-28 19:39:28] [4220/4876] 处理 601666 平煤股份...
[2026-06-28 19:39:29] [4221/4876] 处理 000519 中兵红箭...
[2026-06-28 19:39:29] [4222/4876] 处理 300467 迅游科技...
[2026-06-28 19:39:30] [4223/4876] 处理 301031 中熔电气...
[2026-06-28 19:39:30] [4224/4876] 处理 603118 共进股份...
[2026-06-28 19:39:31] [4225/4876] 处理 301208 中亦科技...
[2026-06-28 19:39:31] [4226/4876] 处理 301331 恩威医药...
[2026-06-28 19:39:32] [4227/4876] 处理 000657 中钨高新...
[2026-06-28 19:39:32] [4228/4876] 处理 603106 恒银科技...
[2026-06-28 19:39:33] [4229/4876] 处理 688360 德马科技...
[2026-06-28 19:39:33] [4230/4876] 处理 603920 世运电路...
[2026-06-28 19:39:34] [4231/4876] 处理 920982 锦波生物...
[2026-06-28 19:39:34] [4232/4876] 处理 920809 安达科技...
[2026-06-28 19:39:35] [4233/4876] 处理 300996 普联软件...
[2026-06-28 19:39:35] [4234/4876] 处理 688566 吉贝尔...
[2026-06-28 19:39:36] [4235/4876] 处理 600192 长城电工...
[2026-06-28 19:39:36] [4236/4876] 处理 688698 伟创电气...
[2026-06-28 19:39:37] [4237/4876] 处理 001696 宗申动力...
[2026-06-28 19:39:37] [4238/4876] 处理 300736 百邦科技...
[2026-06-28 19:39:38] [4239/4876] 处理 920126 永大股份...
[2026-06-28 19:39:38] [4240/4876] 处理 300617 安靠智电...
[2026-06-28 19:39:39] [4241/4876] 处理 002368 太极股份...
[2026-06-28 19:39:39] [4242/4876] 处理 300578 会畅科技...
[2026-06-28 19:39:40] [4243/4876] 处理 688160 步科股份...
[2026-06-28 19:39:40] [4244/4876] 处理 300067 安诺其...
[2026-06-28 19:39:41] [4245/4876] 处理 688629 华丰科技...
[2026-06-28 19:39:41] [4246/4876] 处理 300522 世名科技...
[2026-06-28 19:39:42] [4247/4876] 处理 300853 申昊科技...
[2026-06-28 19:39:42] [4248/4876] 处理 688545 兴福电子...
[2026-06-28 19:39:43] [4249/4876] 处理 301002 崧盛股份...
[2026-06-28 19:39:43] [4250/4876] 处理 301389 隆扬电子...
[2026-06-28 19:39:44] [4251/4876] 处理 920249 利尔达...
[2026-06-28 19:39:44] [4252/4876] 处理 603186 华正新材...
[2026-06-28 19:39:45] [4253/4876] 处理 603663 三祥新材...
[2026-06-28 19:39:45] [4254/4876] 处理 000009 中国宝安...
[2026-06-28 19:39:46]   → 60日跌幅 -31.45%，符合条件！
[2026-06-28 19:39:46] [4255/4876] 处理 603090 宏盛股份...
[2026-06-28 19:39:46] [4256/4876] 处理 301227 森鹰窗业...
[2026-06-28 19:39:47] [4257/4876] 处理 301018 申菱环境...
[2026-06-28 19:39:47] [4258/4876] 处理 000712 锦龙股份...
[2026-06-28 19:39:48] [4259/4876] 处理 002229 鸿博股份...
[2026-06-28 19:39:48]   → 60日跌幅 -44.74%，符合条件！
[2026-06-28 19:39:48] [4260/4876] 处理 688711 宏微科技...
[2026-06-28 19:39:49] [4261/4876] 处理 688221 前沿生物-U...
[2026-06-28 19:39:49] [4262/4876] 处理 688038 中科通达...
[2026-06-28 19:39:50] [4263/4876] 处理 301226 祥明智能...
[2026-06-28 19:39:50]   → 60日跌幅 -32.10%，符合条件！
[2026-06-28 19:39:50] [4264/4876] 处理 300127 银河磁体...
[2026-06-28 19:39:51] [4265/4876] 处理 002747 埃斯顿...
[2026-06-28 19:39:51] [4266/4876] 处理 600226 亨通股份...
[2026-06-28 19:39:52] [4267/4876] 处理 688365 光云科技...
[2026-06-28 19:39:52] [4268/4876] 处理 688095 福昕软件...
[2026-06-28 19:39:53] [4269/4876] 处理 300153 科泰电源...
[2026-06-28 19:39:53] [4270/4876] 处理 603236 移远通信...
[2026-06-28 19:39:54] [4271/4876] 处理 300701 森霸传感...
[2026-06-28 19:39:54] [4272/4876] 处理 301085 亚康股份...
[2026-06-28 19:39:55] [4273/4876] 处理 601117 中国化学...
[2026-06-28 19:39:55] [4274/4876] 处理 002706 良信股份...
[2026-06-28 19:39:56] [4275/4876] 处理 605580 恒盛能源...
[2026-06-28 19:39:56] [4276/4876] 处理 300653 正海生物...
[2026-06-28 19:39:57] [4277/4876] 处理 300444 双杰电气...
[2026-06-28 19:39:57] [4278/4876] 处理 002961 瑞达期货...
[2026-06-28 19:39:58] [4279/4876] 处理 600390 XD五矿资...
[2026-06-28 19:39:58] [4280/4876] 处理 688691 灿芯股份...
[2026-06-28 19:39:58] [4281/4876] 处理 688778 XD厦钨新...
[2026-06-28 19:39:59] [4282/4876] 处理 300785 值得买...
[2026-06-28 19:39:59] [4283/4876] 处理 688108 赛诺医疗...
[2026-06-28 19:40:00] [4284/4876] 处理 002945 华林证券...
[2026-06-28 19:40:00] [4285/4876] 处理 601336 新华保险...
[2026-06-28 19:40:01] [4286/4876] 处理 000555 神州信息...
[2026-06-28 19:40:01]   → 60日跌幅 -32.39%，符合条件！
[2026-06-28 19:40:01] [4287/4876] 处理 002020 京新药业...
[2026-06-28 19:40:02] [4288/4876] 处理 002940 昂利康...
[2026-06-28 19:40:02] [4289/4876] 处理 002021 中捷资源...
[2026-06-28 19:40:03] [4290/4876] 处理 688388 嘉元科技...
[2026-06-28 19:40:03] [4291/4876] 处理 301220 亚香股份...
[2026-06-28 19:40:04] [4292/4876] 处理 300485 赛升药业...
[2026-06-28 19:40:04] [4293/4876] 处理 601696 中银证券...
[2026-06-28 19:40:04] [4294/4876] 处理 301193 家联科技...
[2026-06-28 19:40:05] [4295/4876] 处理 301202 朗威股份...
[2026-06-28 19:40:05] [4296/4876] 处理 603803 瑞斯康达...
[2026-06-28 19:40:06] [4297/4876] 处理 301252 同星科技...
[2026-06-28 19:40:06] [4298/4876] 处理 688662 富信科技...
[2026-06-28 19:40:07] [4299/4876] 处理 301285 鸿日达...
[2026-06-28 19:40:07] [4300/4876] 处理 002491 通鼎互联...
[2026-06-28 19:40:08] [4301/4876] 处理 300697 电工合金...
[2026-06-28 19:40:08] [4302/4876] 处理 002203 海亮股份...
[2026-06-28 19:40:09] [4303/4876] 处理 688228 开普云...
[2026-06-28 19:40:09] [4304/4876] 处理 002550 千红制药...
[2026-06-28 19:40:10] [4305/4876] 处理 300634 彩讯股份...
[2026-06-28 19:40:10] [4306/4876] 处理 600331 宏达股份...
[2026-06-28 19:40:11] [4307/4876] 处理 300565 科信技术...
[2026-06-28 19:40:11] [4308/4876] 处理 600702 舍得酒业...
[2026-06-28 19:40:11] [4309/4876] 处理 000889 中嘉博创...
[2026-06-28 19:40:12] [4310/4876] 处理 600480 凌云股份...
[2026-06-28 19:40:12] [4311/4876] 处理 688111 金山办公...
[2026-06-28 19:40:13] [4312/4876] 处理 002230 科大讯飞...
[2026-06-28 19:40:13] [4313/4876] 处理 300386 飞天诚信...
[2026-06-28 19:40:14] [4314/4876] 处理 300753 爱朋医疗...
[2026-06-28 19:40:14]   → 60日跌幅 -33.14%，符合条件！
[2026-06-28 19:40:14] [4315/4876] 处理 600410 华胜天成...
[2026-06-28 19:40:14]   → 60日跌幅 -38.10%，符合条件！
[2026-06-28 19:40:15] [4316/4876] 处理 600885 宏发股份...
[2026-06-28 19:40:15] [4317/4876] 处理 688411 海博思创...
[2026-06-28 19:40:16] [4318/4876] 处理 688716 中研股份...
[2026-06-28 19:40:16] [4319/4876] 处理 002340 格林美...
[2026-06-28 19:40:16] [4320/4876] 处理 301555 惠柏新材...
[2026-06-28 19:40:17] [4321/4876] 处理 001279 强邦新材...
[2026-06-28 19:40:17] [4322/4876] 处理 002044 美年健康...
[2026-06-28 19:40:18] [4323/4876] 处理 600488 津药药业...
[2026-06-28 19:40:18] [4324/4876] 处理 688485 九州一轨...
[2026-06-28 19:40:19] [4325/4876] 处理 301029 怡合达...
[2026-06-28 19:40:19] [4326/4876] 处理 301501 恒鑫生活...
[2026-06-28 19:40:19]   → 60日跌幅 -30.57%，符合条件！
[2026-06-28 19:40:20] [4327/4876] 处理 300035 中科电气...
[2026-06-28 19:40:20]   → 60日跌幅 -38.22%，符合条件！
[2026-06-28 19:40:20] [4328/4876] 处理 603308 应流股份...
[2026-06-28 19:40:21] [4329/4876] 处理 688171 纬德信息...
[2026-06-28 19:40:21] [4330/4876] 处理 688008 澜起科技...
[2026-06-28 19:40:22] [4331/4876] 处理 920719 宁新新材...
[2026-06-28 19:40:22] [4332/4876] 处理 002074 国轩高科...
[2026-06-28 19:40:23] [4333/4876] 处理 920096 嘉晨智能...
[2026-06-28 19:40:23] [4334/4876] 处理 000593 德龙汇能...
[2026-06-28 19:40:23] [4335/4876] 处理 603721 中广天择...
[2026-06-28 19:40:24] [4336/4876] 处理 920175 东方碳素...
[2026-06-28 19:40:24] [4337/4876] 处理 301238 瑞泰新材...
[2026-06-28 19:40:25] [4338/4876] 处理 688583 思看科技...
[2026-06-28 19:40:25] [4339/4876] 处理 300468 四方精创...
[2026-06-28 19:40:25]   → 60日跌幅 -31.58%，符合条件！
[2026-06-28 19:40:26] [4340/4876] 处理 688737 中自科技...
[2026-06-28 19:40:26] [4341/4876] 处理 000430 张家界...
[2026-06-28 19:40:27] [4342/4876] 处理 688590 新致软件...
[2026-06-28 19:40:27] [4343/4876] 处理 603538 美诺华...
[2026-06-28 19:40:28] [4344/4876] 处理 301525 儒竞科技...
[2026-06-28 19:40:28] [4345/4876] 处理 300377 赢时胜...
[2026-06-28 19:40:29] [4346/4876] 处理 920339 恒太照明...
[2026-06-28 19:40:29] [4347/4876] 处理 301581 黄山谷捷...
[2026-06-28 19:40:29] [4348/4876] 处理 001339 智微智能...
[2026-06-28 19:40:30] [4349/4876] 处理 301183 东田微...
[2026-06-28 19:40:30] [4350/4876] 处理 301325 曼恩斯特...
[2026-06-28 19:40:31] [4351/4876] 处理 300499 高澜股份...
[2026-06-28 19:40:31] [4352/4876] 处理 920178 锐翔智能...
[2026-06-28 19:40:32] [4353/4876] 处理 300882 万胜智能...
[2026-06-28 19:40:32] [4354/4876] 处理 601689 拓普集团...
[2026-06-28 19:40:33] [4355/4876] 处理 600711 盛屯矿业...
[2026-06-28 19:40:33] [4356/4876] 处理 600884 杉杉股份...
[2026-06-28 19:40:34] [4357/4876] 处理 300081 ST恒信...
[2026-06-28 19:40:34] [4358/4876] 处理 300400 劲拓股份...
[2026-06-28 19:40:35] [4359/4876] 处理 600470 六国化工...
[2026-06-28 19:40:35] [4360/4876] 处理 002584 西陇科学...
[2026-06-28 19:40:35] [4361/4876] 处理 000955 欣龙控股...
[2026-06-28 19:40:36] [4362/4876] 处理 301667 纳百川...
[2026-06-28 19:40:36] [4363/4876] 处理 300631 久吾高科...
[2026-06-28 19:40:37] [4364/4876] 处理 688435 英方软件...
[2026-06-28 19:40:37]   → 60日跌幅 -30.78%，符合条件！
[2026-06-28 19:40:37] [4365/4876] 处理 920128 胜业电气...
[2026-06-28 19:40:38] [4366/4876] 处理 002048 宁波华翔...
[2026-06-28 19:40:38] [4367/4876] 处理 002241 歌尔股份...
[2026-06-28 19:40:39] [4368/4876] 处理 300331 苏大维格...
[2026-06-28 19:40:39] [4369/4876] 处理 300399 天利科技...
[2026-06-28 19:40:40] [4370/4876] 处理 603778 国晟科技...
[2026-06-28 19:40:40]   → 60日跌幅 -51.26%，符合条件！
[2026-06-28 19:40:40] [4371/4876] 处理 001203 大中矿业...
[2026-06-28 19:40:41] [4372/4876] 处理 920010 凯添燃气...
[2026-06-28 19:40:41]   → 60日跌幅 -37.49%，符合条件！
[2026-06-28 19:40:41] [4373/4876] 处理 003031 中瓷电子...
[2026-06-28 19:40:42] [4374/4876] 处理 002670 国盛证券...
[2026-06-28 19:40:42] [4375/4876] 处理 603045 福达合金...
[2026-06-28 19:40:42] [4376/4876] 处理 301293 三博脑科...
[2026-06-28 19:40:43] [4377/4876] 处理 000586 汇源通信...
[2026-06-28 19:40:43] [4378/4876] 处理 600531 豫光金铅...
[2026-06-28 19:40:44] [4379/4876] 处理 300825 阿尔特...
[2026-06-28 19:40:44] [4380/4876] 处理 300221 银禧科技...
[2026-06-28 19:40:45] [4381/4876] 处理 688615 合合信息...
[2026-06-28 19:40:45] [4382/4876] 处理 301687 新广益...
[2026-06-28 19:40:46] [4383/4876] 处理 301669 高特电子...
[2026-06-28 19:40:46] [4384/4876] 处理 300487 蓝晓科技...
[2026-06-28 19:40:47] [4385/4876] 处理 300558 贝达药业...
[2026-06-28 19:40:47] [4386/4876] 处理 600171 上海贝岭...
[2026-06-28 19:40:48] [4387/4876] 处理 000546 金圆股份...
[2026-06-28 19:40:48] [4388/4876] 处理 301291 明阳电气...
[2026-06-28 19:40:48]   → 60日跌幅 -32.81%，符合条件！
[2026-06-28 19:40:48] [4389/4876] 处理 000426 兴业银锡...
[2026-06-28 19:40:49] [4390/4876] 处理 688661 和林微纳...
[2026-06-28 19:40:49] [4391/4876] 处理 301246 宏源药业...
[2026-06-28 19:40:50] [4392/4876] 处理 688676 金盘科技...
[2026-06-28 19:40:50] [4393/4876] 处理 688668 鼎通科技...
[2026-06-28 19:40:51] [4394/4876] 处理 603228 景旺电子...
[2026-06-28 19:40:51] [4395/4876] 处理 300606 金太阳...
[2026-06-28 19:40:52] [4396/4876] 处理 600363 联创光电...
[2026-06-28 19:40:52]   → 60日跌幅 -41.15%，符合条件！
[2026-06-28 19:40:52] [4397/4876] 处理 300792 壹网壹创...
[2026-06-28 19:40:53] [4398/4876] 处理 600392 盛和资源...
[2026-06-28 19:40:53] [4399/4876] 处理 300056 中创环保...
[2026-06-28 19:40:54] [4400/4876] 处理 603200 上海洗霸...
[2026-06-28 19:40:54]   → 60日跌幅 -31.42%，符合条件！
[2026-06-28 19:40:54] [4401/4876] 处理 002518 科士达...
[2026-06-28 19:40:55] [4402/4876] 处理 301512 智信精密...
[2026-06-28 19:40:55] [4403/4876] 处理 603286 日盈电子...
[2026-06-28 19:40:55] [4404/4876] 处理 920060 万源通...
[2026-06-28 19:40:56] [4405/4876] 处理 603880 南卫股份...
[2026-06-28 19:40:56] [4406/4876] 处理 002851 麦格米特...
[2026-06-28 19:40:57] [4407/4876] 处理 920357 雅葆轩...
[2026-06-28 19:40:57] [4408/4876] 处理 688517 金冠电气...
[2026-06-28 19:40:58] [4409/4876] 处理 300004 南风股份...
[2026-06-28 19:40:58] [4410/4876] 处理 002756 永兴材料...
[2026-06-28 19:40:59] [4411/4876] 处理 300740 水羊股份...
[2026-06-28 19:40:59] [4412/4876] 处理 002728 特一药业...
[2026-06-28 19:41:00] [4413/4876] 处理 300931 通用电梯...
[2026-06-28 19:41:00] [4414/4876] 处理 605168 三人行...
[2026-06-28 19:41:01] [4415/4876] 处理 000973 佛塑科技...
[2026-06-28 19:41:01] [4416/4876] 处理 688192 迪哲医药-U...
[2026-06-28 19:41:01]   → 60日跌幅 -34.37%，符合条件！
[2026-06-28 19:41:02] [4417/4876] 处理 300033 同花顺...
[2026-06-28 19:41:02] [4418/4876] 处理 000880 潍柴重机...
[2026-06-28 19:41:03] [4419/4876] 处理 688179 阿拉丁...
[2026-06-28 19:41:03] [4420/4876] 处理 002931 锋龙股份...
[2026-06-28 19:41:04] [4421/4876] 处理 301141 中科磁业...
[2026-06-28 19:41:04] [4422/4876] 处理 603633 徕木股份...
[2026-06-28 19:41:04] [4423/4876] 处理 002956 西麦食品...
[2026-06-28 19:41:05] [4424/4876] 处理 002251 步步高...
[2026-06-28 19:41:05] [4425/4876] 处理 603306 华懋科技...
[2026-06-28 19:41:06] [4426/4876] 处理 300903 科翔股份...
[2026-06-28 19:41:06] [4427/4876] 处理 301012 扬电科技...
[2026-06-28 19:41:07] [4428/4876] 处理 301234 五洲医疗...
[2026-06-28 19:41:07] [4429/4876] 处理 688598 金博股份...
[2026-06-28 19:41:08] [4430/4876] 处理 603950 长源东谷...
[2026-06-28 19:41:08] [4431/4876] 处理 300409 道氏技术...
[2026-06-28 19:41:09] [4432/4876] 处理 002632 道明光学...
[2026-06-28 19:41:09] [4433/4876] 处理 603716 塞力医疗...
[2026-06-28 19:41:09]   → 60日跌幅 -36.75%，符合条件！
[2026-06-28 19:41:10] [4434/4876] 处理 603353 和顺石油...
[2026-06-28 19:41:10] [4435/4876] 处理 000099 中信海直...
[2026-06-28 19:41:11] [4436/4876] 处理 688063 派能科技...
[2026-06-28 19:41:11]   → 60日跌幅 -33.30%，符合条件！
[2026-06-28 19:41:11] [4437/4876] 处理 000670 盈方微...
[2026-06-28 19:41:12] [4438/4876] 处理 000917 电广传媒...
[2026-06-28 19:41:12] [4439/4876] 处理 603267 鸿远电子...
[2026-06-28 19:41:12] [4440/4876] 处理 600095 湘财股份...
[2026-06-28 19:41:13] [4441/4876] 处理 301092 争光股份...
[2026-06-28 19:41:13] [4442/4876] 处理 688301 奕瑞科技...
[2026-06-28 19:41:14] [4443/4876] 处理 688316 青云科技-U...
[2026-06-28 19:41:14] [4444/4876] 处理 301195 北路智控...
[2026-06-28 19:41:15] [4445/4876] 处理 300895 铜牛信息...
[2026-06-28 19:41:15] [4446/4876] 处理 300916 朗特智能...
[2026-06-28 19:41:16] [4447/4876] 处理 300042 朗科科技...
[2026-06-28 19:41:16] [4448/4876] 处理 600775 南京熊猫...
[2026-06-28 19:41:16]   → 60日跌幅 -30.89%，符合条件！
[2026-06-28 19:41:17] [4449/4876] 处理 600362 江西铜业...
[2026-06-28 19:41:17] [4450/4876] 处理 301596 瑞迪智驱...
[2026-06-28 19:41:18] [4451/4876] 处理 920807 奔朗新材...
[2026-06-28 19:41:18] [4452/4876] 处理 002759 天际股份...
[2026-06-28 19:41:18]   → 60日跌幅 -33.42%，符合条件！
[2026-06-28 19:41:19] [4453/4876] 处理 603383 顶点软件...
[2026-06-28 19:41:19] [4454/4876] 处理 002297 博云新材...
[2026-06-28 19:41:20] [4455/4876] 处理 300149 睿智医药...
[2026-06-28 19:41:20] [4456/4876] 处理 605378 野马电池...
[2026-06-28 19:41:20] [4457/4876] 处理 600418 江淮汽车...
[2026-06-28 19:41:21]   → 60日跌幅 -41.23%，符合条件！
[2026-06-28 19:41:21] [4458/4876] 处理 300016 北陆药业...
[2026-06-28 19:41:21] [4459/4876] 处理 000571 新大洲A...
[2026-06-28 19:41:22] [4460/4876] 处理 300557 理工光科...
[2026-06-28 19:41:22] [4461/4876] 处理 920252 天宏锂电...
[2026-06-28 19:41:23]   → 60日跌幅 -33.81%，符合条件！
[2026-06-28 19:41:23] [4462/4876] 处理 688031 星环科技-U...
[2026-06-28 19:41:23] [4463/4876] 处理 603882 金域医学...
[2026-06-28 19:41:24] [4464/4876] 处理 000758 中色股份...
[2026-06-28 19:41:24] [4465/4876] 处理 688779 五矿新能...
[2026-06-28 19:41:25] [4466/4876] 处理 301189 奥尼电子...
[2026-06-28 19:41:25] [4467/4876] 处理 300085 银之杰...
[2026-06-28 19:41:26] [4468/4876] 处理 300571 平治信息...
[2026-06-28 19:41:26] [4469/4876] 处理 603660 苏州科达...
[2026-06-28 19:41:27] [4470/4876] 处理 000049 德赛电池...
[2026-06-28 19:41:27] [4471/4876] 处理 688258 卓易信息...
[2026-06-28 19:41:28] [4472/4876] 处理 002520 日发精机...
[2026-06-28 19:41:28] [4473/4876] 处理 002416 爱施德...
[2026-06-28 19:41:28] [4474/4876] 处理 300723 一品红...
[2026-06-28 19:41:29] [4475/4876] 处理 603799 华友钴业...
[2026-06-28 19:41:29] [4476/4876] 处理 301603 乔锋智能...
[2026-06-28 19:41:30] [4477/4876] 处理 000987 越秀资本...
[2026-06-28 19:41:30] [4478/4876] 处理 688307 中润光学...
[2026-06-28 19:41:31] [4479/4876] 处理 000042 中洲控股...
[2026-06-28 19:41:31] [4480/4876] 处理 688336 三生国健...
[2026-06-28 19:41:32] [4481/4876] 处理 002462 嘉事堂...
[2026-06-28 19:41:32] [4482/4876] 处理 688358 祥生医疗...
[2026-06-28 19:41:33] [4483/4876] 处理 000977 浪潮信息...
[2026-06-28 19:41:33] [4484/4876] 处理 300548 长芯博创...
[2026-06-28 19:41:34] [4485/4876] 处理 688781 视涯科技-UW...
[2026-06-28 19:41:34] [4486/4876] 处理 688159 有方科技...
[2026-06-28 19:41:35] [4487/4876] 处理 688062 迈威生物-U...
[2026-06-28 19:41:35] [4488/4876] 处理 688116 天奈科技...
[2026-06-28 19:41:35] [4489/4876] 处理 301075 多瑞医药...
[2026-06-28 19:41:36] [4490/4876] 处理 002973 侨银股份...
[2026-06-28 19:41:36] [4491/4876] 处理 300872 天阳科技...
[2026-06-28 19:41:37] [4492/4876] 处理 000630 铜陵有色...
[2026-06-28 19:41:37] [4493/4876] 处理 300014 亿纬锂能...
[2026-06-28 19:41:38] [4494/4876] 处理 301606 绿联科技...
[2026-06-28 19:41:38] [4495/4876] 处理 300568 星源材质...
[2026-06-28 19:41:39] [4496/4876] 处理 001216 华瓷股份...
[2026-06-28 19:41:39] [4497/4876] 处理 688057 金达莱...
[2026-06-28 19:41:40] [4498/4876] 处理 002161 远 望 谷...
[2026-06-28 19:41:40] [4499/4876] 处理 300246 宝莱特...
[2026-06-28 19:41:41] [4500/4876] 处理 002647 仁东控股...
[2026-06-28 19:41:41] [4501/4876] 处理 601515 衢州东峰...
[2026-06-28 19:41:42] [4502/4876] 处理 300738 奥飞数据...
[2026-06-28 19:41:42] [4503/4876] 处理 601777 千里科技...
[2026-06-28 19:41:42] [4504/4876] 处理 301356 天振股份...
[2026-06-28 19:41:43] [4505/4876] 处理 600589 大位科技...
[2026-06-28 19:41:43] [4506/4876] 处理 301060 兰卫医学...
[2026-06-28 19:41:44] [4507/4876] 处理 688251 井松智能...
[2026-06-28 19:41:44]   → 60日跌幅 -32.68%，符合条件！
[2026-06-28 19:41:44] [4508/4876] 处理 300283 温州宏丰...
[2026-06-28 19:41:45] [4509/4876] 处理 603881 数据港...
[2026-06-28 19:41:45] [4510/4876] 处理 301259 艾布鲁...
[2026-06-28 19:41:46] [4511/4876] 处理 300442 润泽科技...
[2026-06-28 19:41:46] [4512/4876] 处理 003021 兆威机电...
[2026-06-28 19:41:47] [4513/4876] 处理 603318 水发燃气...
[2026-06-28 19:41:47] [4514/4876] 处理 002882 金龙羽...
[2026-06-28 19:41:47]   → 60日跌幅 -33.36%，符合条件！
[2026-06-28 19:41:48] [4515/4876] 处理 301148 嘉戎技术...
[2026-06-28 19:41:48] [4516/4876] 处理 688167 炬光科技...
[2026-06-28 19:41:49] [4517/4876] 处理 300846 首都在线...
[2026-06-28 19:41:49] [4518/4876] 处理 002892 科力尔...
[2026-06-28 19:41:50] [4519/4876] 处理 301177 迪阿股份...
[2026-06-28 19:41:50] [4520/4876] 处理 300657 弘信电子...
[2026-06-28 19:41:51] [4521/4876] 处理 603220 中贝通信...
[2026-06-28 19:41:51] [4522/4876] 处理 002085 万丰奥威...
[2026-06-28 19:41:52] [4523/4876] 处理 300394 天孚通信...
[2026-06-28 19:41:52] [4524/4876] 处理 300364 中文在线...
[2026-06-28 19:41:53] [4525/4876] 处理 688097 博众精工...
[2026-06-28 19:41:53] [4526/4876] 处理 920092 汉鑫科技...
[2026-06-28 19:41:54] [4527/4876] 处理 002346 柘中股份...
[2026-06-28 19:41:54] [4528/4876] 处理 605198 安德利...
[2026-06-28 19:41:55] [4529/4876] 处理 300343 联创股份...
[2026-06-28 19:41:55] [4530/4876] 处理 600570 恒生电子...
[2026-06-28 19:41:56] [4531/4876] 处理 603177 德创环保...
[2026-06-28 19:41:56] [4532/4876] 处理 688787 海天瑞声...
[2026-06-28 19:41:57] [4533/4876] 处理 300207 欣旺达...
[2026-06-28 19:41:57]   → 60日跌幅 -30.93%，符合条件！
[2026-06-28 19:41:57] [4534/4876] 处理 603948 建业股份...
[2026-06-28 19:41:57] [4535/4876] 处理 600683 京投发展...
[2026-06-28 19:41:58] [4536/4876] 处理 300976 达瑞电子...
[2026-06-28 19:41:58] [4537/4876] 处理 301217 铜冠铜箔...
[2026-06-28 19:41:59] [4538/4876] 处理 301041 金百泽...
[2026-06-28 19:41:59] [4539/4876] 处理 603496 恒为科技...
[2026-06-28 19:42:00] [4540/4876] 处理 603320 迪贝电气...
[2026-06-28 19:42:00] [4541/4876] 处理 300450 先导智能...
[2026-06-28 19:42:01] [4542/4876] 处理 603912 佳力图...
[2026-06-28 19:42:01] [4543/4876] 处理 002196 方正电机...
[2026-06-28 19:42:02] [4544/4876] 处理 002028 思源电气...
[2026-06-28 19:42:02] [4545/4876] 处理 300635 中达安...
[2026-06-28 19:42:03] [4546/4876] 处理 301288 清研环境...
[2026-06-28 19:42:03] [4547/4876] 处理 300803 指南针...
[2026-06-28 19:42:04] [4548/4876] 处理 300082 奥克股份...
[2026-06-28 19:42:04] [4549/4876] 处理 600665 天地源...
[2026-06-28 19:42:05] [4550/4876] 处理 300807 天迈科技...
[2026-06-28 19:42:05] [4551/4876] 处理 688006 杭可科技...
[2026-06-28 19:42:06] [4552/4876] 处理 000762 西藏矿业...
[2026-06-28 19:42:06] [4553/4876] 处理 300748 金力永磁...
[2026-06-28 19:42:06] [4554/4876] 处理 600773 西藏城投...
[2026-06-28 19:42:07]   → 60日跌幅 -34.30%，符合条件！
[2026-06-28 19:42:07] [4555/4876] 处理 600666 奥瑞德...
[2026-06-28 19:42:07]   → 60日跌幅 -33.33%，符合条件！
[2026-06-28 19:42:07] [4556/4876] 处理 600458 时代新材...
[2026-06-28 19:42:08] [4557/4876] 处理 603232 格尔软件...
[2026-06-28 19:42:08] [4558/4876] 处理 920914 远航精密...
[2026-06-28 19:42:09] [4559/4876] 处理 300454 深信服...
[2026-06-28 19:42:09] [4560/4876] 处理 002145 钛能化学...
[2026-06-28 19:42:10] [4561/4876] 处理 300802 矩子科技...
[2026-06-28 19:42:10] [4562/4876] 处理 688353 华盛锂电...
[2026-06-28 19:42:10] [4563/4876] 处理 300756 金马游乐...
[2026-06-28 19:42:11] [4564/4876] 处理 600499 科达制造...
[2026-06-28 19:42:11] [4565/4876] 处理 001283 豪鹏科技...
[2026-06-28 19:42:12] [4566/4876] 处理 000063 中兴通讯...
[2026-06-28 19:42:12] [4567/4876] 处理 688549 中巨芯-U...
[2026-06-28 19:42:13] [4568/4876] 处理 688679 通源环境...
[2026-06-28 19:42:13] [4569/4876] 处理 002875 安奈儿...
[2026-06-28 19:42:14] [4570/4876] 处理 600869 远东股份...
[2026-06-28 19:42:14] [4571/4876] 处理 300905 宝丽迪...
[2026-06-28 19:42:15] [4572/4876] 处理 002130 沃尔核材...
[2026-06-28 19:42:15] [4573/4876] 处理 300017 网宿科技...
[2026-06-28 19:42:15] [4574/4876] 处理 002301 齐心集团...
[2026-06-28 19:42:16] [4575/4876] 处理 603328 XD依顿电...
[2026-06-28 19:42:16] [4576/4876] 处理 002536 飞龙股份...
[2026-06-28 19:42:17] [4577/4876] 处理 000988 华工科技...
[2026-06-28 19:42:17] [4578/4876] 处理 002460 赣锋锂业...
[2026-06-28 19:42:18] [4579/4876] 处理 300502 新易盛...
[2026-06-28 19:42:18] [4580/4876] 处理 301191 菲菱科思...
[2026-06-28 19:42:19] [4581/4876] 处理 001236 弘业期货...
[2026-06-28 19:42:19] [4582/4876] 处理 000908 景峰医药...
[2026-06-28 19:42:20]   → 60日跌幅 -33.08%，符合条件！
[2026-06-28 19:42:20] [4583/4876] 处理 001393 维通利...
[2026-06-28 19:42:20] [4584/4876] 处理 002213 大为股份...
[2026-06-28 19:42:21] [4585/4876] 处理 301081 严牌股份...
[2026-06-28 19:42:21] [4586/4876] 处理 600699 均胜电子...
[2026-06-28 19:42:22] [4587/4876] 处理 300353 东土科技...
[2026-06-28 19:42:22] [4588/4876] 处理 301566 达利凯普...
[2026-06-28 19:42:23] [4589/4876] 处理 688733 壹石通...
[2026-06-28 19:42:23] [4590/4876] 处理 300465 高伟达...
[2026-06-28 19:42:24] [4591/4876] 处理 000691 亚太实业...
[2026-06-28 19:42:24] [4592/4876] 处理 300438 鹏辉能源...
[2026-06-28 19:42:25] [4593/4876] 处理 688382 益方生物-U...
[2026-06-28 19:42:25] [4594/4876] 处理 002428 云南锗业...
[2026-06-28 19:42:26] [4595/4876] 处理 688343 云天励飞-U...
[2026-06-28 19:42:26] [4596/4876] 处理 001230 劲旅环境...
[2026-06-28 19:42:27] [4597/4876] 处理 300170 汉得信息...
[2026-06-28 19:42:27] [4598/4876] 处理 000795 英洛华...
[2026-06-28 19:42:28] [4599/4876] 处理 300773 拉卡拉...
[2026-06-28 19:42:28] [4600/4876] 处理 002432 九安医疗...
[2026-06-28 19:42:29] [4601/4876] 处理 300553 集智股份...
[2026-06-28 19:42:30] [4602/4876] 处理 301219 腾远钴业...
[2026-06-28 19:42:30] [4603/4876] 处理 301069 凯盛新材...
[2026-06-28 19:42:31] [4604/4876] 处理 301168 通灵股份...
[2026-06-28 19:42:31] [4605/4876] 处理 300179 四方达...
[2026-06-28 19:42:32] [4606/4876] 处理 600602 云赛智联...
[2026-06-28 19:42:32]   → 60日跌幅 -32.49%，符合条件！
[2026-06-28 19:42:32] [4607/4876] 处理 002108 沧州明珠...
[2026-06-28 19:42:33] [4608/4876] 处理 300870 欧陆通...
[2026-06-28 19:42:33] [4609/4876] 处理 603026 石大胜华...
[2026-06-28 19:42:34] [4610/4876] 处理 002738 中矿资源...
[2026-06-28 19:42:34] [4611/4876] 处理 300520 科大国创...
[2026-06-28 19:42:35] [4612/4876] 处理 300001 特锐德...
[2026-06-28 19:42:35] [4613/4876] 处理 001365 天海电子...
[2026-06-28 19:42:36] [4614/4876] 处理 002975 博杰股份...
[2026-06-28 19:42:36] [4615/4876] 处理 601179 中国西电...
[2026-06-28 19:42:37] [4616/4876] 处理 300018 中元股份...
[2026-06-28 19:42:37] [4617/4876] 处理 920493 并行科技...
[2026-06-28 19:42:38] [4618/4876] 处理 603659 璞泰来...
[2026-06-28 19:42:38] [4619/4876] 处理 001296 长江材料...
[2026-06-28 19:42:39] [4620/4876] 处理 688227 品高股份...
[2026-06-28 19:42:39] [4621/4876] 处理 605133 嵘泰股份...
[2026-06-28 19:42:40] [4622/4876] 处理 603706 东方环宇...
[2026-06-28 19:42:40] [4623/4876] 处理 000759 中百集团...
[2026-06-28 19:42:41] [4624/4876] 处理 300066 三川智慧...
[2026-06-28 19:42:41] [4625/4876] 处理 300880 迦南智能...
[2026-06-28 19:42:42] [4626/4876] 处理 300951 博硕科技...
[2026-06-28 19:42:42] [4627/4876] 处理 300037 新宙邦...
[2026-06-28 19:42:43] [4628/4876] 处理 002510 天汽模...
[2026-06-28 19:42:43] [4629/4876] 处理 300204 舒泰神...
[2026-06-28 19:42:43]   → 60日跌幅 -32.57%，符合条件！
[2026-06-28 19:42:44] [4630/4876] 处理 600482 中国动力...
[2026-06-28 19:42:44] [4631/4876] 处理 002869 金溢科技...
[2026-06-28 19:42:44]   → 60日跌幅 -35.37%，符合条件！
[2026-06-28 19:42:45] [4632/4876] 处理 688158 优刻得-W...
[2026-06-28 19:42:45] [4633/4876] 处理 300755 华致酒行...
[2026-06-28 19:42:46] [4634/4876] 处理 920218 新天力...
[2026-06-28 19:42:46] [4635/4876] 处理 920206 彩客科技...
[2026-06-28 19:42:47] [4636/4876] 处理 688553 汇宇制药-W...
[2026-06-28 19:42:47] [4637/4876] 处理 603876 鼎胜新材...
[2026-06-28 19:42:48] [4638/4876] 处理 600605 汇通能源...
[2026-06-28 19:42:48] [4639/4876] 处理 300174 元力股份...
[2026-06-28 19:42:48] [4640/4876] 处理 301316 慧博云通...
[2026-06-28 19:42:49] [4641/4876] 处理 301053 远信工业...
[2026-06-28 19:42:49] [4642/4876] 处理 002824 和胜股份...
[2026-06-28 19:42:50] [4643/4876] 处理 300302 同有科技...
[2026-06-28 19:42:50] [4644/4876] 处理 603042 华脉科技...
[2026-06-28 19:42:51] [4645/4876] 处理 688408 中信博...
[2026-06-28 19:42:51] [4646/4876] 处理 000422 湖北宜化...
[2026-06-28 19:42:52] [4647/4876] 处理 002897 意华股份...
[2026-06-28 19:42:52] [4648/4876] 处理 301172 君逸数码...
[2026-06-28 19:42:53] [4649/4876] 处理 688367 工大高科...
[2026-06-28 19:42:53] [4650/4876] 处理 688178 万德斯...
[2026-06-28 19:42:54] [4651/4876] 处理 603067 振华股份...
[2026-06-28 19:42:54] [4652/4876] 处理 002176 江特电机...
[2026-06-28 19:42:55] [4653/4876] 处理 301377 鼎泰高科...
[2026-06-28 19:42:55] [4654/4876] 处理 920211 新睿电子...
[2026-06-28 19:42:55] [4655/4876] 处理 000815 美利云...
[2026-06-28 19:42:56] [4656/4876] 处理 603052 可川科技...
[2026-06-28 19:42:56] [4657/4876] 处理 002645 华宏科技...
[2026-06-28 19:42:57] [4658/4876] 处理 301358 湖南裕能...
[2026-06-28 19:42:57] [4659/4876] 处理 002812 恩捷股份...
[2026-06-28 19:42:58] [4660/4876] 处理 601011 宝泰隆...
[2026-06-28 19:42:58] [4661/4876] 处理 688268 华特气体...
[2026-06-28 19:42:59] [4662/4876] 处理 301680 固德电材...
[2026-06-28 19:42:59] [4663/4876] 处理 002156 通富微电...
[2026-06-28 19:43:00] [4664/4876] 处理 300383 光环新网...
[2026-06-28 19:43:00]   → 60日跌幅 -31.15%，符合条件！
[2026-06-28 19:43:00] [4665/4876] 处理 600330 天通股份...
[2026-06-28 19:43:00] [4666/4876] 处理 600960 渤海汽车...
[2026-06-28 19:43:01] [4667/4876] 处理 688511 天微电子...
[2026-06-28 19:43:01] [4668/4876] 处理 301123 奕东电子...
[2026-06-28 19:43:02] [4669/4876] 处理 300328 宜安科技...
[2026-06-28 19:43:02] [4670/4876] 处理 688610 埃科光电...
[2026-06-28 19:43:03] [4671/4876] 处理 300593 新雷能...
[2026-06-28 19:43:03] [4672/4876] 处理 600446 金证股份...
[2026-06-28 19:43:04] [4673/4876] 处理 002281 光迅科技...
[2026-06-28 19:43:04] [4674/4876] 处理 688195 腾景科技...
[2026-06-28 19:43:05] [4675/4876] 处理 300626 华瑞股份...
[2026-06-28 19:43:05] [4676/4876] 处理 002950 奥美医疗...
[2026-06-28 19:43:06] [4677/4876] 处理 301121 紫建电子...
[2026-06-28 19:43:06] [4678/4876] 处理 300747 锐科激光...
[2026-06-28 19:43:07] [4679/4876] 处理 002173 创新医疗...
[2026-06-28 19:43:07]   → 60日跌幅 -36.78%，符合条件！
[2026-06-28 19:43:07] [4680/4876] 处理 300563 神宇股份...
[2026-06-28 19:43:07] [4681/4876] 处理 002970 锐明技术...
[2026-06-28 19:43:08] [4682/4876] 处理 002552 宝鼎科技...
[2026-06-28 19:43:08] [4683/4876] 处理 300978 东箭科技...
[2026-06-28 19:43:09] [4684/4876] 处理 603322 超讯科技...
[2026-06-28 19:43:09] [4685/4876] 处理 300497 富祥股份...
[2026-06-28 19:43:10] [4686/4876] 处理 300130 新国都...
[2026-06-28 19:43:10] [4687/4876] 处理 000756 新华制药...
[2026-06-28 19:43:11] [4688/4876] 处理 600601 方正科技...
[2026-06-28 19:43:11] [4689/4876] 处理 600846 同济科技...
[2026-06-28 19:43:12] [4690/4876] 处理 301580 爱迪特...
[2026-06-28 19:43:12] [4691/4876] 处理 002600 领益智造...
[2026-06-28 19:43:12] [4692/4876] 处理 002446 盛路通信...
[2026-06-28 19:43:13] [4693/4876] 处理 301017 漱玉平民...
[2026-06-28 19:43:13] [4694/4876] 处理 002222 福晶科技...
[2026-06-28 19:43:14] [4695/4876] 处理 301152 天力锂能...
[2026-06-28 19:43:14] [4696/4876] 处理 688323 瑞华泰...
[2026-06-28 19:43:15] [4697/4876] 处理 300531 优博讯...
[2026-06-28 19:43:15] [4698/4876] 处理 688039 当虹科技...
[2026-06-28 19:43:16] [4699/4876] 处理 600186 莲花控股...
[2026-06-28 19:43:16] [4700/4876] 处理 300620 光库科技...
[2026-06-28 19:43:17] [4701/4876] 处理 920790 联迪信息...
[2026-06-28 19:43:17] [4702/4876] 处理 300562 乐心医疗...
[2026-06-28 19:43:17] [4703/4876] 处理 603285 键邦股份...
[2026-06-28 19:43:18] [4704/4876] 处理 600026 中远海能...
[2026-06-28 19:43:18] [4705/4876] 处理 300518 新迅达...
[2026-06-28 19:43:19] [4706/4876] 处理 300073 当升科技...
[2026-06-28 19:43:19] [4707/4876] 处理 603906 龙蟠科技...
[2026-06-28 19:43:19] [4708/4876] 处理 000603 盛达资源...
[2026-06-28 19:43:19]   → 60日跌幅 -45.27%，符合条件！
[2026-06-28 19:43:20] [4709/4876] 处理 001288 运机集团...
[2026-06-28 19:43:20] [4710/4876] 处理 002081 金 螳 螂...
[2026-06-28 19:43:21] [4711/4876] 处理 002125 湘潭电化...
[2026-06-28 19:43:21] [4712/4876] 处理 002585 双星新材...
[2026-06-28 19:43:21] [4713/4876] 处理 000065 北方国际...
[2026-06-28 19:43:22] [4714/4876] 处理 301118 恒光股份...
[2026-06-28 19:43:22] [4715/4876] 处理 603435 嘉德利...
[2026-06-28 19:43:23] [4716/4876] 处理 300227 光韵达...
[2026-06-28 19:43:23] [4717/4876] 处理 605369 拱东医疗...
[2026-06-28 19:43:24] [4718/4876] 处理 002613 北玻股份...
[2026-06-28 19:43:24] [4719/4876] 处理 002866 传艺科技...
[2026-06-28 19:43:24] [4720/4876] 处理 601519 大智慧...
[2026-06-28 19:43:25] [4721/4876] 处理 000997 新 大 陆...
[2026-06-28 19:43:25] [4722/4876] 处理 601975 招商南油...
[2026-06-28 19:43:26] [4723/4876] 处理 605589 圣泉集团...
[2026-06-28 19:43:26] [4724/4876] 处理 301205 联特科技...
[2026-06-28 19:43:26] [4725/4876] 处理 300584 海辰药业...
[2026-06-28 19:43:27] [4726/4876] 处理 920035 精创电气...
[2026-06-28 19:43:27] [4727/4876] 处理 688148 芳源股份...
[2026-06-28 19:43:28] [4728/4876] 处理 002475 立讯精密...
[2026-06-28 19:43:28] [4729/4876] 处理 603206 嘉环科技...
[2026-06-28 19:43:29] [4730/4876] 处理 603863 松炀资源...
[2026-06-28 19:43:29] [4731/4876] 处理 300919 中伟新材...
[2026-06-28 19:43:30] [4732/4876] 处理 600255 鑫科材料...
[2026-06-28 19:43:30] [4733/4876] 处理 002534 西子洁能...
[2026-06-28 19:43:31] [4734/4876] 处理 688226 威腾电气...
[2026-06-28 19:43:31] [4735/4876] 处理 920161 龙辰科技...
[2026-06-28 19:43:31] [4736/4876] 处理 300476 胜宏科技...
[2026-06-28 19:43:32] [4737/4876] 处理 688198 佰仁医疗...
[2026-06-28 19:43:32] [4738/4876] 处理 002989 中天精装...
[2026-06-28 19:43:33] [4739/4876] 处理 601138 工业富联...
[2026-06-28 19:43:33] [4740/4876] 处理 300333 兆日科技...
[2026-06-28 19:43:34] [4741/4876] 处理 920571 国航远洋...
[2026-06-28 19:43:34] [4742/4876] 处理 301682 宏明电子...
[2026-06-28 19:43:35] [4743/4876] 处理 300913 兆龙互连...
[2026-06-28 19:43:35] [4744/4876] 处理 688275 万润新能...
[2026-06-28 19:43:36] [4745/4876] 处理 002466 天齐锂业...
[2026-06-28 19:43:36] [4746/4876] 处理 301179 泽宇智能...
[2026-06-28 19:43:36] [4747/4876] 处理 002440 闰土股份...
[2026-06-28 19:43:37] [4748/4876] 处理 600172 黄河旋风...
[2026-06-28 19:43:37] [4749/4876] 处理 603727 博迈科...
[2026-06-28 19:43:38] [4750/4876] 处理 688655 迅捷兴...
[2026-06-28 19:43:38] [4751/4876] 处理 600338 西藏珠峰...
[2026-06-28 19:43:39] [4752/4876] 处理 600378 昊华科技...
[2026-06-28 19:43:39] [4753/4876] 处理 002240 盛新锂能...
[2026-06-28 19:43:40] [4754/4876] 处理 301107 瑜欣电子...
[2026-06-28 19:43:40] [4755/4876] 处理 605255 天普股份...
[2026-06-28 19:43:41] [4756/4876] 处理 601231 环旭电子...
[2026-06-28 19:43:41] [4757/4876] 处理 002805 丰元股份...
[2026-06-28 19:43:42] [4758/4876] 处理 603527 众源新材...
[2026-06-28 19:43:42] [4759/4876] 处理 688712 北芯生命...
[2026-06-28 19:43:42] [4760/4876] 处理 688501 青达环保...
[2026-06-28 19:43:43] [4761/4876] 处理 920706 铁拓机械...
[2026-06-28 19:43:43] [4762/4876] 处理 301487 盟固利...
[2026-06-28 19:43:44] [4763/4876] 处理 300255 常山药业...
[2026-06-28 19:43:44]   → 60日跌幅 -40.04%，符合条件！
[2026-06-28 19:43:44] [4764/4876] 处理 301196 唯科科技...
[2026-06-28 19:43:45] [4765/4876] 处理 301209 联合化学...
[2026-06-28 19:43:45] [4766/4876] 处理 603618 杭电股份...
[2026-06-28 19:43:46] [4767/4876] 处理 300757 罗博特科...
[2026-06-28 19:43:46] [4768/4876] 处理 002245 蔚蓝锂芯...
[2026-06-28 19:43:47] [4769/4876] 处理 600903 贵州燃气...
[2026-06-28 19:43:47] [4770/4876] 处理 601126 四方股份...
[2026-06-28 19:43:48] [4771/4876] 处理 300390 天华新能...
[2026-06-28 19:43:48] [4772/4876] 处理 301338 凯格精机...
[2026-06-28 19:43:49] [4773/4876] 处理 688318 财富趋势...
[2026-06-28 19:43:49] [4774/4876] 处理 603093 南华期货...
[2026-06-28 19:43:49] [4775/4876] 处理 000066 中国长城...
[2026-06-28 19:43:50] [4776/4876] 处理 920125 鸿仕达...
[2026-06-28 19:43:50] [4777/4876] 处理 300782 卓胜微...
[2026-06-28 19:43:51] [4778/4876] 处理 688800 瑞可达...
[2026-06-28 19:43:51] [4779/4876] 处理 300570 太辰光...
[2026-06-28 19:43:52] [4780/4876] 处理 688077 大地熊...
[2026-06-28 19:43:52] [4781/4876] 处理 002929 润建股份...
[2026-06-28 19:43:53] [4782/4876] 处理 002418 康盛股份...
[2026-06-28 19:43:53] [4783/4876] 处理 002709 天赐材料...
[2026-06-28 19:43:54] [4784/4876] 处理 601872 招商轮船...
[2026-06-28 19:43:54] [4785/4876] 处理 300632 光莆股份...
[2026-06-28 19:43:55] [4786/4876] 处理 301563 云汉芯城...
[2026-06-28 19:43:55] [4787/4876] 处理 688677 海泰新光...
[2026-06-28 19:43:56] [4788/4876] 处理 301391 卡莱特...
[2026-06-28 19:43:56] [4789/4876] 处理 002171 楚江新材...
[2026-06-28 19:43:57] [4790/4876] 处理 002672 东江环保...
[2026-06-28 19:43:57] [4791/4876] 处理 001896 豫能控股...
[2026-06-28 19:43:57] [4792/4876] 处理 688820 盛合晶微...
[2026-06-28 19:43:58] [4793/4876] 处理 600162 香江控股...
[2026-06-28 19:43:58] [4794/4876] 处理 603011 合锻智能...
[2026-06-28 19:43:59] [4795/4876] 处理 000938 紫光股份...
[2026-06-28 19:43:59] [4796/4876] 处理 688759 必贝特-U...
[2026-06-28 19:44:00] [4797/4876] 处理 001330 博纳影业...
[2026-06-28 19:44:00] [4798/4876] 处理 688335 复洁科技...
[2026-06-28 19:44:01] [4799/4876] 处理 300279 和晶科技...
[2026-06-28 19:44:01]   → 60日跌幅 -37.96%，符合条件！
[2026-06-28 19:44:01] [4800/4876] 处理 600366 宁波韵升...
[2026-06-28 19:44:02] [4801/4876] 处理 000062 深圳华强...
[2026-06-28 19:44:02] [4802/4876] 处理 301666 大普微-UW...
[2026-06-28 19:44:03] [4803/4876] 处理 600708 光明地产...
[2026-06-28 19:44:03] [4804/4876] 处理 002263 大东南...
[2026-06-28 19:44:03] [4805/4876] 处理 600487 亨通光电...
[2026-06-28 19:44:04] [4806/4876] 处理 920367 新赣江...
[2026-06-28 19:44:04] [4807/4876] 处理 600105 永鼎股份...
[2026-06-28 19:44:05] [4808/4876] 处理 000859 国风新材...
[2026-06-28 19:44:05] [4809/4876] 处理 002083 孚日股份...
[2026-06-28 19:44:06] [4810/4876] 处理 603327 福蓉科技...
[2026-06-28 19:44:06] [4811/4876] 处理 600724 宁波富达...
[2026-06-28 19:44:07] [4812/4876] 处理 603399 永杉锂业...
[2026-06-28 19:44:07] [4813/4876] 处理 002903 宇环数控...
[2026-06-28 19:44:08] [4814/4876] 处理 000967 盈峰环境...
[2026-06-28 19:44:08] [4815/4876] 处理 600152 维科技术...
[2026-06-28 19:44:09] [4816/4876] 处理 603296 华勤技术...
[2026-06-28 19:44:09] [4817/4876] 处理 600345 长江通信...
[2026-06-28 19:44:10] [4818/4876] 处理 600522 中天科技...
[2026-06-28 19:44:10] [4819/4876] 处理 000766 通化金马...
[2026-06-28 19:44:11] [4820/4876] 处理 601799 星宇股份...
[2026-06-28 19:44:11] [4821/4876] 处理 920509 同惠电子...
[2026-06-28 19:44:11] [4822/4876] 处理 002497 雅化集团...
[2026-06-28 19:44:12] [4823/4876] 处理 002192 融捷股份...
[2026-06-28 19:44:12] [4824/4876] 处理 603031 安孚科技...
[2026-06-28 19:44:13] [4825/4876] 处理 603201 常润股份...
[2026-06-28 19:44:13] [4826/4876] 处理 603629 利通电子...
[2026-06-28 19:44:14] [4827/4876] 处理 603115 海星股份...
[2026-06-28 19:44:14] [4828/4876] 处理 600498 烽火通信...
[2026-06-28 19:44:14] [4829/4876] 处理 001267 汇绿生态...
[2026-06-28 19:44:15] [4830/4876] 处理 002580 圣阳股份...
[2026-06-28 19:44:15] [4831/4876] 处理 600776 东方通信...
[2026-06-28 19:44:16] [4832/4876] 处理 000070 特发信息...
[2026-06-28 19:44:16] [4833/4876] 处理 603159 上海亚虹...
[2026-06-28 19:44:16] [4834/4876] 处理 000566 海南海药...
[2026-06-28 19:44:17] [4835/4876] 处理 603316 诚邦股份...
[2026-06-28 19:44:17] [4836/4876] 处理 600851 海欣股份...
[2026-06-28 19:44:18] [4837/4876] 处理 002194 武汉凡谷...
[2026-06-28 19:44:18] [4838/4876] 处理 002307 北新路桥...
[2026-06-28 19:44:18]   → 60日跌幅 -31.44%，符合条件！
[2026-06-28 19:44:18] [4839/4876] 处理 688639 华恒生物...
[2026-06-28 19:44:19]   → 60日跌幅 -47.04%，符合条件！
[2026-06-28 19:44:19] [4840/4876] 处理 301373 凌玮科技...
[2026-06-28 19:44:19] [4841/4876] 处理 300199 翰宇药业...
[2026-06-28 19:44:20] [4842/4876] 处理 688313 仕佳光子...
[2026-06-28 19:44:20] [4843/4876] 处理 300432 富临精工...
[2026-06-28 19:44:20] [4844/4876] 处理 688807 优迅股份...
[2026-06-28 19:44:21] [4845/4876] 处理 301531 春光集团...
[2026-06-28 19:44:21] [4846/4876] 处理 300769 德方纳米...
[2026-06-28 19:44:22] [4847/4876] 处理 688048 长光华芯...
[2026-06-28 19:44:22] [4848/4876] 处理 301599 理奇智能...
[2026-06-28 19:44:23] [4849/4876] 处理 688143 长盈通...
[2026-06-28 19:44:23] [4850/4876] 处理 920045 蘅东光...
[2026-06-28 19:44:24] [4851/4876] 处理 688190 云路股份...
[2026-06-28 19:44:24] [4852/4876] 处理 301248 杰创智能...
[2026-06-28 19:44:25] [4853/4876] 处理 301211 亨迪药业...
[2026-06-28 19:44:25] [4854/4876] 处理 688635 长进光子...
[2026-06-28 19:44:26] [4855/4876] 处理 688433 华曙高科...
[2026-06-28 19:44:26] [4856/4876] 处理 688005 容百科技...
[2026-06-28 19:44:27] [4857/4876] 处理 300854 中兰环保...
[2026-06-28 19:44:27] [4858/4876] 处理 920273 一致魔芋...
[2026-06-28 19:44:27] [4859/4876] 处理 301590 优优绿能...
[2026-06-28 19:44:28] [4860/4876] 处理 920199 倍益康...
[2026-06-28 19:44:28]   → 60日跌幅 -38.00%，符合条件！
[2026-06-28 19:44:28] [4861/4876] 处理 301120 新特电气...
[2026-06-28 19:44:29] [4862/4876] 处理 301292 海科新源...
[2026-06-28 19:44:29] [4863/4876] 处理 301499 维科精密...
[2026-06-28 19:44:30] [4864/4876] 处理 920725 惠丰钻石...
[2026-06-28 19:44:30] [4865/4876] 处理 688136 科兴制药...
[2026-06-28 19:44:30]   → 60日跌幅 -38.34%，符合条件！
[2026-06-28 19:44:31] [4866/4876] 处理 920220 朗信电气...
[2026-06-28 19:44:31] [4867/4876] 处理 688026 洁特生物...
[2026-06-28 19:44:32] [4868/4876] 处理 301565 中仑新材...
[2026-06-28 19:44:32] [4869/4876] 处理 300911 亿田智能...
[2026-06-28 19:44:33] [4870/4876] 处理 301448 开创电气...
[2026-06-28 19:44:33] [4871/4876] 处理 301111 粤万年青...
[2026-06-28 19:44:34] [4872/4876] 处理 301013 利和兴...
[2026-06-28 19:44:34] [4873/4876] 处理 301387 光大同创...
[2026-06-28 19:44:34] [4874/4876] 处理 688808 联讯仪器...
[2026-06-28 19:44:35] [4875/4876] 处理 300195 长荣股份...
[2026-06-28 19:44:35] [4876/4876] 处理 300936 中英科技...
[2026-06-28 19:44:36] 符合60日跌幅>30%的股票: 581 只
[2026-06-28 19:44:36] 最终筛选结果: 20 只
[2026-06-28 19:44:36] HTML文件已生成: /home/qgg/site/stock/2026-06-28.html
